file_id,dataset_id,mip_era,activity_drs,institution_id,source_id,experiment_id,member_id,table_id,frequency,grid_label,version,nominal_resolution,variable_id,variable_long_name,variable_units,datetime_start,datetime_end,file_size,data_node,file_url,dataset_pid,tracking_id,count,decade_0_start,decade_0_end,decade_N_end,decade_N_start,keep,decade,base_file_name,out_file_name,out_full_folder,out_path
CMIP6.CMIP.CSIRO.ACCESS-ESM1-5.historical.r1i1p1f1.Omon.intpp.gn.v20191115.intpp_Omon_ACCESS-ESM1-5_historical_r1i1p1f1_gn_185001-201412.nc|esgf.nci.org.au,CMIP6.CMIP.CSIRO.ACCESS-ESM1-5.historical.r1i1p1f1.Omon.intpp.gn.v20191115|esgf.nci.org.au,CMIP6,CMIP,CSIRO,ACCESS-ESM1-5,historical,r1i1p1f1,Omon,mon,gn,20191115,250 km,intpp,Primary Organic Carbon Production by All Types of Phytoplankton,mol m-2 s-1,1850-01-01T00:00:00Z,2014-12-01T00:00:00Z,500537777,esgf.nci.org.au,http://esgf.nci.org.au/thredds/fileServer/master/CMIP6/CMIP/CSIRO/ACCESS-ESM1-5/historical/r1i1p1f1/Omon/intpp/gn/v20191115/intpp_Omon_ACCESS-ESM1-5_historical_r1i1p1f1_gn_185001-201412.nc,hdl:21.14100/311d0772-ce1e-3440-8745-85eb365c65e0,hdl:21.14100/44046366-ac50-4be5-bf42-e1be7c65e37e,1,1850,1859,2014,2005,TRUE,both,CMIP6.CMIP.CSIRO.ACCESS-ESM1-5.historical.r1i1p1f1.Omon.intpp.gn.v20191115,CMIP6.CMIP.CSIRO.ACCESS-ESM1-5.historical.r1i1p1f1.Omon.intpp.gn.v20191115.1850-1859_2005-2014.nc,/perm_storage/home/data/CMIP6_data/ACCESS-ESM1-5/historical,/perm_storage/home/data/CMIP6_data/ACCESS-ESM1-5/historical/CMIP6.CMIP.CSIRO.ACCESS-ESM1-5.historical.r1i1p1f1.Omon.intpp.gn.v20191115.1850-1859_2005-2014.nc
CMIP6.CMIP.CSIRO.ACCESS-ESM1-5.historical.r1i1p1f1.Omon.tos.gn.v20191115.tos_Omon_ACCESS-ESM1-5_historical_r1i1p1f1_gn_185001-201412.nc|esgf.nci.org.au,CMIP6.CMIP.CSIRO.ACCESS-ESM1-5.historical.r1i1p1f1.Omon.tos.gn.v20191115|esgf.nci.org.au,CMIP6,CMIP,CSIRO,ACCESS-ESM1-5,historical,r1i1p1f1,Omon,mon,gn,20191115,250 km,tos,Sea Surface Temperature,degC,1850-01-01T00:00:00Z,2014-12-01T00:00:00Z,490332982,esgf.nci.org.au,http://esgf.nci.org.au/thredds/fileServer/master/CMIP6/CMIP/CSIRO/ACCESS-ESM1-5/historical/r1i1p1f1/Omon/tos/gn/v20191115/tos_Omon_ACCESS-ESM1-5_historical_r1i1p1f1_gn_185001-201412.nc,hdl:21.14100/f485bfb8-0aa6-3ba1-a413-9ffa4a2e9ef2,hdl:21.14100/02850fcc-be64-40de-b7ca-9b8aa6e688a0,1,1850,1859,2014,2005,TRUE,both,CMIP6.CMIP.CSIRO.ACCESS-ESM1-5.historical.r1i1p1f1.Omon.tos.gn.v20191115,CMIP6.CMIP.CSIRO.ACCESS-ESM1-5.historical.r1i1p1f1.Omon.tos.gn.v20191115.1850-1859_2005-2014.nc,/perm_storage/home/data/CMIP6_data/ACCESS-ESM1-5/historical,/perm_storage/home/data/CMIP6_data/ACCESS-ESM1-5/historical/CMIP6.CMIP.CSIRO.ACCESS-ESM1-5.historical.r1i1p1f1.Omon.tos.gn.v20191115.1850-1859_2005-2014.nc
CMIP6.ScenarioMIP.CSIRO.ACCESS-ESM1-5.ssp245.r1i1p1f1.Omon.intpp.gn.v20191115.intpp_Omon_ACCESS-ESM1-5_ssp245_r1i1p1f1_gn_201501-210012.nc|esgf.nci.org.au,CMIP6.ScenarioMIP.CSIRO.ACCESS-ESM1-5.ssp245.r1i1p1f1.Omon.intpp.gn.v20191115|esgf.nci.org.au,CMIP6,ScenarioMIP,CSIRO,ACCESS-ESM1-5,ssp245,r1i1p1f1,Omon,mon,gn,20191115,250 km,intpp,Primary Organic Carbon Production by All Types of Phytoplankton,mol m-2 s-1,2015-01-01T00:00:00Z,2100-12-01T00:00:00Z,261237227,esgf.nci.org.au,http://esgf.nci.org.au/thredds/fileServer/master/CMIP6/ScenarioMIP/CSIRO/ACCESS-ESM1-5/ssp245/r1i1p1f1/Omon/intpp/gn/v20191115/intpp_Omon_ACCESS-ESM1-5_ssp245_r1i1p1f1_gn_201501-210012.nc,hdl:21.14100/1997ec1e-1ffb-3133-a4f5-efd9d1f53ab9,hdl:21.14100/5ab2f881-d384-4b73-b358-25c33a1d8eb7,1,2015,2024,2100,2091,TRUE,both,CMIP6.ScenarioMIP.CSIRO.ACCESS-ESM1-5.ssp245.r1i1p1f1.Omon.intpp.gn.v20191115,CMIP6.ScenarioMIP.CSIRO.ACCESS-ESM1-5.ssp245.r1i1p1f1.Omon.intpp.gn.v20191115.2015-2024_2091-2100.nc,/perm_storage/home/data/CMIP6_data/ACCESS-ESM1-5/ssp245,/perm_storage/home/data/CMIP6_data/ACCESS-ESM1-5/ssp245/CMIP6.ScenarioMIP.CSIRO.ACCESS-ESM1-5.ssp245.r1i1p1f1.Omon.intpp.gn.v20191115.2015-2024_2091-2100.nc
CMIP6.ScenarioMIP.CSIRO.ACCESS-ESM1-5.ssp245.r1i1p1f1.Omon.tos.gn.v20191115.tos_Omon_ACCESS-ESM1-5_ssp245_r1i1p1f1_gn_201501-210012.nc|esgf.nci.org.au,CMIP6.ScenarioMIP.CSIRO.ACCESS-ESM1-5.ssp245.r1i1p1f1.Omon.tos.gn.v20191115|esgf.nci.org.au,CMIP6,ScenarioMIP,CSIRO,ACCESS-ESM1-5,ssp245,r1i1p1f1,Omon,mon,gn,20191115,250 km,tos,Sea Surface Temperature,degC,2015-01-01T00:00:00Z,2100-12-01T00:00:00Z,256505287,esgf.nci.org.au,http://esgf.nci.org.au/thredds/fileServer/master/CMIP6/ScenarioMIP/CSIRO/ACCESS-ESM1-5/ssp245/r1i1p1f1/Omon/tos/gn/v20191115/tos_Omon_ACCESS-ESM1-5_ssp245_r1i1p1f1_gn_201501-210012.nc,hdl:21.14100/feb45e04-2915-3fdd-b2dd-abffa42c5d9b,hdl:21.14100/ea8ff790-77c2-4a4c-bc3f-3f2048c626ba,1,2015,2024,2100,2091,TRUE,both,CMIP6.ScenarioMIP.CSIRO.ACCESS-ESM1-5.ssp245.r1i1p1f1.Omon.tos.gn.v20191115,CMIP6.ScenarioMIP.CSIRO.ACCESS-ESM1-5.ssp245.r1i1p1f1.Omon.tos.gn.v20191115.2015-2024_2091-2100.nc,/perm_storage/home/data/CMIP6_data/ACCESS-ESM1-5/ssp245,/perm_storage/home/data/CMIP6_data/ACCESS-ESM1-5/ssp245/CMIP6.ScenarioMIP.CSIRO.ACCESS-ESM1-5.ssp245.r1i1p1f1.Omon.tos.gn.v20191115.2015-2024_2091-2100.nc
CMIP6.ScenarioMIP.CSIRO.ACCESS-ESM1-5.ssp245.r1i1p1f1.SImon.siconc.gn.v20200817.siconc_SImon_ACCESS-ESM1-5_ssp245_r1i1p1f1_gn_201501-210012.nc_0|esgf.nci.org.au,CMIP6.ScenarioMIP.CSIRO.ACCESS-ESM1-5.ssp245.r1i1p1f1.SImon.siconc.gn.v20200817|esgf.nci.org.au,CMIP6,ScenarioMIP,CSIRO,ACCESS-ESM1-5,ssp245,r1i1p1f1,SImon,mon,gn,20200817,250 km,siconc,Sea-Ice Area Percentage (Ocean Grid),%,2015-01-01T00:00:00Z,2100-12-01T00:00:00Z,82121102,esgf.nci.org.au,http://esgf.nci.org.au/thredds/fileServer/master/CMIP6/ScenarioMIP/CSIRO/ACCESS-ESM1-5/ssp245/r1i1p1f1/SImon/siconc/gn/v20200817/siconc_SImon_ACCESS-ESM1-5_ssp245_r1i1p1f1_gn_201501-210012.nc,hdl:21.14100/21ecb154-2707-3afc-875f-8c1517d3fc85,hdl:21.14100/26c69272-0a1c-4d0d-8bb9-0f767c064404,1,2015,2024,2100,2091,TRUE,both,CMIP6.ScenarioMIP.CSIRO.ACCESS-ESM1-5.ssp245.r1i1p1f1.SImon.siconc.gn.v20200817,CMIP6.ScenarioMIP.CSIRO.ACCESS-ESM1-5.ssp245.r1i1p1f1.SImon.siconc.gn.v20200817.2015-2024_2091-2100.nc,/perm_storage/home/data/CMIP6_data/ACCESS-ESM1-5/ssp245,/perm_storage/home/data/CMIP6_data/ACCESS-ESM1-5/ssp245/CMIP6.ScenarioMIP.CSIRO.ACCESS-ESM1-5.ssp245.r1i1p1f1.SImon.siconc.gn.v20200817.2015-2024_2091-2100.nc
CMIP6.CMIP.CSIRO.ACCESS-ESM1-5.historical.r1i1p1f1.SImon.siconc.gn.v20200817.siconc_SImon_ACCESS-ESM1-5_historical_r1i1p1f1_gn_185001-201412.nc_0|esgf.nci.org.au,CMIP6.CMIP.CSIRO.ACCESS-ESM1-5.historical.r1i1p1f1.SImon.siconc.gn.v20200817|esgf.nci.org.au,CMIP6,CMIP,CSIRO,ACCESS-ESM1-5,historical,r1i1p1f1,SImon,mon,gn,20200817,250 km,siconc,Sea-Ice Area Percentage (Ocean Grid),%,1850-01-01T00:00:00Z,2014-12-01T00:00:00Z,166027439,esgf.nci.org.au,http://esgf.nci.org.au/thredds/fileServer/master/CMIP6/CMIP/CSIRO/ACCESS-ESM1-5/historical/r1i1p1f1/SImon/siconc/gn/v20200817/siconc_SImon_ACCESS-ESM1-5_historical_r1i1p1f1_gn_185001-201412.nc,hdl:21.14100/9a49b498-6997-3ad0-8f8c-8ca9c33c1a18,hdl:21.14100/931b0664-d90c-46d5-b9fb-f7f17b8cefd5,1,1850,1859,2014,2005,TRUE,both,CMIP6.CMIP.CSIRO.ACCESS-ESM1-5.historical.r1i1p1f1.SImon.siconc.gn.v20200817,CMIP6.CMIP.CSIRO.ACCESS-ESM1-5.historical.r1i1p1f1.SImon.siconc.gn.v20200817.1850-1859_2005-2014.nc,/perm_storage/home/data/CMIP6_data/ACCESS-ESM1-5/historical,/perm_storage/home/data/CMIP6_data/ACCESS-ESM1-5/historical/CMIP6.CMIP.CSIRO.ACCESS-ESM1-5.historical.r1i1p1f1.SImon.siconc.gn.v20200817.1850-1859_2005-2014.nc
CMIP6.ScenarioMIP.CSIRO.ACCESS-ESM1-5.ssp585.r1i1p1f1.Omon.tos.gn.v20210318.tos_Omon_ACCESS-ESM1-5_ssp585_r1i1p1f1_gn_201501-210012.nc_0|esgf.nci.org.au,CMIP6.ScenarioMIP.CSIRO.ACCESS-ESM1-5.ssp585.r1i1p1f1.Omon.tos.gn.v20210318|esgf.nci.org.au,CMIP6,ScenarioMIP,CSIRO,ACCESS-ESM1-5,ssp585,r1i1p1f1,Omon,mon,gn,20210318,250 km,tos,Sea Surface Temperature,degC,2015-01-01T00:00:00Z,2100-12-01T00:00:00Z,256432477,esgf.nci.org.au,http://esgf.nci.org.au/thredds/fileServer/master/CMIP6/ScenarioMIP/CSIRO/ACCESS-ESM1-5/ssp585/r1i1p1f1/Omon/tos/gn/v20210318/tos_Omon_ACCESS-ESM1-5_ssp585_r1i1p1f1_gn_201501-210012.nc,hdl:21.14100/c1440219-32ed-351a-b449-c024d9e17596,hdl:21.14100/39125f03-b0c7-4cb1-95fd-72e6b2114417,1,2015,2024,2100,2091,TRUE,both,CMIP6.ScenarioMIP.CSIRO.ACCESS-ESM1-5.ssp585.r1i1p1f1.Omon.tos.gn.v20210318,CMIP6.ScenarioMIP.CSIRO.ACCESS-ESM1-5.ssp585.r1i1p1f1.Omon.tos.gn.v20210318.2015-2024_2091-2100.nc,/perm_storage/home/data/CMIP6_data/ACCESS-ESM1-5/ssp585,/perm_storage/home/data/CMIP6_data/ACCESS-ESM1-5/ssp585/CMIP6.ScenarioMIP.CSIRO.ACCESS-ESM1-5.ssp585.r1i1p1f1.Omon.tos.gn.v20210318.2015-2024_2091-2100.nc
CMIP6.ScenarioMIP.CSIRO.ACCESS-ESM1-5.ssp585.r1i1p1f1.Omon.intpp.gn.v20210318.intpp_Omon_ACCESS-ESM1-5_ssp585_r1i1p1f1_gn_201501-210012.nc_0|esgf.nci.org.au,CMIP6.ScenarioMIP.CSIRO.ACCESS-ESM1-5.ssp585.r1i1p1f1.Omon.intpp.gn.v20210318|esgf.nci.org.au,CMIP6,ScenarioMIP,CSIRO,ACCESS-ESM1-5,ssp585,r1i1p1f1,Omon,mon,gn,20210318,250 km,intpp,Primary Organic Carbon Production by All Types of Phytoplankton,mol m-2 s-1,2015-01-01T00:00:00Z,2100-12-01T00:00:00Z,261199002,esgf.nci.org.au,http://esgf.nci.org.au/thredds/fileServer/master/CMIP6/ScenarioMIP/CSIRO/ACCESS-ESM1-5/ssp585/r1i1p1f1/Omon/intpp/gn/v20210318/intpp_Omon_ACCESS-ESM1-5_ssp585_r1i1p1f1_gn_201501-210012.nc,hdl:21.14100/84531ec4-cdbc-31f5-82ec-cfe9a7209a38,hdl:21.14100/8903e171-e202-4a0e-9a6f-9564c39b82a6,1,2015,2024,2100,2091,TRUE,both,CMIP6.ScenarioMIP.CSIRO.ACCESS-ESM1-5.ssp585.r1i1p1f1.Omon.intpp.gn.v20210318,CMIP6.ScenarioMIP.CSIRO.ACCESS-ESM1-5.ssp585.r1i1p1f1.Omon.intpp.gn.v20210318.2015-2024_2091-2100.nc,/perm_storage/home/data/CMIP6_data/ACCESS-ESM1-5/ssp585,/perm_storage/home/data/CMIP6_data/ACCESS-ESM1-5/ssp585/CMIP6.ScenarioMIP.CSIRO.ACCESS-ESM1-5.ssp585.r1i1p1f1.Omon.intpp.gn.v20210318.2015-2024_2091-2100.nc
CMIP6.ScenarioMIP.CSIRO.ACCESS-ESM1-5.ssp585.r1i1p1f1.SImon.siconc.gn.v20210318.siconc_SImon_ACCESS-ESM1-5_ssp585_r1i1p1f1_gn_201501-210012.nc_1|esgf.nci.org.au,CMIP6.ScenarioMIP.CSIRO.ACCESS-ESM1-5.ssp585.r1i1p1f1.SImon.siconc.gn.v20210318|esgf.nci.org.au,CMIP6,ScenarioMIP,CSIRO,ACCESS-ESM1-5,ssp585,r1i1p1f1,SImon,mon,gn,20210318,250 km,siconc,Sea-Ice Area Percentage (Ocean Grid),%,2015-01-01T00:00:00Z,2100-12-01T00:00:00Z,79338189,esgf.nci.org.au,http://esgf.nci.org.au/thredds/fileServer/master/CMIP6/ScenarioMIP/CSIRO/ACCESS-ESM1-5/ssp585/r1i1p1f1/SImon/siconc/gn/v20210318/siconc_SImon_ACCESS-ESM1-5_ssp585_r1i1p1f1_gn_201501-210012.nc,hdl:21.14100/16d2d8f3-001d-34e5-8e1f-9fb6b1d7ebb3,hdl:21.14100/41a18599-3d5b-4d43-92b3-ce1c28b2da2a,1,2015,2024,2100,2091,TRUE,both,CMIP6.ScenarioMIP.CSIRO.ACCESS-ESM1-5.ssp585.r1i1p1f1.SImon.siconc.gn.v20210318,CMIP6.ScenarioMIP.CSIRO.ACCESS-ESM1-5.ssp585.r1i1p1f1.SImon.siconc.gn.v20210318.2015-2024_2091-2100.nc,/perm_storage/home/data/CMIP6_data/ACCESS-ESM1-5/ssp585,/perm_storage/home/data/CMIP6_data/ACCESS-ESM1-5/ssp585/CMIP6.ScenarioMIP.CSIRO.ACCESS-ESM1-5.ssp585.r1i1p1f1.SImon.siconc.gn.v20210318.2015-2024_2091-2100.nc
CMIP6.ScenarioMIP.DKRZ.MPI-ESM1-2-HR.ssp245.r1i1p1f1.Omon.tos.gn.v20190710.tos_Omon_MPI-ESM1-2-HR_ssp245_r1i1p1f1_gn_201501-201912.nc|esgf3.dkrz.de,CMIP6.ScenarioMIP.DKRZ.MPI-ESM1-2-HR.ssp245.r1i1p1f1.Omon.tos.gn.v20190710|esgf3.dkrz.de,CMIP6,ScenarioMIP,DKRZ,MPI-ESM1-2-HR,ssp245,r1i1p1f1,Omon,mon,gn,20190710,50 km,tos,Sea Surface Temperature,degC,2015-01-01T00:00:00Z,2019-12-01T00:00:00Z,45099581,esgf3.dkrz.de,http://esgf3.dkrz.de/thredds/fileServer/cmip6/ScenarioMIP/DKRZ/MPI-ESM1-2-HR/ssp245/r1i1p1f1/Omon/tos/gn/v20190710/tos_Omon_MPI-ESM1-2-HR_ssp245_r1i1p1f1_gn_201501-201912.nc,hdl:21.14100/7d634b53-b61e-3e69-875b-7472bc53111e,hdl:21.14100/17dfa906-8395-4498-a7f1-000a65909294,18,2015,2024,2100,2091,TRUE,dec0,CMIP6.ScenarioMIP.DKRZ.MPI-ESM1-2-HR.ssp245.r1i1p1f1.Omon.tos.gn.v20190710,CMIP6.ScenarioMIP.DKRZ.MPI-ESM1-2-HR.ssp245.r1i1p1f1.Omon.tos.gn.v20190710.2015-2024.nc,/perm_storage/home/data/CMIP6_data/MPI-ESM1-2-HR/ssp245,/perm_storage/home/data/CMIP6_data/MPI-ESM1-2-HR/ssp245/CMIP6.ScenarioMIP.DKRZ.MPI-ESM1-2-HR.ssp245.r1i1p1f1.Omon.tos.gn.v20190710.2015-2024.nc
CMIP6.ScenarioMIP.DKRZ.MPI-ESM1-2-HR.ssp245.r1i1p1f1.Omon.tos.gn.v20190710.tos_Omon_MPI-ESM1-2-HR_ssp245_r1i1p1f1_gn_202001-202412.nc|esgf3.dkrz.de,CMIP6.ScenarioMIP.DKRZ.MPI-ESM1-2-HR.ssp245.r1i1p1f1.Omon.tos.gn.v20190710|esgf3.dkrz.de,CMIP6,ScenarioMIP,DKRZ,MPI-ESM1-2-HR,ssp245,r1i1p1f1,Omon,mon,gn,20190710,50 km,tos,Sea Surface Temperature,degC,2020-01-01T00:00:00Z,2024-12-01T00:00:00Z,45079117,esgf3.dkrz.de,http://esgf3.dkrz.de/thredds/fileServer/cmip6/ScenarioMIP/DKRZ/MPI-ESM1-2-HR/ssp245/r1i1p1f1/Omon/tos/gn/v20190710/tos_Omon_MPI-ESM1-2-HR_ssp245_r1i1p1f1_gn_202001-202412.nc,hdl:21.14100/7d634b53-b61e-3e69-875b-7472bc53111e,hdl:21.14100/2fbdaffa-edc8-4ebf-8672-4ec689e221d9,18,2015,2024,2100,2091,TRUE,dec0,CMIP6.ScenarioMIP.DKRZ.MPI-ESM1-2-HR.ssp245.r1i1p1f1.Omon.tos.gn.v20190710,CMIP6.ScenarioMIP.DKRZ.MPI-ESM1-2-HR.ssp245.r1i1p1f1.Omon.tos.gn.v20190710.2015-2024.nc,/perm_storage/home/data/CMIP6_data/MPI-ESM1-2-HR/ssp245,/perm_storage/home/data/CMIP6_data/MPI-ESM1-2-HR/ssp245/CMIP6.ScenarioMIP.DKRZ.MPI-ESM1-2-HR.ssp245.r1i1p1f1.Omon.tos.gn.v20190710.2015-2024.nc
CMIP6.ScenarioMIP.DKRZ.MPI-ESM1-2-HR.ssp245.r1i1p1f1.Omon.tos.gn.v20190710.tos_Omon_MPI-ESM1-2-HR_ssp245_r1i1p1f1_gn_209001-209412.nc|esgf3.dkrz.de,CMIP6.ScenarioMIP.DKRZ.MPI-ESM1-2-HR.ssp245.r1i1p1f1.Omon.tos.gn.v20190710|esgf3.dkrz.de,CMIP6,ScenarioMIP,DKRZ,MPI-ESM1-2-HR,ssp245,r1i1p1f1,Omon,mon,gn,20190710,50 km,tos,Sea Surface Temperature,degC,2090-01-01T00:00:00Z,2094-12-01T00:00:00Z,45195647,esgf3.dkrz.de,http://esgf3.dkrz.de/thredds/fileServer/cmip6/ScenarioMIP/DKRZ/MPI-ESM1-2-HR/ssp245/r1i1p1f1/Omon/tos/gn/v20190710/tos_Omon_MPI-ESM1-2-HR_ssp245_r1i1p1f1_gn_209001-209412.nc,hdl:21.14100/7d634b53-b61e-3e69-875b-7472bc53111e,hdl:21.14100/0643ca25-efee-4e67-a412-ac642fd1f0ec,18,2015,2024,2100,2091,TRUE,decN,CMIP6.ScenarioMIP.DKRZ.MPI-ESM1-2-HR.ssp245.r1i1p1f1.Omon.tos.gn.v20190710,CMIP6.ScenarioMIP.DKRZ.MPI-ESM1-2-HR.ssp245.r1i1p1f1.Omon.tos.gn.v20190710.2091-2100.nc,/perm_storage/home/data/CMIP6_data/MPI-ESM1-2-HR/ssp245,/perm_storage/home/data/CMIP6_data/MPI-ESM1-2-HR/ssp245/CMIP6.ScenarioMIP.DKRZ.MPI-ESM1-2-HR.ssp245.r1i1p1f1.Omon.tos.gn.v20190710.2091-2100.nc
CMIP6.ScenarioMIP.DKRZ.MPI-ESM1-2-HR.ssp245.r1i1p1f1.Omon.tos.gn.v20190710.tos_Omon_MPI-ESM1-2-HR_ssp245_r1i1p1f1_gn_209501-209912.nc|esgf3.dkrz.de,CMIP6.ScenarioMIP.DKRZ.MPI-ESM1-2-HR.ssp245.r1i1p1f1.Omon.tos.gn.v20190710|esgf3.dkrz.de,CMIP6,ScenarioMIP,DKRZ,MPI-ESM1-2-HR,ssp245,r1i1p1f1,Omon,mon,gn,20190710,50 km,tos,Sea Surface Temperature,degC,2095-01-01T00:00:00Z,2099-12-01T00:00:00Z,45167693,esgf3.dkrz.de,http://esgf3.dkrz.de/thredds/fileServer/cmip6/ScenarioMIP/DKRZ/MPI-ESM1-2-HR/ssp245/r1i1p1f1/Omon/tos/gn/v20190710/tos_Omon_MPI-ESM1-2-HR_ssp245_r1i1p1f1_gn_209501-209912.nc,hdl:21.14100/7d634b53-b61e-3e69-875b-7472bc53111e,hdl:21.14100/655bb30b-4832-4282-b9fd-a9780f7570ad,18,2015,2024,2100,2091,TRUE,decN,CMIP6.ScenarioMIP.DKRZ.MPI-ESM1-2-HR.ssp245.r1i1p1f1.Omon.tos.gn.v20190710,CMIP6.ScenarioMIP.DKRZ.MPI-ESM1-2-HR.ssp245.r1i1p1f1.Omon.tos.gn.v20190710.2091-2100.nc,/perm_storage/home/data/CMIP6_data/MPI-ESM1-2-HR/ssp245,/perm_storage/home/data/CMIP6_data/MPI-ESM1-2-HR/ssp245/CMIP6.ScenarioMIP.DKRZ.MPI-ESM1-2-HR.ssp245.r1i1p1f1.Omon.tos.gn.v20190710.2091-2100.nc
CMIP6.ScenarioMIP.DKRZ.MPI-ESM1-2-HR.ssp245.r1i1p1f1.Omon.tos.gn.v20190710.tos_Omon_MPI-ESM1-2-HR_ssp245_r1i1p1f1_gn_210001-210012.nc|esgf3.dkrz.de,CMIP6.ScenarioMIP.DKRZ.MPI-ESM1-2-HR.ssp245.r1i1p1f1.Omon.tos.gn.v20190710|esgf3.dkrz.de,CMIP6,ScenarioMIP,DKRZ,MPI-ESM1-2-HR,ssp245,r1i1p1f1,Omon,mon,gn,20190710,50 km,tos,Sea Surface Temperature,degC,2100-01-01T00:00:00Z,2100-12-01T00:00:00Z,17002121,esgf3.dkrz.de,http://esgf3.dkrz.de/thredds/fileServer/cmip6/ScenarioMIP/DKRZ/MPI-ESM1-2-HR/ssp245/r1i1p1f1/Omon/tos/gn/v20190710/tos_Omon_MPI-ESM1-2-HR_ssp245_r1i1p1f1_gn_210001-210012.nc,hdl:21.14100/7d634b53-b61e-3e69-875b-7472bc53111e,hdl:21.14100/221e66ba-f180-483d-a9fe-29d2d2b5a17e,18,2015,2024,2100,2091,TRUE,decN,CMIP6.ScenarioMIP.DKRZ.MPI-ESM1-2-HR.ssp245.r1i1p1f1.Omon.tos.gn.v20190710,CMIP6.ScenarioMIP.DKRZ.MPI-ESM1-2-HR.ssp245.r1i1p1f1.Omon.tos.gn.v20190710.2091-2100.nc,/perm_storage/home/data/CMIP6_data/MPI-ESM1-2-HR/ssp245,/perm_storage/home/data/CMIP6_data/MPI-ESM1-2-HR/ssp245/CMIP6.ScenarioMIP.DKRZ.MPI-ESM1-2-HR.ssp245.r1i1p1f1.Omon.tos.gn.v20190710.2091-2100.nc
CMIP6.ScenarioMIP.DKRZ.MPI-ESM1-2-HR.ssp585.r1i1p1f1.Omon.intpp.gn.v20190710.intpp_Omon_MPI-ESM1-2-HR_ssp585_r1i1p1f1_gn_201501-201912.nc|esgf3.dkrz.de,CMIP6.ScenarioMIP.DKRZ.MPI-ESM1-2-HR.ssp585.r1i1p1f1.Omon.intpp.gn.v20190710|esgf3.dkrz.de,CMIP6,ScenarioMIP,DKRZ,MPI-ESM1-2-HR,ssp585,r1i1p1f1,Omon,mon,gn,20190710,50 km,intpp,Primary Organic Carbon Production by All Types of Phytoplankton,mol m-2 s-1,2015-01-01T00:00:00Z,2019-12-01T00:00:00Z,49404083,esgf3.dkrz.de,http://esgf3.dkrz.de/thredds/fileServer/cmip6/ScenarioMIP/DKRZ/MPI-ESM1-2-HR/ssp585/r1i1p1f1/Omon/intpp/gn/v20190710/intpp_Omon_MPI-ESM1-2-HR_ssp585_r1i1p1f1_gn_201501-201912.nc,hdl:21.14100/017d3cef-16c9-3171-9e2d-da64640478aa,hdl:21.14100/a6979d3e-da2c-4401-858f-8971bf7a5672,18,2015,2024,2100,2091,TRUE,dec0,CMIP6.ScenarioMIP.DKRZ.MPI-ESM1-2-HR.ssp585.r1i1p1f1.Omon.intpp.gn.v20190710,CMIP6.ScenarioMIP.DKRZ.MPI-ESM1-2-HR.ssp585.r1i1p1f1.Omon.intpp.gn.v20190710.2015-2024.nc,/perm_storage/home/data/CMIP6_data/MPI-ESM1-2-HR/ssp585,/perm_storage/home/data/CMIP6_data/MPI-ESM1-2-HR/ssp585/CMIP6.ScenarioMIP.DKRZ.MPI-ESM1-2-HR.ssp585.r1i1p1f1.Omon.intpp.gn.v20190710.2015-2024.nc
CMIP6.ScenarioMIP.DKRZ.MPI-ESM1-2-HR.ssp585.r1i1p1f1.Omon.intpp.gn.v20190710.intpp_Omon_MPI-ESM1-2-HR_ssp585_r1i1p1f1_gn_202001-202412.nc|esgf3.dkrz.de,CMIP6.ScenarioMIP.DKRZ.MPI-ESM1-2-HR.ssp585.r1i1p1f1.Omon.intpp.gn.v20190710|esgf3.dkrz.de,CMIP6,ScenarioMIP,DKRZ,MPI-ESM1-2-HR,ssp585,r1i1p1f1,Omon,mon,gn,20190710,50 km,intpp,Primary Organic Carbon Production by All Types of Phytoplankton,mol m-2 s-1,2020-01-01T00:00:00Z,2024-12-01T00:00:00Z,49386632,esgf3.dkrz.de,http://esgf3.dkrz.de/thredds/fileServer/cmip6/ScenarioMIP/DKRZ/MPI-ESM1-2-HR/ssp585/r1i1p1f1/Omon/intpp/gn/v20190710/intpp_Omon_MPI-ESM1-2-HR_ssp585_r1i1p1f1_gn_202001-202412.nc,hdl:21.14100/017d3cef-16c9-3171-9e2d-da64640478aa,hdl:21.14100/1a98807e-379e-4f02-abaa-21139f78ec6c,18,2015,2024,2100,2091,TRUE,dec0,CMIP6.ScenarioMIP.DKRZ.MPI-ESM1-2-HR.ssp585.r1i1p1f1.Omon.intpp.gn.v20190710,CMIP6.ScenarioMIP.DKRZ.MPI-ESM1-2-HR.ssp585.r1i1p1f1.Omon.intpp.gn.v20190710.2015-2024.nc,/perm_storage/home/data/CMIP6_data/MPI-ESM1-2-HR/ssp585,/perm_storage/home/data/CMIP6_data/MPI-ESM1-2-HR/ssp585/CMIP6.ScenarioMIP.DKRZ.MPI-ESM1-2-HR.ssp585.r1i1p1f1.Omon.intpp.gn.v20190710.2015-2024.nc
CMIP6.ScenarioMIP.DKRZ.MPI-ESM1-2-HR.ssp585.r1i1p1f1.Omon.intpp.gn.v20190710.intpp_Omon_MPI-ESM1-2-HR_ssp585_r1i1p1f1_gn_209001-209412.nc|esgf3.dkrz.de,CMIP6.ScenarioMIP.DKRZ.MPI-ESM1-2-HR.ssp585.r1i1p1f1.Omon.intpp.gn.v20190710|esgf3.dkrz.de,CMIP6,ScenarioMIP,DKRZ,MPI-ESM1-2-HR,ssp585,r1i1p1f1,Omon,mon,gn,20190710,50 km,intpp,Primary Organic Carbon Production by All Types of Phytoplankton,mol m-2 s-1,2090-01-01T00:00:00Z,2094-12-01T00:00:00Z,49255638,esgf3.dkrz.de,http://esgf3.dkrz.de/thredds/fileServer/cmip6/ScenarioMIP/DKRZ/MPI-ESM1-2-HR/ssp585/r1i1p1f1/Omon/intpp/gn/v20190710/intpp_Omon_MPI-ESM1-2-HR_ssp585_r1i1p1f1_gn_209001-209412.nc,hdl:21.14100/017d3cef-16c9-3171-9e2d-da64640478aa,hdl:21.14100/a8351330-03bd-491a-9d87-7fd51046d208,18,2015,2024,2100,2091,TRUE,decN,CMIP6.ScenarioMIP.DKRZ.MPI-ESM1-2-HR.ssp585.r1i1p1f1.Omon.intpp.gn.v20190710,CMIP6.ScenarioMIP.DKRZ.MPI-ESM1-2-HR.ssp585.r1i1p1f1.Omon.intpp.gn.v20190710.2091-2100.nc,/perm_storage/home/data/CMIP6_data/MPI-ESM1-2-HR/ssp585,/perm_storage/home/data/CMIP6_data/MPI-ESM1-2-HR/ssp585/CMIP6.ScenarioMIP.DKRZ.MPI-ESM1-2-HR.ssp585.r1i1p1f1.Omon.intpp.gn.v20190710.2091-2100.nc
CMIP6.ScenarioMIP.DKRZ.MPI-ESM1-2-HR.ssp585.r1i1p1f1.Omon.intpp.gn.v20190710.intpp_Omon_MPI-ESM1-2-HR_ssp585_r1i1p1f1_gn_209501-209912.nc|esgf3.dkrz.de,CMIP6.ScenarioMIP.DKRZ.MPI-ESM1-2-HR.ssp585.r1i1p1f1.Omon.intpp.gn.v20190710|esgf3.dkrz.de,CMIP6,ScenarioMIP,DKRZ,MPI-ESM1-2-HR,ssp585,r1i1p1f1,Omon,mon,gn,20190710,50 km,intpp,Primary Organic Carbon Production by All Types of Phytoplankton,mol m-2 s-1,2095-01-01T00:00:00Z,2099-12-01T00:00:00Z,49254589,esgf3.dkrz.de,http://esgf3.dkrz.de/thredds/fileServer/cmip6/ScenarioMIP/DKRZ/MPI-ESM1-2-HR/ssp585/r1i1p1f1/Omon/intpp/gn/v20190710/intpp_Omon_MPI-ESM1-2-HR_ssp585_r1i1p1f1_gn_209501-209912.nc,hdl:21.14100/017d3cef-16c9-3171-9e2d-da64640478aa,hdl:21.14100/a40473c2-13ed-4a76-947e-c7e86c0bb0e1,18,2015,2024,2100,2091,TRUE,decN,CMIP6.ScenarioMIP.DKRZ.MPI-ESM1-2-HR.ssp585.r1i1p1f1.Omon.intpp.gn.v20190710,CMIP6.ScenarioMIP.DKRZ.MPI-ESM1-2-HR.ssp585.r1i1p1f1.Omon.intpp.gn.v20190710.2091-2100.nc,/perm_storage/home/data/CMIP6_data/MPI-ESM1-2-HR/ssp585,/perm_storage/home/data/CMIP6_data/MPI-ESM1-2-HR/ssp585/CMIP6.ScenarioMIP.DKRZ.MPI-ESM1-2-HR.ssp585.r1i1p1f1.Omon.intpp.gn.v20190710.2091-2100.nc
CMIP6.ScenarioMIP.DKRZ.MPI-ESM1-2-HR.ssp585.r1i1p1f1.Omon.intpp.gn.v20190710.intpp_Omon_MPI-ESM1-2-HR_ssp585_r1i1p1f1_gn_210001-210012.nc|esgf3.dkrz.de,CMIP6.ScenarioMIP.DKRZ.MPI-ESM1-2-HR.ssp585.r1i1p1f1.Omon.intpp.gn.v20190710|esgf3.dkrz.de,CMIP6,ScenarioMIP,DKRZ,MPI-ESM1-2-HR,ssp585,r1i1p1f1,Omon,mon,gn,20190710,50 km,intpp,Primary Organic Carbon Production by All Types of Phytoplankton,mol m-2 s-1,2100-01-01T00:00:00Z,2100-12-01T00:00:00Z,17809501,esgf3.dkrz.de,http://esgf3.dkrz.de/thredds/fileServer/cmip6/ScenarioMIP/DKRZ/MPI-ESM1-2-HR/ssp585/r1i1p1f1/Omon/intpp/gn/v20190710/intpp_Omon_MPI-ESM1-2-HR_ssp585_r1i1p1f1_gn_210001-210012.nc,hdl:21.14100/017d3cef-16c9-3171-9e2d-da64640478aa,hdl:21.14100/067b55a0-e124-476f-9c2f-75a2035c911b,18,2015,2024,2100,2091,TRUE,decN,CMIP6.ScenarioMIP.DKRZ.MPI-ESM1-2-HR.ssp585.r1i1p1f1.Omon.intpp.gn.v20190710,CMIP6.ScenarioMIP.DKRZ.MPI-ESM1-2-HR.ssp585.r1i1p1f1.Omon.intpp.gn.v20190710.2091-2100.nc,/perm_storage/home/data/CMIP6_data/MPI-ESM1-2-HR/ssp585,/perm_storage/home/data/CMIP6_data/MPI-ESM1-2-HR/ssp585/CMIP6.ScenarioMIP.DKRZ.MPI-ESM1-2-HR.ssp585.r1i1p1f1.Omon.intpp.gn.v20190710.2091-2100.nc
CMIP6.ScenarioMIP.DKRZ.MPI-ESM1-2-HR.ssp585.r1i1p1f1.Omon.tos.gn.v20190710.tos_Omon_MPI-ESM1-2-HR_ssp585_r1i1p1f1_gn_201501-201912.nc|esgf3.dkrz.de,CMIP6.ScenarioMIP.DKRZ.MPI-ESM1-2-HR.ssp585.r1i1p1f1.Omon.tos.gn.v20190710|esgf3.dkrz.de,CMIP6,ScenarioMIP,DKRZ,MPI-ESM1-2-HR,ssp585,r1i1p1f1,Omon,mon,gn,20190710,50 km,tos,Sea Surface Temperature,degC,2015-01-01T00:00:00Z,2019-12-01T00:00:00Z,45113676,esgf3.dkrz.de,http://esgf3.dkrz.de/thredds/fileServer/cmip6/ScenarioMIP/DKRZ/MPI-ESM1-2-HR/ssp585/r1i1p1f1/Omon/tos/gn/v20190710/tos_Omon_MPI-ESM1-2-HR_ssp585_r1i1p1f1_gn_201501-201912.nc,hdl:21.14100/e591b19f-0ccf-3bdf-b65f-15335eab21fb,hdl:21.14100/c83e53c9-7861-4468-b7fd-93823259b64d,18,2015,2024,2100,2091,TRUE,dec0,CMIP6.ScenarioMIP.DKRZ.MPI-ESM1-2-HR.ssp585.r1i1p1f1.Omon.tos.gn.v20190710,CMIP6.ScenarioMIP.DKRZ.MPI-ESM1-2-HR.ssp585.r1i1p1f1.Omon.tos.gn.v20190710.2015-2024.nc,/perm_storage/home/data/CMIP6_data/MPI-ESM1-2-HR/ssp585,/perm_storage/home/data/CMIP6_data/MPI-ESM1-2-HR/ssp585/CMIP6.ScenarioMIP.DKRZ.MPI-ESM1-2-HR.ssp585.r1i1p1f1.Omon.tos.gn.v20190710.2015-2024.nc
CMIP6.ScenarioMIP.DKRZ.MPI-ESM1-2-HR.ssp585.r1i1p1f1.Omon.tos.gn.v20190710.tos_Omon_MPI-ESM1-2-HR_ssp585_r1i1p1f1_gn_202001-202412.nc|esgf3.dkrz.de,CMIP6.ScenarioMIP.DKRZ.MPI-ESM1-2-HR.ssp585.r1i1p1f1.Omon.tos.gn.v20190710|esgf3.dkrz.de,CMIP6,ScenarioMIP,DKRZ,MPI-ESM1-2-HR,ssp585,r1i1p1f1,Omon,mon,gn,20190710,50 km,tos,Sea Surface Temperature,degC,2020-01-01T00:00:00Z,2024-12-01T00:00:00Z,45097656,esgf3.dkrz.de,http://esgf3.dkrz.de/thredds/fileServer/cmip6/ScenarioMIP/DKRZ/MPI-ESM1-2-HR/ssp585/r1i1p1f1/Omon/tos/gn/v20190710/tos_Omon_MPI-ESM1-2-HR_ssp585_r1i1p1f1_gn_202001-202412.nc,hdl:21.14100/e591b19f-0ccf-3bdf-b65f-15335eab21fb,hdl:21.14100/98cf8438-7ee6-4d93-9edc-ef536552047c,18,2015,2024,2100,2091,TRUE,dec0,CMIP6.ScenarioMIP.DKRZ.MPI-ESM1-2-HR.ssp585.r1i1p1f1.Omon.tos.gn.v20190710,CMIP6.ScenarioMIP.DKRZ.MPI-ESM1-2-HR.ssp585.r1i1p1f1.Omon.tos.gn.v20190710.2015-2024.nc,/perm_storage/home/data/CMIP6_data/MPI-ESM1-2-HR/ssp585,/perm_storage/home/data/CMIP6_data/MPI-ESM1-2-HR/ssp585/CMIP6.ScenarioMIP.DKRZ.MPI-ESM1-2-HR.ssp585.r1i1p1f1.Omon.tos.gn.v20190710.2015-2024.nc
CMIP6.ScenarioMIP.DKRZ.MPI-ESM1-2-HR.ssp585.r1i1p1f1.Omon.tos.gn.v20190710.tos_Omon_MPI-ESM1-2-HR_ssp585_r1i1p1f1_gn_209001-209412.nc|esgf3.dkrz.de,CMIP6.ScenarioMIP.DKRZ.MPI-ESM1-2-HR.ssp585.r1i1p1f1.Omon.tos.gn.v20190710|esgf3.dkrz.de,CMIP6,ScenarioMIP,DKRZ,MPI-ESM1-2-HR,ssp585,r1i1p1f1,Omon,mon,gn,20190710,50 km,tos,Sea Surface Temperature,degC,2090-01-01T00:00:00Z,2094-12-01T00:00:00Z,45322334,esgf3.dkrz.de,http://esgf3.dkrz.de/thredds/fileServer/cmip6/ScenarioMIP/DKRZ/MPI-ESM1-2-HR/ssp585/r1i1p1f1/Omon/tos/gn/v20190710/tos_Omon_MPI-ESM1-2-HR_ssp585_r1i1p1f1_gn_209001-209412.nc,hdl:21.14100/e591b19f-0ccf-3bdf-b65f-15335eab21fb,hdl:21.14100/6ebfef75-72d2-44ba-a3bd-2b8e084b43ac,18,2015,2024,2100,2091,TRUE,decN,CMIP6.ScenarioMIP.DKRZ.MPI-ESM1-2-HR.ssp585.r1i1p1f1.Omon.tos.gn.v20190710,CMIP6.ScenarioMIP.DKRZ.MPI-ESM1-2-HR.ssp585.r1i1p1f1.Omon.tos.gn.v20190710.2091-2100.nc,/perm_storage/home/data/CMIP6_data/MPI-ESM1-2-HR/ssp585,/perm_storage/home/data/CMIP6_data/MPI-ESM1-2-HR/ssp585/CMIP6.ScenarioMIP.DKRZ.MPI-ESM1-2-HR.ssp585.r1i1p1f1.Omon.tos.gn.v20190710.2091-2100.nc
CMIP6.ScenarioMIP.DKRZ.MPI-ESM1-2-HR.ssp585.r1i1p1f1.Omon.tos.gn.v20190710.tos_Omon_MPI-ESM1-2-HR_ssp585_r1i1p1f1_gn_209501-209912.nc|esgf3.dkrz.de,CMIP6.ScenarioMIP.DKRZ.MPI-ESM1-2-HR.ssp585.r1i1p1f1.Omon.tos.gn.v20190710|esgf3.dkrz.de,CMIP6,ScenarioMIP,DKRZ,MPI-ESM1-2-HR,ssp585,r1i1p1f1,Omon,mon,gn,20190710,50 km,tos,Sea Surface Temperature,degC,2095-01-01T00:00:00Z,2099-12-01T00:00:00Z,45311133,esgf3.dkrz.de,http://esgf3.dkrz.de/thredds/fileServer/cmip6/ScenarioMIP/DKRZ/MPI-ESM1-2-HR/ssp585/r1i1p1f1/Omon/tos/gn/v20190710/tos_Omon_MPI-ESM1-2-HR_ssp585_r1i1p1f1_gn_209501-209912.nc,hdl:21.14100/e591b19f-0ccf-3bdf-b65f-15335eab21fb,hdl:21.14100/e207a1f8-f3ef-46cf-ad01-a75eaa4fa382,18,2015,2024,2100,2091,TRUE,decN,CMIP6.ScenarioMIP.DKRZ.MPI-ESM1-2-HR.ssp585.r1i1p1f1.Omon.tos.gn.v20190710,CMIP6.ScenarioMIP.DKRZ.MPI-ESM1-2-HR.ssp585.r1i1p1f1.Omon.tos.gn.v20190710.2091-2100.nc,/perm_storage/home/data/CMIP6_data/MPI-ESM1-2-HR/ssp585,/perm_storage/home/data/CMIP6_data/MPI-ESM1-2-HR/ssp585/CMIP6.ScenarioMIP.DKRZ.MPI-ESM1-2-HR.ssp585.r1i1p1f1.Omon.tos.gn.v20190710.2091-2100.nc
CMIP6.ScenarioMIP.DKRZ.MPI-ESM1-2-HR.ssp585.r1i1p1f1.Omon.tos.gn.v20190710.tos_Omon_MPI-ESM1-2-HR_ssp585_r1i1p1f1_gn_210001-210012.nc|esgf3.dkrz.de,CMIP6.ScenarioMIP.DKRZ.MPI-ESM1-2-HR.ssp585.r1i1p1f1.Omon.tos.gn.v20190710|esgf3.dkrz.de,CMIP6,ScenarioMIP,DKRZ,MPI-ESM1-2-HR,ssp585,r1i1p1f1,Omon,mon,gn,20190710,50 km,tos,Sea Surface Temperature,degC,2100-01-01T00:00:00Z,2100-12-01T00:00:00Z,17015016,esgf3.dkrz.de,http://esgf3.dkrz.de/thredds/fileServer/cmip6/ScenarioMIP/DKRZ/MPI-ESM1-2-HR/ssp585/r1i1p1f1/Omon/tos/gn/v20190710/tos_Omon_MPI-ESM1-2-HR_ssp585_r1i1p1f1_gn_210001-210012.nc,hdl:21.14100/e591b19f-0ccf-3bdf-b65f-15335eab21fb,hdl:21.14100/e515dd06-adf5-4187-a41e-eca8367b5fab,18,2015,2024,2100,2091,TRUE,decN,CMIP6.ScenarioMIP.DKRZ.MPI-ESM1-2-HR.ssp585.r1i1p1f1.Omon.tos.gn.v20190710,CMIP6.ScenarioMIP.DKRZ.MPI-ESM1-2-HR.ssp585.r1i1p1f1.Omon.tos.gn.v20190710.2091-2100.nc,/perm_storage/home/data/CMIP6_data/MPI-ESM1-2-HR/ssp585,/perm_storage/home/data/CMIP6_data/MPI-ESM1-2-HR/ssp585/CMIP6.ScenarioMIP.DKRZ.MPI-ESM1-2-HR.ssp585.r1i1p1f1.Omon.tos.gn.v20190710.2091-2100.nc
CMIP6.ScenarioMIP.DKRZ.MPI-ESM1-2-HR.ssp245.r1i1p1f1.Omon.intpp.gn.v20190710.intpp_Omon_MPI-ESM1-2-HR_ssp245_r1i1p1f1_gn_201501-201912.nc|esgf3.dkrz.de,CMIP6.ScenarioMIP.DKRZ.MPI-ESM1-2-HR.ssp245.r1i1p1f1.Omon.intpp.gn.v20190710|esgf3.dkrz.de,CMIP6,ScenarioMIP,DKRZ,MPI-ESM1-2-HR,ssp245,r1i1p1f1,Omon,mon,gn,20190710,50 km,intpp,Primary Organic Carbon Production by All Types of Phytoplankton,mol m-2 s-1,2015-01-01T00:00:00Z,2019-12-01T00:00:00Z,49398399,esgf3.dkrz.de,http://esgf3.dkrz.de/thredds/fileServer/cmip6/ScenarioMIP/DKRZ/MPI-ESM1-2-HR/ssp245/r1i1p1f1/Omon/intpp/gn/v20190710/intpp_Omon_MPI-ESM1-2-HR_ssp245_r1i1p1f1_gn_201501-201912.nc,hdl:21.14100/2f80bd9c-22bc-36f7-9045-09c80b4564dc,hdl:21.14100/52ed0674-02f9-4410-a35d-a628ebe7198b,18,2015,2024,2100,2091,TRUE,dec0,CMIP6.ScenarioMIP.DKRZ.MPI-ESM1-2-HR.ssp245.r1i1p1f1.Omon.intpp.gn.v20190710,CMIP6.ScenarioMIP.DKRZ.MPI-ESM1-2-HR.ssp245.r1i1p1f1.Omon.intpp.gn.v20190710.2015-2024.nc,/perm_storage/home/data/CMIP6_data/MPI-ESM1-2-HR/ssp245,/perm_storage/home/data/CMIP6_data/MPI-ESM1-2-HR/ssp245/CMIP6.ScenarioMIP.DKRZ.MPI-ESM1-2-HR.ssp245.r1i1p1f1.Omon.intpp.gn.v20190710.2015-2024.nc
CMIP6.ScenarioMIP.DKRZ.MPI-ESM1-2-HR.ssp245.r1i1p1f1.Omon.intpp.gn.v20190710.intpp_Omon_MPI-ESM1-2-HR_ssp245_r1i1p1f1_gn_202001-202412.nc|esgf3.dkrz.de,CMIP6.ScenarioMIP.DKRZ.MPI-ESM1-2-HR.ssp245.r1i1p1f1.Omon.intpp.gn.v20190710|esgf3.dkrz.de,CMIP6,ScenarioMIP,DKRZ,MPI-ESM1-2-HR,ssp245,r1i1p1f1,Omon,mon,gn,20190710,50 km,intpp,Primary Organic Carbon Production by All Types of Phytoplankton,mol m-2 s-1,2020-01-01T00:00:00Z,2024-12-01T00:00:00Z,49376079,esgf3.dkrz.de,http://esgf3.dkrz.de/thredds/fileServer/cmip6/ScenarioMIP/DKRZ/MPI-ESM1-2-HR/ssp245/r1i1p1f1/Omon/intpp/gn/v20190710/intpp_Omon_MPI-ESM1-2-HR_ssp245_r1i1p1f1_gn_202001-202412.nc,hdl:21.14100/2f80bd9c-22bc-36f7-9045-09c80b4564dc,hdl:21.14100/7f2538ce-966f-400e-9042-c9a51a87fb4e,18,2015,2024,2100,2091,TRUE,dec0,CMIP6.ScenarioMIP.DKRZ.MPI-ESM1-2-HR.ssp245.r1i1p1f1.Omon.intpp.gn.v20190710,CMIP6.ScenarioMIP.DKRZ.MPI-ESM1-2-HR.ssp245.r1i1p1f1.Omon.intpp.gn.v20190710.2015-2024.nc,/perm_storage/home/data/CMIP6_data/MPI-ESM1-2-HR/ssp245,/perm_storage/home/data/CMIP6_data/MPI-ESM1-2-HR/ssp245/CMIP6.ScenarioMIP.DKRZ.MPI-ESM1-2-HR.ssp245.r1i1p1f1.Omon.intpp.gn.v20190710.2015-2024.nc
CMIP6.ScenarioMIP.DKRZ.MPI-ESM1-2-HR.ssp245.r1i1p1f1.Omon.intpp.gn.v20190710.intpp_Omon_MPI-ESM1-2-HR_ssp245_r1i1p1f1_gn_209001-209412.nc|esgf3.dkrz.de,CMIP6.ScenarioMIP.DKRZ.MPI-ESM1-2-HR.ssp245.r1i1p1f1.Omon.intpp.gn.v20190710|esgf3.dkrz.de,CMIP6,ScenarioMIP,DKRZ,MPI-ESM1-2-HR,ssp245,r1i1p1f1,Omon,mon,gn,20190710,50 km,intpp,Primary Organic Carbon Production by All Types of Phytoplankton,mol m-2 s-1,2090-01-01T00:00:00Z,2094-12-01T00:00:00Z,49339079,esgf3.dkrz.de,http://esgf3.dkrz.de/thredds/fileServer/cmip6/ScenarioMIP/DKRZ/MPI-ESM1-2-HR/ssp245/r1i1p1f1/Omon/intpp/gn/v20190710/intpp_Omon_MPI-ESM1-2-HR_ssp245_r1i1p1f1_gn_209001-209412.nc,hdl:21.14100/2f80bd9c-22bc-36f7-9045-09c80b4564dc,hdl:21.14100/0ec08259-f6a8-4635-95d4-de05a0bab333,18,2015,2024,2100,2091,TRUE,decN,CMIP6.ScenarioMIP.DKRZ.MPI-ESM1-2-HR.ssp245.r1i1p1f1.Omon.intpp.gn.v20190710,CMIP6.ScenarioMIP.DKRZ.MPI-ESM1-2-HR.ssp245.r1i1p1f1.Omon.intpp.gn.v20190710.2091-2100.nc,/perm_storage/home/data/CMIP6_data/MPI-ESM1-2-HR/ssp245,/perm_storage/home/data/CMIP6_data/MPI-ESM1-2-HR/ssp245/CMIP6.ScenarioMIP.DKRZ.MPI-ESM1-2-HR.ssp245.r1i1p1f1.Omon.intpp.gn.v20190710.2091-2100.nc
CMIP6.ScenarioMIP.DKRZ.MPI-ESM1-2-HR.ssp245.r1i1p1f1.Omon.intpp.gn.v20190710.intpp_Omon_MPI-ESM1-2-HR_ssp245_r1i1p1f1_gn_209501-209912.nc|esgf3.dkrz.de,CMIP6.ScenarioMIP.DKRZ.MPI-ESM1-2-HR.ssp245.r1i1p1f1.Omon.intpp.gn.v20190710|esgf3.dkrz.de,CMIP6,ScenarioMIP,DKRZ,MPI-ESM1-2-HR,ssp245,r1i1p1f1,Omon,mon,gn,20190710,50 km,intpp,Primary Organic Carbon Production by All Types of Phytoplankton,mol m-2 s-1,2095-01-01T00:00:00Z,2099-12-01T00:00:00Z,49333755,esgf3.dkrz.de,http://esgf3.dkrz.de/thredds/fileServer/cmip6/ScenarioMIP/DKRZ/MPI-ESM1-2-HR/ssp245/r1i1p1f1/Omon/intpp/gn/v20190710/intpp_Omon_MPI-ESM1-2-HR_ssp245_r1i1p1f1_gn_209501-209912.nc,hdl:21.14100/2f80bd9c-22bc-36f7-9045-09c80b4564dc,hdl:21.14100/2cc3effb-6c57-40fc-aa58-f7de4a33e7f5,18,2015,2024,2100,2091,TRUE,decN,CMIP6.ScenarioMIP.DKRZ.MPI-ESM1-2-HR.ssp245.r1i1p1f1.Omon.intpp.gn.v20190710,CMIP6.ScenarioMIP.DKRZ.MPI-ESM1-2-HR.ssp245.r1i1p1f1.Omon.intpp.gn.v20190710.2091-2100.nc,/perm_storage/home/data/CMIP6_data/MPI-ESM1-2-HR/ssp245,/perm_storage/home/data/CMIP6_data/MPI-ESM1-2-HR/ssp245/CMIP6.ScenarioMIP.DKRZ.MPI-ESM1-2-HR.ssp245.r1i1p1f1.Omon.intpp.gn.v20190710.2091-2100.nc
CMIP6.ScenarioMIP.DKRZ.MPI-ESM1-2-HR.ssp245.r1i1p1f1.Omon.intpp.gn.v20190710.intpp_Omon_MPI-ESM1-2-HR_ssp245_r1i1p1f1_gn_210001-210012.nc|esgf3.dkrz.de,CMIP6.ScenarioMIP.DKRZ.MPI-ESM1-2-HR.ssp245.r1i1p1f1.Omon.intpp.gn.v20190710|esgf3.dkrz.de,CMIP6,ScenarioMIP,DKRZ,MPI-ESM1-2-HR,ssp245,r1i1p1f1,Omon,mon,gn,20190710,50 km,intpp,Primary Organic Carbon Production by All Types of Phytoplankton,mol m-2 s-1,2100-01-01T00:00:00Z,2100-12-01T00:00:00Z,17828250,esgf3.dkrz.de,http://esgf3.dkrz.de/thredds/fileServer/cmip6/ScenarioMIP/DKRZ/MPI-ESM1-2-HR/ssp245/r1i1p1f1/Omon/intpp/gn/v20190710/intpp_Omon_MPI-ESM1-2-HR_ssp245_r1i1p1f1_gn_210001-210012.nc,hdl:21.14100/2f80bd9c-22bc-36f7-9045-09c80b4564dc,hdl:21.14100/bcb54c8a-3b89-4b24-8dee-ee7b041f5c67,18,2015,2024,2100,2091,TRUE,decN,CMIP6.ScenarioMIP.DKRZ.MPI-ESM1-2-HR.ssp245.r1i1p1f1.Omon.intpp.gn.v20190710,CMIP6.ScenarioMIP.DKRZ.MPI-ESM1-2-HR.ssp245.r1i1p1f1.Omon.intpp.gn.v20190710.2091-2100.nc,/perm_storage/home/data/CMIP6_data/MPI-ESM1-2-HR/ssp245,/perm_storage/home/data/CMIP6_data/MPI-ESM1-2-HR/ssp245/CMIP6.ScenarioMIP.DKRZ.MPI-ESM1-2-HR.ssp245.r1i1p1f1.Omon.intpp.gn.v20190710.2091-2100.nc
CMIP6.ScenarioMIP.DKRZ.MPI-ESM1-2-HR.ssp245.r1i1p1f1.SImon.siconc.gn.v20190710.siconc_SImon_MPI-ESM1-2-HR_ssp245_r1i1p1f1_gn_201501-201912.nc|esgf3.dkrz.de,CMIP6.ScenarioMIP.DKRZ.MPI-ESM1-2-HR.ssp245.r1i1p1f1.SImon.siconc.gn.v20190710|esgf3.dkrz.de,CMIP6,ScenarioMIP,DKRZ,MPI-ESM1-2-HR,ssp245,r1i1p1f1,SImon,mon,gn,20190710,50 km,siconc,Sea-Ice Area Percentage (Ocean Grid),%,2015-01-01T00:00:00Z,2019-12-01T00:00:00Z,16612896,esgf3.dkrz.de,http://esgf3.dkrz.de/thredds/fileServer/cmip6/ScenarioMIP/DKRZ/MPI-ESM1-2-HR/ssp245/r1i1p1f1/SImon/siconc/gn/v20190710/siconc_SImon_MPI-ESM1-2-HR_ssp245_r1i1p1f1_gn_201501-201912.nc,hdl:21.14100/267c334f-170d-3979-b467-9baa231f4c9c,hdl:21.14100/b3d984cc-0708-455e-867c-e2aa2ec4aecb,18,2015,2024,2100,2091,TRUE,dec0,CMIP6.ScenarioMIP.DKRZ.MPI-ESM1-2-HR.ssp245.r1i1p1f1.SImon.siconc.gn.v20190710,CMIP6.ScenarioMIP.DKRZ.MPI-ESM1-2-HR.ssp245.r1i1p1f1.SImon.siconc.gn.v20190710.2015-2024.nc,/perm_storage/home/data/CMIP6_data/MPI-ESM1-2-HR/ssp245,/perm_storage/home/data/CMIP6_data/MPI-ESM1-2-HR/ssp245/CMIP6.ScenarioMIP.DKRZ.MPI-ESM1-2-HR.ssp245.r1i1p1f1.SImon.siconc.gn.v20190710.2015-2024.nc
CMIP6.ScenarioMIP.DKRZ.MPI-ESM1-2-HR.ssp245.r1i1p1f1.SImon.siconc.gn.v20190710.siconc_SImon_MPI-ESM1-2-HR_ssp245_r1i1p1f1_gn_202001-202412.nc|esgf3.dkrz.de,CMIP6.ScenarioMIP.DKRZ.MPI-ESM1-2-HR.ssp245.r1i1p1f1.SImon.siconc.gn.v20190710|esgf3.dkrz.de,CMIP6,ScenarioMIP,DKRZ,MPI-ESM1-2-HR,ssp245,r1i1p1f1,SImon,mon,gn,20190710,50 km,siconc,Sea-Ice Area Percentage (Ocean Grid),%,2020-01-01T00:00:00Z,2024-12-01T00:00:00Z,16779242,esgf3.dkrz.de,http://esgf3.dkrz.de/thredds/fileServer/cmip6/ScenarioMIP/DKRZ/MPI-ESM1-2-HR/ssp245/r1i1p1f1/SImon/siconc/gn/v20190710/siconc_SImon_MPI-ESM1-2-HR_ssp245_r1i1p1f1_gn_202001-202412.nc,hdl:21.14100/267c334f-170d-3979-b467-9baa231f4c9c,hdl:21.14100/a75cf62a-dced-406c-9948-1d8c3d75fccf,18,2015,2024,2100,2091,TRUE,dec0,CMIP6.ScenarioMIP.DKRZ.MPI-ESM1-2-HR.ssp245.r1i1p1f1.SImon.siconc.gn.v20190710,CMIP6.ScenarioMIP.DKRZ.MPI-ESM1-2-HR.ssp245.r1i1p1f1.SImon.siconc.gn.v20190710.2015-2024.nc,/perm_storage/home/data/CMIP6_data/MPI-ESM1-2-HR/ssp245,/perm_storage/home/data/CMIP6_data/MPI-ESM1-2-HR/ssp245/CMIP6.ScenarioMIP.DKRZ.MPI-ESM1-2-HR.ssp245.r1i1p1f1.SImon.siconc.gn.v20190710.2015-2024.nc
CMIP6.ScenarioMIP.DKRZ.MPI-ESM1-2-HR.ssp245.r1i1p1f1.SImon.siconc.gn.v20190710.siconc_SImon_MPI-ESM1-2-HR_ssp245_r1i1p1f1_gn_209001-209412.nc|esgf3.dkrz.de,CMIP6.ScenarioMIP.DKRZ.MPI-ESM1-2-HR.ssp245.r1i1p1f1.SImon.siconc.gn.v20190710|esgf3.dkrz.de,CMIP6,ScenarioMIP,DKRZ,MPI-ESM1-2-HR,ssp245,r1i1p1f1,SImon,mon,gn,20190710,50 km,siconc,Sea-Ice Area Percentage (Ocean Grid),%,2090-01-01T00:00:00Z,2094-12-01T00:00:00Z,16263465,esgf3.dkrz.de,http://esgf3.dkrz.de/thredds/fileServer/cmip6/ScenarioMIP/DKRZ/MPI-ESM1-2-HR/ssp245/r1i1p1f1/SImon/siconc/gn/v20190710/siconc_SImon_MPI-ESM1-2-HR_ssp245_r1i1p1f1_gn_209001-209412.nc,hdl:21.14100/267c334f-170d-3979-b467-9baa231f4c9c,hdl:21.14100/7b4bf9d9-79bc-436e-b994-2651d432d4c1,18,2015,2024,2100,2091,TRUE,decN,CMIP6.ScenarioMIP.DKRZ.MPI-ESM1-2-HR.ssp245.r1i1p1f1.SImon.siconc.gn.v20190710,CMIP6.ScenarioMIP.DKRZ.MPI-ESM1-2-HR.ssp245.r1i1p1f1.SImon.siconc.gn.v20190710.2091-2100.nc,/perm_storage/home/data/CMIP6_data/MPI-ESM1-2-HR/ssp245,/perm_storage/home/data/CMIP6_data/MPI-ESM1-2-HR/ssp245/CMIP6.ScenarioMIP.DKRZ.MPI-ESM1-2-HR.ssp245.r1i1p1f1.SImon.siconc.gn.v20190710.2091-2100.nc
CMIP6.ScenarioMIP.DKRZ.MPI-ESM1-2-HR.ssp245.r1i1p1f1.SImon.siconc.gn.v20190710.siconc_SImon_MPI-ESM1-2-HR_ssp245_r1i1p1f1_gn_209501-209912.nc|esgf3.dkrz.de,CMIP6.ScenarioMIP.DKRZ.MPI-ESM1-2-HR.ssp245.r1i1p1f1.SImon.siconc.gn.v20190710|esgf3.dkrz.de,CMIP6,ScenarioMIP,DKRZ,MPI-ESM1-2-HR,ssp245,r1i1p1f1,SImon,mon,gn,20190710,50 km,siconc,Sea-Ice Area Percentage (Ocean Grid),%,2095-01-01T00:00:00Z,2099-12-01T00:00:00Z,16255622,esgf3.dkrz.de,http://esgf3.dkrz.de/thredds/fileServer/cmip6/ScenarioMIP/DKRZ/MPI-ESM1-2-HR/ssp245/r1i1p1f1/SImon/siconc/gn/v20190710/siconc_SImon_MPI-ESM1-2-HR_ssp245_r1i1p1f1_gn_209501-209912.nc,hdl:21.14100/267c334f-170d-3979-b467-9baa231f4c9c,hdl:21.14100/d774efd7-947e-40d4-8980-c2bea943d268,18,2015,2024,2100,2091,TRUE,decN,CMIP6.ScenarioMIP.DKRZ.MPI-ESM1-2-HR.ssp245.r1i1p1f1.SImon.siconc.gn.v20190710,CMIP6.ScenarioMIP.DKRZ.MPI-ESM1-2-HR.ssp245.r1i1p1f1.SImon.siconc.gn.v20190710.2091-2100.nc,/perm_storage/home/data/CMIP6_data/MPI-ESM1-2-HR/ssp245,/perm_storage/home/data/CMIP6_data/MPI-ESM1-2-HR/ssp245/CMIP6.ScenarioMIP.DKRZ.MPI-ESM1-2-HR.ssp245.r1i1p1f1.SImon.siconc.gn.v20190710.2091-2100.nc
CMIP6.ScenarioMIP.DKRZ.MPI-ESM1-2-HR.ssp245.r1i1p1f1.SImon.siconc.gn.v20190710.siconc_SImon_MPI-ESM1-2-HR_ssp245_r1i1p1f1_gn_210001-210012.nc|esgf3.dkrz.de,CMIP6.ScenarioMIP.DKRZ.MPI-ESM1-2-HR.ssp245.r1i1p1f1.SImon.siconc.gn.v20190710|esgf3.dkrz.de,CMIP6,ScenarioMIP,DKRZ,MPI-ESM1-2-HR,ssp245,r1i1p1f1,SImon,mon,gn,20190710,50 km,siconc,Sea-Ice Area Percentage (Ocean Grid),%,2100-01-01T00:00:00Z,2100-12-01T00:00:00Z,11204892,esgf3.dkrz.de,http://esgf3.dkrz.de/thredds/fileServer/cmip6/ScenarioMIP/DKRZ/MPI-ESM1-2-HR/ssp245/r1i1p1f1/SImon/siconc/gn/v20190710/siconc_SImon_MPI-ESM1-2-HR_ssp245_r1i1p1f1_gn_210001-210012.nc,hdl:21.14100/267c334f-170d-3979-b467-9baa231f4c9c,hdl:21.14100/35caf377-f63e-43d4-8f0b-fe0afbd61645,18,2015,2024,2100,2091,TRUE,decN,CMIP6.ScenarioMIP.DKRZ.MPI-ESM1-2-HR.ssp245.r1i1p1f1.SImon.siconc.gn.v20190710,CMIP6.ScenarioMIP.DKRZ.MPI-ESM1-2-HR.ssp245.r1i1p1f1.SImon.siconc.gn.v20190710.2091-2100.nc,/perm_storage/home/data/CMIP6_data/MPI-ESM1-2-HR/ssp245,/perm_storage/home/data/CMIP6_data/MPI-ESM1-2-HR/ssp245/CMIP6.ScenarioMIP.DKRZ.MPI-ESM1-2-HR.ssp245.r1i1p1f1.SImon.siconc.gn.v20190710.2091-2100.nc
CMIP6.ScenarioMIP.DKRZ.MPI-ESM1-2-HR.ssp585.r1i1p1f1.SImon.siconc.gn.v20190710.siconc_SImon_MPI-ESM1-2-HR_ssp585_r1i1p1f1_gn_201501-201912.nc|esgf3.dkrz.de,CMIP6.ScenarioMIP.DKRZ.MPI-ESM1-2-HR.ssp585.r1i1p1f1.SImon.siconc.gn.v20190710|esgf3.dkrz.de,CMIP6,ScenarioMIP,DKRZ,MPI-ESM1-2-HR,ssp585,r1i1p1f1,SImon,mon,gn,20190710,50 km,siconc,Sea-Ice Area Percentage (Ocean Grid),%,2015-01-01T00:00:00Z,2019-12-01T00:00:00Z,16633271,esgf3.dkrz.de,http://esgf3.dkrz.de/thredds/fileServer/cmip6/ScenarioMIP/DKRZ/MPI-ESM1-2-HR/ssp585/r1i1p1f1/SImon/siconc/gn/v20190710/siconc_SImon_MPI-ESM1-2-HR_ssp585_r1i1p1f1_gn_201501-201912.nc,hdl:21.14100/5eea16bd-4881-36ef-9e6a-c9ffa8a1f8c5,hdl:21.14100/0ddbac59-e004-4523-ba6e-ffcb737e49a3,18,2015,2024,2100,2091,TRUE,dec0,CMIP6.ScenarioMIP.DKRZ.MPI-ESM1-2-HR.ssp585.r1i1p1f1.SImon.siconc.gn.v20190710,CMIP6.ScenarioMIP.DKRZ.MPI-ESM1-2-HR.ssp585.r1i1p1f1.SImon.siconc.gn.v20190710.2015-2024.nc,/perm_storage/home/data/CMIP6_data/MPI-ESM1-2-HR/ssp585,/perm_storage/home/data/CMIP6_data/MPI-ESM1-2-HR/ssp585/CMIP6.ScenarioMIP.DKRZ.MPI-ESM1-2-HR.ssp585.r1i1p1f1.SImon.siconc.gn.v20190710.2015-2024.nc
CMIP6.ScenarioMIP.DKRZ.MPI-ESM1-2-HR.ssp585.r1i1p1f1.SImon.siconc.gn.v20190710.siconc_SImon_MPI-ESM1-2-HR_ssp585_r1i1p1f1_gn_202001-202412.nc|esgf3.dkrz.de,CMIP6.ScenarioMIP.DKRZ.MPI-ESM1-2-HR.ssp585.r1i1p1f1.SImon.siconc.gn.v20190710|esgf3.dkrz.de,CMIP6,ScenarioMIP,DKRZ,MPI-ESM1-2-HR,ssp585,r1i1p1f1,SImon,mon,gn,20190710,50 km,siconc,Sea-Ice Area Percentage (Ocean Grid),%,2020-01-01T00:00:00Z,2024-12-01T00:00:00Z,16620177,esgf3.dkrz.de,http://esgf3.dkrz.de/thredds/fileServer/cmip6/ScenarioMIP/DKRZ/MPI-ESM1-2-HR/ssp585/r1i1p1f1/SImon/siconc/gn/v20190710/siconc_SImon_MPI-ESM1-2-HR_ssp585_r1i1p1f1_gn_202001-202412.nc,hdl:21.14100/5eea16bd-4881-36ef-9e6a-c9ffa8a1f8c5,hdl:21.14100/afddbd3c-b2cc-42e9-9247-9a687af7c914,18,2015,2024,2100,2091,TRUE,dec0,CMIP6.ScenarioMIP.DKRZ.MPI-ESM1-2-HR.ssp585.r1i1p1f1.SImon.siconc.gn.v20190710,CMIP6.ScenarioMIP.DKRZ.MPI-ESM1-2-HR.ssp585.r1i1p1f1.SImon.siconc.gn.v20190710.2015-2024.nc,/perm_storage/home/data/CMIP6_data/MPI-ESM1-2-HR/ssp585,/perm_storage/home/data/CMIP6_data/MPI-ESM1-2-HR/ssp585/CMIP6.ScenarioMIP.DKRZ.MPI-ESM1-2-HR.ssp585.r1i1p1f1.SImon.siconc.gn.v20190710.2015-2024.nc
CMIP6.ScenarioMIP.DKRZ.MPI-ESM1-2-HR.ssp585.r1i1p1f1.SImon.siconc.gn.v20190710.siconc_SImon_MPI-ESM1-2-HR_ssp585_r1i1p1f1_gn_209001-209412.nc|esgf3.dkrz.de,CMIP6.ScenarioMIP.DKRZ.MPI-ESM1-2-HR.ssp585.r1i1p1f1.SImon.siconc.gn.v20190710|esgf3.dkrz.de,CMIP6,ScenarioMIP,DKRZ,MPI-ESM1-2-HR,ssp585,r1i1p1f1,SImon,mon,gn,20190710,50 km,siconc,Sea-Ice Area Percentage (Ocean Grid),%,2090-01-01T00:00:00Z,2094-12-01T00:00:00Z,15576695,esgf3.dkrz.de,http://esgf3.dkrz.de/thredds/fileServer/cmip6/ScenarioMIP/DKRZ/MPI-ESM1-2-HR/ssp585/r1i1p1f1/SImon/siconc/gn/v20190710/siconc_SImon_MPI-ESM1-2-HR_ssp585_r1i1p1f1_gn_209001-209412.nc,hdl:21.14100/5eea16bd-4881-36ef-9e6a-c9ffa8a1f8c5,hdl:21.14100/a4945c66-66e1-44f1-890c-033ce84ba016,18,2015,2024,2100,2091,TRUE,decN,CMIP6.ScenarioMIP.DKRZ.MPI-ESM1-2-HR.ssp585.r1i1p1f1.SImon.siconc.gn.v20190710,CMIP6.ScenarioMIP.DKRZ.MPI-ESM1-2-HR.ssp585.r1i1p1f1.SImon.siconc.gn.v20190710.2091-2100.nc,/perm_storage/home/data/CMIP6_data/MPI-ESM1-2-HR/ssp585,/perm_storage/home/data/CMIP6_data/MPI-ESM1-2-HR/ssp585/CMIP6.ScenarioMIP.DKRZ.MPI-ESM1-2-HR.ssp585.r1i1p1f1.SImon.siconc.gn.v20190710.2091-2100.nc
CMIP6.ScenarioMIP.DKRZ.MPI-ESM1-2-HR.ssp585.r1i1p1f1.SImon.siconc.gn.v20190710.siconc_SImon_MPI-ESM1-2-HR_ssp585_r1i1p1f1_gn_209501-209912.nc|esgf3.dkrz.de,CMIP6.ScenarioMIP.DKRZ.MPI-ESM1-2-HR.ssp585.r1i1p1f1.SImon.siconc.gn.v20190710|esgf3.dkrz.de,CMIP6,ScenarioMIP,DKRZ,MPI-ESM1-2-HR,ssp585,r1i1p1f1,SImon,mon,gn,20190710,50 km,siconc,Sea-Ice Area Percentage (Ocean Grid),%,2095-01-01T00:00:00Z,2099-12-01T00:00:00Z,15481820,esgf3.dkrz.de,http://esgf3.dkrz.de/thredds/fileServer/cmip6/ScenarioMIP/DKRZ/MPI-ESM1-2-HR/ssp585/r1i1p1f1/SImon/siconc/gn/v20190710/siconc_SImon_MPI-ESM1-2-HR_ssp585_r1i1p1f1_gn_209501-209912.nc,hdl:21.14100/5eea16bd-4881-36ef-9e6a-c9ffa8a1f8c5,hdl:21.14100/d31ec37a-4c12-48ca-97f0-a9aab9c84ec9,18,2015,2024,2100,2091,TRUE,decN,CMIP6.ScenarioMIP.DKRZ.MPI-ESM1-2-HR.ssp585.r1i1p1f1.SImon.siconc.gn.v20190710,CMIP6.ScenarioMIP.DKRZ.MPI-ESM1-2-HR.ssp585.r1i1p1f1.SImon.siconc.gn.v20190710.2091-2100.nc,/perm_storage/home/data/CMIP6_data/MPI-ESM1-2-HR/ssp585,/perm_storage/home/data/CMIP6_data/MPI-ESM1-2-HR/ssp585/CMIP6.ScenarioMIP.DKRZ.MPI-ESM1-2-HR.ssp585.r1i1p1f1.SImon.siconc.gn.v20190710.2091-2100.nc
CMIP6.ScenarioMIP.DKRZ.MPI-ESM1-2-HR.ssp585.r1i1p1f1.SImon.siconc.gn.v20190710.siconc_SImon_MPI-ESM1-2-HR_ssp585_r1i1p1f1_gn_210001-210012.nc|esgf3.dkrz.de,CMIP6.ScenarioMIP.DKRZ.MPI-ESM1-2-HR.ssp585.r1i1p1f1.SImon.siconc.gn.v20190710|esgf3.dkrz.de,CMIP6,ScenarioMIP,DKRZ,MPI-ESM1-2-HR,ssp585,r1i1p1f1,SImon,mon,gn,20190710,50 km,siconc,Sea-Ice Area Percentage (Ocean Grid),%,2100-01-01T00:00:00Z,2100-12-01T00:00:00Z,11065852,esgf3.dkrz.de,http://esgf3.dkrz.de/thredds/fileServer/cmip6/ScenarioMIP/DKRZ/MPI-ESM1-2-HR/ssp585/r1i1p1f1/SImon/siconc/gn/v20190710/siconc_SImon_MPI-ESM1-2-HR_ssp585_r1i1p1f1_gn_210001-210012.nc,hdl:21.14100/5eea16bd-4881-36ef-9e6a-c9ffa8a1f8c5,hdl:21.14100/4ac6bac1-1d6c-49e4-9e4c-c6a766e3f3e5,18,2015,2024,2100,2091,TRUE,decN,CMIP6.ScenarioMIP.DKRZ.MPI-ESM1-2-HR.ssp585.r1i1p1f1.SImon.siconc.gn.v20190710,CMIP6.ScenarioMIP.DKRZ.MPI-ESM1-2-HR.ssp585.r1i1p1f1.SImon.siconc.gn.v20190710.2091-2100.nc,/perm_storage/home/data/CMIP6_data/MPI-ESM1-2-HR/ssp585,/perm_storage/home/data/CMIP6_data/MPI-ESM1-2-HR/ssp585/CMIP6.ScenarioMIP.DKRZ.MPI-ESM1-2-HR.ssp585.r1i1p1f1.SImon.siconc.gn.v20190710.2091-2100.nc
CMIP6.CMIP.MPI-M.MPI-ESM1-2-LR.historical.r1i1p1f1.Omon.intpp.gn.v20190710.intpp_Omon_MPI-ESM1-2-LR_historical_r1i1p1f1_gn_185001-186912.nc|esgf3.dkrz.de,CMIP6.CMIP.MPI-M.MPI-ESM1-2-LR.historical.r1i1p1f1.Omon.intpp.gn.v20190710|esgf3.dkrz.de,CMIP6,CMIP,MPI-M,MPI-ESM1-2-LR,historical,r1i1p1f1,Omon,mon,gn,20190710,250 km,intpp,Primary Organic Carbon Production by All Types of Phytoplankton,mol m-2 s-1,1850-01-01T00:00:00Z,1869-12-01T00:00:00Z,32346402,esgf3.dkrz.de,http://esgf3.dkrz.de/thredds/fileServer/cmip6/CMIP/MPI-M/MPI-ESM1-2-LR/historical/r1i1p1f1/Omon/intpp/gn/v20190710/intpp_Omon_MPI-ESM1-2-LR_historical_r1i1p1f1_gn_185001-186912.nc,hdl:21.14100/b715e58f-6457-3e2b-a736-0d37590c1a31,hdl:21.14100/6580dcbf-730a-4548-bd16-9b27998dd9ea,9,1850,1859,2014,2005,TRUE,dec0,CMIP6.CMIP.MPI-M.MPI-ESM1-2-LR.historical.r1i1p1f1.Omon.intpp.gn.v20190710,CMIP6.CMIP.MPI-M.MPI-ESM1-2-LR.historical.r1i1p1f1.Omon.intpp.gn.v20190710.1850-1859.nc,/perm_storage/home/data/CMIP6_data/MPI-ESM1-2-LR/historical,/perm_storage/home/data/CMIP6_data/MPI-ESM1-2-LR/historical/CMIP6.CMIP.MPI-M.MPI-ESM1-2-LR.historical.r1i1p1f1.Omon.intpp.gn.v20190710.1850-1859.nc
CMIP6.CMIP.MPI-M.MPI-ESM1-2-LR.historical.r1i1p1f1.Omon.intpp.gn.v20190710.intpp_Omon_MPI-ESM1-2-LR_historical_r1i1p1f1_gn_199001-200912.nc|esgf3.dkrz.de,CMIP6.CMIP.MPI-M.MPI-ESM1-2-LR.historical.r1i1p1f1.Omon.intpp.gn.v20190710|esgf3.dkrz.de,CMIP6,CMIP,MPI-M,MPI-ESM1-2-LR,historical,r1i1p1f1,Omon,mon,gn,20190710,250 km,intpp,Primary Organic Carbon Production by All Types of Phytoplankton,mol m-2 s-1,1990-01-01T00:00:00Z,2009-12-01T00:00:00Z,32327595,esgf3.dkrz.de,http://esgf3.dkrz.de/thredds/fileServer/cmip6/CMIP/MPI-M/MPI-ESM1-2-LR/historical/r1i1p1f1/Omon/intpp/gn/v20190710/intpp_Omon_MPI-ESM1-2-LR_historical_r1i1p1f1_gn_199001-200912.nc,hdl:21.14100/b715e58f-6457-3e2b-a736-0d37590c1a31,hdl:21.14100/ec858c55-69af-429b-95f6-531b47bf71b8,9,1850,1859,2014,2005,TRUE,decN,CMIP6.CMIP.MPI-M.MPI-ESM1-2-LR.historical.r1i1p1f1.Omon.intpp.gn.v20190710,CMIP6.CMIP.MPI-M.MPI-ESM1-2-LR.historical.r1i1p1f1.Omon.intpp.gn.v20190710.2005-2014.nc,/perm_storage/home/data/CMIP6_data/MPI-ESM1-2-LR/historical,/perm_storage/home/data/CMIP6_data/MPI-ESM1-2-LR/historical/CMIP6.CMIP.MPI-M.MPI-ESM1-2-LR.historical.r1i1p1f1.Omon.intpp.gn.v20190710.2005-2014.nc
CMIP6.CMIP.MPI-M.MPI-ESM1-2-LR.historical.r1i1p1f1.Omon.intpp.gn.v20190710.intpp_Omon_MPI-ESM1-2-LR_historical_r1i1p1f1_gn_201001-201412.nc|esgf3.dkrz.de,CMIP6.CMIP.MPI-M.MPI-ESM1-2-LR.historical.r1i1p1f1.Omon.intpp.gn.v20190710|esgf3.dkrz.de,CMIP6,CMIP,MPI-M,MPI-ESM1-2-LR,historical,r1i1p1f1,Omon,mon,gn,20190710,250 km,intpp,Primary Organic Carbon Production by All Types of Phytoplankton,mol m-2 s-1,2010-01-01T00:00:00Z,2014-12-01T00:00:00Z,9735901,esgf3.dkrz.de,http://esgf3.dkrz.de/thredds/fileServer/cmip6/CMIP/MPI-M/MPI-ESM1-2-LR/historical/r1i1p1f1/Omon/intpp/gn/v20190710/intpp_Omon_MPI-ESM1-2-LR_historical_r1i1p1f1_gn_201001-201412.nc,hdl:21.14100/b715e58f-6457-3e2b-a736-0d37590c1a31,hdl:21.14100/97a51353-bb1c-419f-a91f-db14778773d4,9,1850,1859,2014,2005,TRUE,decN,CMIP6.CMIP.MPI-M.MPI-ESM1-2-LR.historical.r1i1p1f1.Omon.intpp.gn.v20190710,CMIP6.CMIP.MPI-M.MPI-ESM1-2-LR.historical.r1i1p1f1.Omon.intpp.gn.v20190710.2005-2014.nc,/perm_storage/home/data/CMIP6_data/MPI-ESM1-2-LR/historical,/perm_storage/home/data/CMIP6_data/MPI-ESM1-2-LR/historical/CMIP6.CMIP.MPI-M.MPI-ESM1-2-LR.historical.r1i1p1f1.Omon.intpp.gn.v20190710.2005-2014.nc
CMIP6.CMIP.MPI-M.MPI-ESM1-2-LR.historical.r1i1p1f1.Omon.tos.gn.v20190710.tos_Omon_MPI-ESM1-2-LR_historical_r1i1p1f1_gn_185001-186912.nc|esgf3.dkrz.de,CMIP6.CMIP.MPI-M.MPI-ESM1-2-LR.historical.r1i1p1f1.Omon.tos.gn.v20190710|esgf3.dkrz.de,CMIP6,CMIP,MPI-M,MPI-ESM1-2-LR,historical,r1i1p1f1,Omon,mon,gn,20190710,250 km,tos,Sea Surface Temperature,degC,1850-01-01T00:00:00Z,1869-12-01T00:00:00Z,30178951,esgf3.dkrz.de,http://esgf3.dkrz.de/thredds/fileServer/cmip6/CMIP/MPI-M/MPI-ESM1-2-LR/historical/r1i1p1f1/Omon/tos/gn/v20190710/tos_Omon_MPI-ESM1-2-LR_historical_r1i1p1f1_gn_185001-186912.nc,hdl:21.14100/b8869b63-dc61-3254-89cd-58c51b46a60d,hdl:21.14100/40326101-1a73-46bb-a1d8-edb6f6a4da7c,9,1850,1859,2014,2005,TRUE,dec0,CMIP6.CMIP.MPI-M.MPI-ESM1-2-LR.historical.r1i1p1f1.Omon.tos.gn.v20190710,CMIP6.CMIP.MPI-M.MPI-ESM1-2-LR.historical.r1i1p1f1.Omon.tos.gn.v20190710.1850-1859.nc,/perm_storage/home/data/CMIP6_data/MPI-ESM1-2-LR/historical,/perm_storage/home/data/CMIP6_data/MPI-ESM1-2-LR/historical/CMIP6.CMIP.MPI-M.MPI-ESM1-2-LR.historical.r1i1p1f1.Omon.tos.gn.v20190710.1850-1859.nc
CMIP6.CMIP.MPI-M.MPI-ESM1-2-LR.historical.r1i1p1f1.Omon.tos.gn.v20190710.tos_Omon_MPI-ESM1-2-LR_historical_r1i1p1f1_gn_199001-200912.nc|esgf3.dkrz.de,CMIP6.CMIP.MPI-M.MPI-ESM1-2-LR.historical.r1i1p1f1.Omon.tos.gn.v20190710|esgf3.dkrz.de,CMIP6,CMIP,MPI-M,MPI-ESM1-2-LR,historical,r1i1p1f1,Omon,mon,gn,20190710,250 km,tos,Sea Surface Temperature,degC,1990-01-01T00:00:00Z,2009-12-01T00:00:00Z,30297784,esgf3.dkrz.de,http://esgf3.dkrz.de/thredds/fileServer/cmip6/CMIP/MPI-M/MPI-ESM1-2-LR/historical/r1i1p1f1/Omon/tos/gn/v20190710/tos_Omon_MPI-ESM1-2-LR_historical_r1i1p1f1_gn_199001-200912.nc,hdl:21.14100/b8869b63-dc61-3254-89cd-58c51b46a60d,hdl:21.14100/1bab583c-849a-43e3-9d61-f3b8b5758650,9,1850,1859,2014,2005,TRUE,decN,CMIP6.CMIP.MPI-M.MPI-ESM1-2-LR.historical.r1i1p1f1.Omon.tos.gn.v20190710,CMIP6.CMIP.MPI-M.MPI-ESM1-2-LR.historical.r1i1p1f1.Omon.tos.gn.v20190710.2005-2014.nc,/perm_storage/home/data/CMIP6_data/MPI-ESM1-2-LR/historical,/perm_storage/home/data/CMIP6_data/MPI-ESM1-2-LR/historical/CMIP6.CMIP.MPI-M.MPI-ESM1-2-LR.historical.r1i1p1f1.Omon.tos.gn.v20190710.2005-2014.nc
CMIP6.CMIP.MPI-M.MPI-ESM1-2-LR.historical.r1i1p1f1.Omon.tos.gn.v20190710.tos_Omon_MPI-ESM1-2-LR_historical_r1i1p1f1_gn_201001-201412.nc|esgf3.dkrz.de,CMIP6.CMIP.MPI-M.MPI-ESM1-2-LR.historical.r1i1p1f1.Omon.tos.gn.v20190710|esgf3.dkrz.de,CMIP6,CMIP,MPI-M,MPI-ESM1-2-LR,historical,r1i1p1f1,Omon,mon,gn,20190710,250 km,tos,Sea Surface Temperature,degC,2010-01-01T00:00:00Z,2014-12-01T00:00:00Z,9234012,esgf3.dkrz.de,http://esgf3.dkrz.de/thredds/fileServer/cmip6/CMIP/MPI-M/MPI-ESM1-2-LR/historical/r1i1p1f1/Omon/tos/gn/v20190710/tos_Omon_MPI-ESM1-2-LR_historical_r1i1p1f1_gn_201001-201412.nc,hdl:21.14100/b8869b63-dc61-3254-89cd-58c51b46a60d,hdl:21.14100/b11b872a-7ab3-4ca1-8ec7-1f6936b5f354,9,1850,1859,2014,2005,TRUE,decN,CMIP6.CMIP.MPI-M.MPI-ESM1-2-LR.historical.r1i1p1f1.Omon.tos.gn.v20190710,CMIP6.CMIP.MPI-M.MPI-ESM1-2-LR.historical.r1i1p1f1.Omon.tos.gn.v20190710.2005-2014.nc,/perm_storage/home/data/CMIP6_data/MPI-ESM1-2-LR/historical,/perm_storage/home/data/CMIP6_data/MPI-ESM1-2-LR/historical/CMIP6.CMIP.MPI-M.MPI-ESM1-2-LR.historical.r1i1p1f1.Omon.tos.gn.v20190710.2005-2014.nc
CMIP6.CMIP.MPI-M.MPI-ESM1-2-LR.historical.r1i1p1f1.SImon.siconc.gn.v20190710.siconc_SImon_MPI-ESM1-2-LR_historical_r1i1p1f1_gn_185001-186912.nc|esgf3.dkrz.de,CMIP6.CMIP.MPI-M.MPI-ESM1-2-LR.historical.r1i1p1f1.SImon.siconc.gn.v20190710|esgf3.dkrz.de,CMIP6,CMIP,MPI-M,MPI-ESM1-2-LR,historical,r1i1p1f1,SImon,mon,gn,20190710,250 km,siconc,Sea-Ice Area Percentage (Ocean Grid),%,1850-01-01T00:00:00Z,1869-12-01T00:00:00Z,12402141,esgf3.dkrz.de,http://esgf3.dkrz.de/thredds/fileServer/cmip6/CMIP/MPI-M/MPI-ESM1-2-LR/historical/r1i1p1f1/SImon/siconc/gn/v20190710/siconc_SImon_MPI-ESM1-2-LR_historical_r1i1p1f1_gn_185001-186912.nc,hdl:21.14100/e37a3606-13d3-3ff3-b704-6e0cba15cc30,hdl:21.14100/dd192178-d4c4-4613-97ca-98fe1ca01cf1,9,1850,1859,2014,2005,TRUE,dec0,CMIP6.CMIP.MPI-M.MPI-ESM1-2-LR.historical.r1i1p1f1.SImon.siconc.gn.v20190710,CMIP6.CMIP.MPI-M.MPI-ESM1-2-LR.historical.r1i1p1f1.SImon.siconc.gn.v20190710.1850-1859.nc,/perm_storage/home/data/CMIP6_data/MPI-ESM1-2-LR/historical,/perm_storage/home/data/CMIP6_data/MPI-ESM1-2-LR/historical/CMIP6.CMIP.MPI-M.MPI-ESM1-2-LR.historical.r1i1p1f1.SImon.siconc.gn.v20190710.1850-1859.nc
CMIP6.CMIP.MPI-M.MPI-ESM1-2-LR.historical.r1i1p1f1.SImon.siconc.gn.v20190710.siconc_SImon_MPI-ESM1-2-LR_historical_r1i1p1f1_gn_199001-200912.nc|esgf3.dkrz.de,CMIP6.CMIP.MPI-M.MPI-ESM1-2-LR.historical.r1i1p1f1.SImon.siconc.gn.v20190710|esgf3.dkrz.de,CMIP6,CMIP,MPI-M,MPI-ESM1-2-LR,historical,r1i1p1f1,SImon,mon,gn,20190710,250 km,siconc,Sea-Ice Area Percentage (Ocean Grid),%,1990-01-01T00:00:00Z,2009-12-01T00:00:00Z,11904289,esgf3.dkrz.de,http://esgf3.dkrz.de/thredds/fileServer/cmip6/CMIP/MPI-M/MPI-ESM1-2-LR/historical/r1i1p1f1/SImon/siconc/gn/v20190710/siconc_SImon_MPI-ESM1-2-LR_historical_r1i1p1f1_gn_199001-200912.nc,hdl:21.14100/e37a3606-13d3-3ff3-b704-6e0cba15cc30,hdl:21.14100/147ad886-16c3-4c7c-a424-42eb1e1dde81,9,1850,1859,2014,2005,TRUE,decN,CMIP6.CMIP.MPI-M.MPI-ESM1-2-LR.historical.r1i1p1f1.SImon.siconc.gn.v20190710,CMIP6.CMIP.MPI-M.MPI-ESM1-2-LR.historical.r1i1p1f1.SImon.siconc.gn.v20190710.2005-2014.nc,/perm_storage/home/data/CMIP6_data/MPI-ESM1-2-LR/historical,/perm_storage/home/data/CMIP6_data/MPI-ESM1-2-LR/historical/CMIP6.CMIP.MPI-M.MPI-ESM1-2-LR.historical.r1i1p1f1.SImon.siconc.gn.v20190710.2005-2014.nc
CMIP6.CMIP.MPI-M.MPI-ESM1-2-LR.historical.r1i1p1f1.SImon.siconc.gn.v20190710.siconc_SImon_MPI-ESM1-2-LR_historical_r1i1p1f1_gn_201001-201412.nc|esgf3.dkrz.de,CMIP6.CMIP.MPI-M.MPI-ESM1-2-LR.historical.r1i1p1f1.SImon.siconc.gn.v20190710|esgf3.dkrz.de,CMIP6,CMIP,MPI-M,MPI-ESM1-2-LR,historical,r1i1p1f1,SImon,mon,gn,20190710,250 km,siconc,Sea-Ice Area Percentage (Ocean Grid),%,2010-01-01T00:00:00Z,2014-12-01T00:00:00Z,4606761,esgf3.dkrz.de,http://esgf3.dkrz.de/thredds/fileServer/cmip6/CMIP/MPI-M/MPI-ESM1-2-LR/historical/r1i1p1f1/SImon/siconc/gn/v20190710/siconc_SImon_MPI-ESM1-2-LR_historical_r1i1p1f1_gn_201001-201412.nc,hdl:21.14100/e37a3606-13d3-3ff3-b704-6e0cba15cc30,hdl:21.14100/1ecf7d8e-5a5e-49e7-8dfb-c8e6051253a9,9,1850,1859,2014,2005,TRUE,decN,CMIP6.CMIP.MPI-M.MPI-ESM1-2-LR.historical.r1i1p1f1.SImon.siconc.gn.v20190710,CMIP6.CMIP.MPI-M.MPI-ESM1-2-LR.historical.r1i1p1f1.SImon.siconc.gn.v20190710.2005-2014.nc,/perm_storage/home/data/CMIP6_data/MPI-ESM1-2-LR/historical,/perm_storage/home/data/CMIP6_data/MPI-ESM1-2-LR/historical/CMIP6.CMIP.MPI-M.MPI-ESM1-2-LR.historical.r1i1p1f1.SImon.siconc.gn.v20190710.2005-2014.nc
CMIP6.ScenarioMIP.MPI-M.MPI-ESM1-2-LR.ssp245.r1i1p1f1.Omon.tos.gn.v20190710.tos_Omon_MPI-ESM1-2-LR_ssp245_r1i1p1f1_gn_201501-203412.nc|esgf3.dkrz.de,CMIP6.ScenarioMIP.MPI-M.MPI-ESM1-2-LR.ssp245.r1i1p1f1.Omon.tos.gn.v20190710|esgf3.dkrz.de,CMIP6,ScenarioMIP,MPI-M,MPI-ESM1-2-LR,ssp245,r1i1p1f1,Omon,mon,gn,20190710,250 km,tos,Sea Surface Temperature,degC,2015-01-01T00:00:00Z,2034-12-01T00:00:00Z,30386483,esgf3.dkrz.de,http://esgf3.dkrz.de/thredds/fileServer/cmip6/ScenarioMIP/MPI-M/MPI-ESM1-2-LR/ssp245/r1i1p1f1/Omon/tos/gn/v20190710/tos_Omon_MPI-ESM1-2-LR_ssp245_r1i1p1f1_gn_201501-203412.nc,hdl:21.14100/82cd9a5e-b0e9-3f32-b2ac-8a9d6ae0c289,hdl:21.14100/7c9cdb39-c5d8-4ac7-bd82-da75b91390b1,5,2015,2024,2100,2091,TRUE,dec0,CMIP6.ScenarioMIP.MPI-M.MPI-ESM1-2-LR.ssp245.r1i1p1f1.Omon.tos.gn.v20190710,CMIP6.ScenarioMIP.MPI-M.MPI-ESM1-2-LR.ssp245.r1i1p1f1.Omon.tos.gn.v20190710.2015-2024.nc,/perm_storage/home/data/CMIP6_data/MPI-ESM1-2-LR/ssp245,/perm_storage/home/data/CMIP6_data/MPI-ESM1-2-LR/ssp245/CMIP6.ScenarioMIP.MPI-M.MPI-ESM1-2-LR.ssp245.r1i1p1f1.Omon.tos.gn.v20190710.2015-2024.nc
CMIP6.ScenarioMIP.MPI-M.MPI-ESM1-2-LR.ssp245.r1i1p1f1.Omon.tos.gn.v20190710.tos_Omon_MPI-ESM1-2-LR_ssp245_r1i1p1f1_gn_207501-209412.nc|esgf3.dkrz.de,CMIP6.ScenarioMIP.MPI-M.MPI-ESM1-2-LR.ssp245.r1i1p1f1.Omon.tos.gn.v20190710|esgf3.dkrz.de,CMIP6,ScenarioMIP,MPI-M,MPI-ESM1-2-LR,ssp245,r1i1p1f1,Omon,mon,gn,20190710,250 km,tos,Sea Surface Temperature,degC,2075-01-01T00:00:00Z,2094-12-01T00:00:00Z,30662415,esgf3.dkrz.de,http://esgf3.dkrz.de/thredds/fileServer/cmip6/ScenarioMIP/MPI-M/MPI-ESM1-2-LR/ssp245/r1i1p1f1/Omon/tos/gn/v20190710/tos_Omon_MPI-ESM1-2-LR_ssp245_r1i1p1f1_gn_207501-209412.nc,hdl:21.14100/82cd9a5e-b0e9-3f32-b2ac-8a9d6ae0c289,hdl:21.14100/c5812c6c-6301-40fd-ae20-c5b1477df2b0,5,2015,2024,2100,2091,TRUE,decN,CMIP6.ScenarioMIP.MPI-M.MPI-ESM1-2-LR.ssp245.r1i1p1f1.Omon.tos.gn.v20190710,CMIP6.ScenarioMIP.MPI-M.MPI-ESM1-2-LR.ssp245.r1i1p1f1.Omon.tos.gn.v20190710.2091-2100.nc,/perm_storage/home/data/CMIP6_data/MPI-ESM1-2-LR/ssp245,/perm_storage/home/data/CMIP6_data/MPI-ESM1-2-LR/ssp245/CMIP6.ScenarioMIP.MPI-M.MPI-ESM1-2-LR.ssp245.r1i1p1f1.Omon.tos.gn.v20190710.2091-2100.nc
CMIP6.ScenarioMIP.MPI-M.MPI-ESM1-2-LR.ssp245.r1i1p1f1.Omon.tos.gn.v20190710.tos_Omon_MPI-ESM1-2-LR_ssp245_r1i1p1f1_gn_209501-210012.nc|esgf3.dkrz.de,CMIP6.ScenarioMIP.MPI-M.MPI-ESM1-2-LR.ssp245.r1i1p1f1.Omon.tos.gn.v20190710|esgf3.dkrz.de,CMIP6,ScenarioMIP,MPI-M,MPI-ESM1-2-LR,ssp245,r1i1p1f1,Omon,mon,gn,20190710,250 km,tos,Sea Surface Temperature,degC,2095-01-01T00:00:00Z,2100-12-01T00:00:00Z,10774615,esgf3.dkrz.de,http://esgf3.dkrz.de/thredds/fileServer/cmip6/ScenarioMIP/MPI-M/MPI-ESM1-2-LR/ssp245/r1i1p1f1/Omon/tos/gn/v20190710/tos_Omon_MPI-ESM1-2-LR_ssp245_r1i1p1f1_gn_209501-210012.nc,hdl:21.14100/82cd9a5e-b0e9-3f32-b2ac-8a9d6ae0c289,hdl:21.14100/a98a86c4-946e-4ad3-b706-19f295b5df9c,5,2015,2024,2100,2091,TRUE,decN,CMIP6.ScenarioMIP.MPI-M.MPI-ESM1-2-LR.ssp245.r1i1p1f1.Omon.tos.gn.v20190710,CMIP6.ScenarioMIP.MPI-M.MPI-ESM1-2-LR.ssp245.r1i1p1f1.Omon.tos.gn.v20190710.2091-2100.nc,/perm_storage/home/data/CMIP6_data/MPI-ESM1-2-LR/ssp245,/perm_storage/home/data/CMIP6_data/MPI-ESM1-2-LR/ssp245/CMIP6.ScenarioMIP.MPI-M.MPI-ESM1-2-LR.ssp245.r1i1p1f1.Omon.tos.gn.v20190710.2091-2100.nc
CMIP6.ScenarioMIP.MPI-M.MPI-ESM1-2-LR.ssp245.r1i1p1f1.SImon.siconc.gn.v20190710.siconc_SImon_MPI-ESM1-2-LR_ssp245_r1i1p1f1_gn_201501-203412.nc|esgf3.dkrz.de,CMIP6.ScenarioMIP.MPI-M.MPI-ESM1-2-LR.ssp245.r1i1p1f1.SImon.siconc.gn.v20190710|esgf3.dkrz.de,CMIP6,ScenarioMIP,MPI-M,MPI-ESM1-2-LR,ssp245,r1i1p1f1,SImon,mon,gn,20190710,250 km,siconc,Sea-Ice Area Percentage (Ocean Grid),%,2015-01-01T00:00:00Z,2034-12-01T00:00:00Z,11581362,esgf3.dkrz.de,http://esgf3.dkrz.de/thredds/fileServer/cmip6/ScenarioMIP/MPI-M/MPI-ESM1-2-LR/ssp245/r1i1p1f1/SImon/siconc/gn/v20190710/siconc_SImon_MPI-ESM1-2-LR_ssp245_r1i1p1f1_gn_201501-203412.nc,hdl:21.14100/88272246-4f6d-3ffa-9419-7e8666d41fa5,hdl:21.14100/bf65a6b1-5afd-42f5-883f-37ba1908b3be,5,2015,2024,2100,2091,TRUE,dec0,CMIP6.ScenarioMIP.MPI-M.MPI-ESM1-2-LR.ssp245.r1i1p1f1.SImon.siconc.gn.v20190710,CMIP6.ScenarioMIP.MPI-M.MPI-ESM1-2-LR.ssp245.r1i1p1f1.SImon.siconc.gn.v20190710.2015-2024.nc,/perm_storage/home/data/CMIP6_data/MPI-ESM1-2-LR/ssp245,/perm_storage/home/data/CMIP6_data/MPI-ESM1-2-LR/ssp245/CMIP6.ScenarioMIP.MPI-M.MPI-ESM1-2-LR.ssp245.r1i1p1f1.SImon.siconc.gn.v20190710.2015-2024.nc
CMIP6.ScenarioMIP.MPI-M.MPI-ESM1-2-LR.ssp245.r1i1p1f1.SImon.siconc.gn.v20190710.siconc_SImon_MPI-ESM1-2-LR_ssp245_r1i1p1f1_gn_207501-209412.nc|esgf3.dkrz.de,CMIP6.ScenarioMIP.MPI-M.MPI-ESM1-2-LR.ssp245.r1i1p1f1.SImon.siconc.gn.v20190710|esgf3.dkrz.de,CMIP6,ScenarioMIP,MPI-M,MPI-ESM1-2-LR,ssp245,r1i1p1f1,SImon,mon,gn,20190710,250 km,siconc,Sea-Ice Area Percentage (Ocean Grid),%,2075-01-01T00:00:00Z,2094-12-01T00:00:00Z,10848787,esgf3.dkrz.de,http://esgf3.dkrz.de/thredds/fileServer/cmip6/ScenarioMIP/MPI-M/MPI-ESM1-2-LR/ssp245/r1i1p1f1/SImon/siconc/gn/v20190710/siconc_SImon_MPI-ESM1-2-LR_ssp245_r1i1p1f1_gn_207501-209412.nc,hdl:21.14100/88272246-4f6d-3ffa-9419-7e8666d41fa5,hdl:21.14100/51bc4b13-2fb7-483b-9339-678a00641502,5,2015,2024,2100,2091,TRUE,decN,CMIP6.ScenarioMIP.MPI-M.MPI-ESM1-2-LR.ssp245.r1i1p1f1.SImon.siconc.gn.v20190710,CMIP6.ScenarioMIP.MPI-M.MPI-ESM1-2-LR.ssp245.r1i1p1f1.SImon.siconc.gn.v20190710.2091-2100.nc,/perm_storage/home/data/CMIP6_data/MPI-ESM1-2-LR/ssp245,/perm_storage/home/data/CMIP6_data/MPI-ESM1-2-LR/ssp245/CMIP6.ScenarioMIP.MPI-M.MPI-ESM1-2-LR.ssp245.r1i1p1f1.SImon.siconc.gn.v20190710.2091-2100.nc
CMIP6.ScenarioMIP.MPI-M.MPI-ESM1-2-LR.ssp245.r1i1p1f1.SImon.siconc.gn.v20190710.siconc_SImon_MPI-ESM1-2-LR_ssp245_r1i1p1f1_gn_209501-210012.nc|esgf3.dkrz.de,CMIP6.ScenarioMIP.MPI-M.MPI-ESM1-2-LR.ssp245.r1i1p1f1.SImon.siconc.gn.v20190710|esgf3.dkrz.de,CMIP6,ScenarioMIP,MPI-M,MPI-ESM1-2-LR,ssp245,r1i1p1f1,SImon,mon,gn,20190710,250 km,siconc,Sea-Ice Area Percentage (Ocean Grid),%,2095-01-01T00:00:00Z,2100-12-01T00:00:00Z,4818599,esgf3.dkrz.de,http://esgf3.dkrz.de/thredds/fileServer/cmip6/ScenarioMIP/MPI-M/MPI-ESM1-2-LR/ssp245/r1i1p1f1/SImon/siconc/gn/v20190710/siconc_SImon_MPI-ESM1-2-LR_ssp245_r1i1p1f1_gn_209501-210012.nc,hdl:21.14100/88272246-4f6d-3ffa-9419-7e8666d41fa5,hdl:21.14100/29dbfcfc-7c48-46d6-9af5-ca85606ea3fd,5,2015,2024,2100,2091,TRUE,decN,CMIP6.ScenarioMIP.MPI-M.MPI-ESM1-2-LR.ssp245.r1i1p1f1.SImon.siconc.gn.v20190710,CMIP6.ScenarioMIP.MPI-M.MPI-ESM1-2-LR.ssp245.r1i1p1f1.SImon.siconc.gn.v20190710.2091-2100.nc,/perm_storage/home/data/CMIP6_data/MPI-ESM1-2-LR/ssp245,/perm_storage/home/data/CMIP6_data/MPI-ESM1-2-LR/ssp245/CMIP6.ScenarioMIP.MPI-M.MPI-ESM1-2-LR.ssp245.r1i1p1f1.SImon.siconc.gn.v20190710.2091-2100.nc
CMIP6.ScenarioMIP.MPI-M.MPI-ESM1-2-LR.ssp585.r1i1p1f1.Omon.intpp.gn.v20190710.intpp_Omon_MPI-ESM1-2-LR_ssp585_r1i1p1f1_gn_201501-203412.nc|esgf3.dkrz.de,CMIP6.ScenarioMIP.MPI-M.MPI-ESM1-2-LR.ssp585.r1i1p1f1.Omon.intpp.gn.v20190710|esgf3.dkrz.de,CMIP6,ScenarioMIP,MPI-M,MPI-ESM1-2-LR,ssp585,r1i1p1f1,Omon,mon,gn,20190710,250 km,intpp,Primary Organic Carbon Production by All Types of Phytoplankton,mol m-2 s-1,2015-01-01T00:00:00Z,2034-12-01T00:00:00Z,32307378,esgf3.dkrz.de,http://esgf3.dkrz.de/thredds/fileServer/cmip6/ScenarioMIP/MPI-M/MPI-ESM1-2-LR/ssp585/r1i1p1f1/Omon/intpp/gn/v20190710/intpp_Omon_MPI-ESM1-2-LR_ssp585_r1i1p1f1_gn_201501-203412.nc,hdl:21.14100/d3f67d30-40ee-3f31-9945-51f7e4284405,hdl:21.14100/8ef3cb15-213a-4ed0-8641-9a3e8c01daef,5,2015,2024,2100,2091,TRUE,dec0,CMIP6.ScenarioMIP.MPI-M.MPI-ESM1-2-LR.ssp585.r1i1p1f1.Omon.intpp.gn.v20190710,CMIP6.ScenarioMIP.MPI-M.MPI-ESM1-2-LR.ssp585.r1i1p1f1.Omon.intpp.gn.v20190710.2015-2024.nc,/perm_storage/home/data/CMIP6_data/MPI-ESM1-2-LR/ssp585,/perm_storage/home/data/CMIP6_data/MPI-ESM1-2-LR/ssp585/CMIP6.ScenarioMIP.MPI-M.MPI-ESM1-2-LR.ssp585.r1i1p1f1.Omon.intpp.gn.v20190710.2015-2024.nc
CMIP6.ScenarioMIP.MPI-M.MPI-ESM1-2-LR.ssp585.r1i1p1f1.Omon.intpp.gn.v20190710.intpp_Omon_MPI-ESM1-2-LR_ssp585_r1i1p1f1_gn_207501-209412.nc|esgf3.dkrz.de,CMIP6.ScenarioMIP.MPI-M.MPI-ESM1-2-LR.ssp585.r1i1p1f1.Omon.intpp.gn.v20190710|esgf3.dkrz.de,CMIP6,ScenarioMIP,MPI-M,MPI-ESM1-2-LR,ssp585,r1i1p1f1,Omon,mon,gn,20190710,250 km,intpp,Primary Organic Carbon Production by All Types of Phytoplankton,mol m-2 s-1,2075-01-01T00:00:00Z,2094-12-01T00:00:00Z,32242689,esgf3.dkrz.de,http://esgf3.dkrz.de/thredds/fileServer/cmip6/ScenarioMIP/MPI-M/MPI-ESM1-2-LR/ssp585/r1i1p1f1/Omon/intpp/gn/v20190710/intpp_Omon_MPI-ESM1-2-LR_ssp585_r1i1p1f1_gn_207501-209412.nc,hdl:21.14100/d3f67d30-40ee-3f31-9945-51f7e4284405,hdl:21.14100/88fe7354-ab5d-4e2b-95f7-04c4c5edfa31,5,2015,2024,2100,2091,TRUE,decN,CMIP6.ScenarioMIP.MPI-M.MPI-ESM1-2-LR.ssp585.r1i1p1f1.Omon.intpp.gn.v20190710,CMIP6.ScenarioMIP.MPI-M.MPI-ESM1-2-LR.ssp585.r1i1p1f1.Omon.intpp.gn.v20190710.2091-2100.nc,/perm_storage/home/data/CMIP6_data/MPI-ESM1-2-LR/ssp585,/perm_storage/home/data/CMIP6_data/MPI-ESM1-2-LR/ssp585/CMIP6.ScenarioMIP.MPI-M.MPI-ESM1-2-LR.ssp585.r1i1p1f1.Omon.intpp.gn.v20190710.2091-2100.nc
CMIP6.ScenarioMIP.MPI-M.MPI-ESM1-2-LR.ssp585.r1i1p1f1.Omon.intpp.gn.v20190710.intpp_Omon_MPI-ESM1-2-LR_ssp585_r1i1p1f1_gn_209501-210012.nc|esgf3.dkrz.de,CMIP6.ScenarioMIP.MPI-M.MPI-ESM1-2-LR.ssp585.r1i1p1f1.Omon.intpp.gn.v20190710|esgf3.dkrz.de,CMIP6,ScenarioMIP,MPI-M,MPI-ESM1-2-LR,ssp585,r1i1p1f1,Omon,mon,gn,20190710,250 km,intpp,Primary Organic Carbon Production by All Types of Phytoplankton,mol m-2 s-1,2095-01-01T00:00:00Z,2100-12-01T00:00:00Z,11235079,esgf3.dkrz.de,http://esgf3.dkrz.de/thredds/fileServer/cmip6/ScenarioMIP/MPI-M/MPI-ESM1-2-LR/ssp585/r1i1p1f1/Omon/intpp/gn/v20190710/intpp_Omon_MPI-ESM1-2-LR_ssp585_r1i1p1f1_gn_209501-210012.nc,hdl:21.14100/d3f67d30-40ee-3f31-9945-51f7e4284405,hdl:21.14100/5ebe87f4-4292-4b75-a916-6bd5a41666b0,5,2015,2024,2100,2091,TRUE,decN,CMIP6.ScenarioMIP.MPI-M.MPI-ESM1-2-LR.ssp585.r1i1p1f1.Omon.intpp.gn.v20190710,CMIP6.ScenarioMIP.MPI-M.MPI-ESM1-2-LR.ssp585.r1i1p1f1.Omon.intpp.gn.v20190710.2091-2100.nc,/perm_storage/home/data/CMIP6_data/MPI-ESM1-2-LR/ssp585,/perm_storage/home/data/CMIP6_data/MPI-ESM1-2-LR/ssp585/CMIP6.ScenarioMIP.MPI-M.MPI-ESM1-2-LR.ssp585.r1i1p1f1.Omon.intpp.gn.v20190710.2091-2100.nc
CMIP6.ScenarioMIP.MPI-M.MPI-ESM1-2-LR.ssp585.r1i1p1f1.SImon.siconc.gn.v20190710.siconc_SImon_MPI-ESM1-2-LR_ssp585_r1i1p1f1_gn_201501-203412.nc|esgf3.dkrz.de,CMIP6.ScenarioMIP.MPI-M.MPI-ESM1-2-LR.ssp585.r1i1p1f1.SImon.siconc.gn.v20190710|esgf3.dkrz.de,CMIP6,ScenarioMIP,MPI-M,MPI-ESM1-2-LR,ssp585,r1i1p1f1,SImon,mon,gn,20190710,250 km,siconc,Sea-Ice Area Percentage (Ocean Grid),%,2015-01-01T00:00:00Z,2034-12-01T00:00:00Z,11517459,esgf3.dkrz.de,http://esgf3.dkrz.de/thredds/fileServer/cmip6/ScenarioMIP/MPI-M/MPI-ESM1-2-LR/ssp585/r1i1p1f1/SImon/siconc/gn/v20190710/siconc_SImon_MPI-ESM1-2-LR_ssp585_r1i1p1f1_gn_201501-203412.nc,hdl:21.14100/4d3e7419-9e47-399c-9a9a-c9e1e5526a95,hdl:21.14100/0ac8cfa3-ba79-4e70-97fb-19ebb7732d31,5,2015,2024,2100,2091,TRUE,dec0,CMIP6.ScenarioMIP.MPI-M.MPI-ESM1-2-LR.ssp585.r1i1p1f1.SImon.siconc.gn.v20190710,CMIP6.ScenarioMIP.MPI-M.MPI-ESM1-2-LR.ssp585.r1i1p1f1.SImon.siconc.gn.v20190710.2015-2024.nc,/perm_storage/home/data/CMIP6_data/MPI-ESM1-2-LR/ssp585,/perm_storage/home/data/CMIP6_data/MPI-ESM1-2-LR/ssp585/CMIP6.ScenarioMIP.MPI-M.MPI-ESM1-2-LR.ssp585.r1i1p1f1.SImon.siconc.gn.v20190710.2015-2024.nc
CMIP6.ScenarioMIP.MPI-M.MPI-ESM1-2-LR.ssp585.r1i1p1f1.SImon.siconc.gn.v20190710.siconc_SImon_MPI-ESM1-2-LR_ssp585_r1i1p1f1_gn_207501-209412.nc|esgf3.dkrz.de,CMIP6.ScenarioMIP.MPI-M.MPI-ESM1-2-LR.ssp585.r1i1p1f1.SImon.siconc.gn.v20190710|esgf3.dkrz.de,CMIP6,ScenarioMIP,MPI-M,MPI-ESM1-2-LR,ssp585,r1i1p1f1,SImon,mon,gn,20190710,250 km,siconc,Sea-Ice Area Percentage (Ocean Grid),%,2075-01-01T00:00:00Z,2094-12-01T00:00:00Z,10055950,esgf3.dkrz.de,http://esgf3.dkrz.de/thredds/fileServer/cmip6/ScenarioMIP/MPI-M/MPI-ESM1-2-LR/ssp585/r1i1p1f1/SImon/siconc/gn/v20190710/siconc_SImon_MPI-ESM1-2-LR_ssp585_r1i1p1f1_gn_207501-209412.nc,hdl:21.14100/4d3e7419-9e47-399c-9a9a-c9e1e5526a95,hdl:21.14100/d41537ec-a1f2-43a9-88ee-da325493b807,5,2015,2024,2100,2091,TRUE,decN,CMIP6.ScenarioMIP.MPI-M.MPI-ESM1-2-LR.ssp585.r1i1p1f1.SImon.siconc.gn.v20190710,CMIP6.ScenarioMIP.MPI-M.MPI-ESM1-2-LR.ssp585.r1i1p1f1.SImon.siconc.gn.v20190710.2091-2100.nc,/perm_storage/home/data/CMIP6_data/MPI-ESM1-2-LR/ssp585,/perm_storage/home/data/CMIP6_data/MPI-ESM1-2-LR/ssp585/CMIP6.ScenarioMIP.MPI-M.MPI-ESM1-2-LR.ssp585.r1i1p1f1.SImon.siconc.gn.v20190710.2091-2100.nc
CMIP6.ScenarioMIP.MPI-M.MPI-ESM1-2-LR.ssp585.r1i1p1f1.SImon.siconc.gn.v20190710.siconc_SImon_MPI-ESM1-2-LR_ssp585_r1i1p1f1_gn_209501-210012.nc|esgf3.dkrz.de,CMIP6.ScenarioMIP.MPI-M.MPI-ESM1-2-LR.ssp585.r1i1p1f1.SImon.siconc.gn.v20190710|esgf3.dkrz.de,CMIP6,ScenarioMIP,MPI-M,MPI-ESM1-2-LR,ssp585,r1i1p1f1,SImon,mon,gn,20190710,250 km,siconc,Sea-Ice Area Percentage (Ocean Grid),%,2095-01-01T00:00:00Z,2100-12-01T00:00:00Z,4413786,esgf3.dkrz.de,http://esgf3.dkrz.de/thredds/fileServer/cmip6/ScenarioMIP/MPI-M/MPI-ESM1-2-LR/ssp585/r1i1p1f1/SImon/siconc/gn/v20190710/siconc_SImon_MPI-ESM1-2-LR_ssp585_r1i1p1f1_gn_209501-210012.nc,hdl:21.14100/4d3e7419-9e47-399c-9a9a-c9e1e5526a95,hdl:21.14100/da4dc363-f016-4a9e-8398-103012fb4755,5,2015,2024,2100,2091,TRUE,decN,CMIP6.ScenarioMIP.MPI-M.MPI-ESM1-2-LR.ssp585.r1i1p1f1.SImon.siconc.gn.v20190710,CMIP6.ScenarioMIP.MPI-M.MPI-ESM1-2-LR.ssp585.r1i1p1f1.SImon.siconc.gn.v20190710.2091-2100.nc,/perm_storage/home/data/CMIP6_data/MPI-ESM1-2-LR/ssp585,/perm_storage/home/data/CMIP6_data/MPI-ESM1-2-LR/ssp585/CMIP6.ScenarioMIP.MPI-M.MPI-ESM1-2-LR.ssp585.r1i1p1f1.SImon.siconc.gn.v20190710.2091-2100.nc
CMIP6.ScenarioMIP.MPI-M.MPI-ESM1-2-LR.ssp585.r1i1p1f1.Omon.tos.gn.v20190710.tos_Omon_MPI-ESM1-2-LR_ssp585_r1i1p1f1_gn_201501-203412.nc|esgf3.dkrz.de,CMIP6.ScenarioMIP.MPI-M.MPI-ESM1-2-LR.ssp585.r1i1p1f1.Omon.tos.gn.v20190710|esgf3.dkrz.de,CMIP6,ScenarioMIP,MPI-M,MPI-ESM1-2-LR,ssp585,r1i1p1f1,Omon,mon,gn,20190710,250 km,tos,Sea Surface Temperature,degC,2015-01-01T00:00:00Z,2034-12-01T00:00:00Z,30395879,esgf3.dkrz.de,http://esgf3.dkrz.de/thredds/fileServer/cmip6/ScenarioMIP/MPI-M/MPI-ESM1-2-LR/ssp585/r1i1p1f1/Omon/tos/gn/v20190710/tos_Omon_MPI-ESM1-2-LR_ssp585_r1i1p1f1_gn_201501-203412.nc,hdl:21.14100/6e9aeb4f-bdd5-3127-9ac8-9357ac0891b1,hdl:21.14100/e9fc6810-e058-4ff3-91ff-e98783e10e6b,5,2015,2024,2100,2091,TRUE,dec0,CMIP6.ScenarioMIP.MPI-M.MPI-ESM1-2-LR.ssp585.r1i1p1f1.Omon.tos.gn.v20190710,CMIP6.ScenarioMIP.MPI-M.MPI-ESM1-2-LR.ssp585.r1i1p1f1.Omon.tos.gn.v20190710.2015-2024.nc,/perm_storage/home/data/CMIP6_data/MPI-ESM1-2-LR/ssp585,/perm_storage/home/data/CMIP6_data/MPI-ESM1-2-LR/ssp585/CMIP6.ScenarioMIP.MPI-M.MPI-ESM1-2-LR.ssp585.r1i1p1f1.Omon.tos.gn.v20190710.2015-2024.nc
CMIP6.ScenarioMIP.MPI-M.MPI-ESM1-2-LR.ssp585.r1i1p1f1.Omon.tos.gn.v20190710.tos_Omon_MPI-ESM1-2-LR_ssp585_r1i1p1f1_gn_207501-209412.nc|esgf3.dkrz.de,CMIP6.ScenarioMIP.MPI-M.MPI-ESM1-2-LR.ssp585.r1i1p1f1.Omon.tos.gn.v20190710|esgf3.dkrz.de,CMIP6,ScenarioMIP,MPI-M,MPI-ESM1-2-LR,ssp585,r1i1p1f1,Omon,mon,gn,20190710,250 km,tos,Sea Surface Temperature,degC,2075-01-01T00:00:00Z,2094-12-01T00:00:00Z,30898136,esgf3.dkrz.de,http://esgf3.dkrz.de/thredds/fileServer/cmip6/ScenarioMIP/MPI-M/MPI-ESM1-2-LR/ssp585/r1i1p1f1/Omon/tos/gn/v20190710/tos_Omon_MPI-ESM1-2-LR_ssp585_r1i1p1f1_gn_207501-209412.nc,hdl:21.14100/6e9aeb4f-bdd5-3127-9ac8-9357ac0891b1,hdl:21.14100/3bd4924b-c201-454f-8dfb-48c70183198d,5,2015,2024,2100,2091,TRUE,decN,CMIP6.ScenarioMIP.MPI-M.MPI-ESM1-2-LR.ssp585.r1i1p1f1.Omon.tos.gn.v20190710,CMIP6.ScenarioMIP.MPI-M.MPI-ESM1-2-LR.ssp585.r1i1p1f1.Omon.tos.gn.v20190710.2091-2100.nc,/perm_storage/home/data/CMIP6_data/MPI-ESM1-2-LR/ssp585,/perm_storage/home/data/CMIP6_data/MPI-ESM1-2-LR/ssp585/CMIP6.ScenarioMIP.MPI-M.MPI-ESM1-2-LR.ssp585.r1i1p1f1.Omon.tos.gn.v20190710.2091-2100.nc
CMIP6.ScenarioMIP.MPI-M.MPI-ESM1-2-LR.ssp585.r1i1p1f1.Omon.tos.gn.v20190710.tos_Omon_MPI-ESM1-2-LR_ssp585_r1i1p1f1_gn_209501-210012.nc|esgf3.dkrz.de,CMIP6.ScenarioMIP.MPI-M.MPI-ESM1-2-LR.ssp585.r1i1p1f1.Omon.tos.gn.v20190710|esgf3.dkrz.de,CMIP6,ScenarioMIP,MPI-M,MPI-ESM1-2-LR,ssp585,r1i1p1f1,Omon,mon,gn,20190710,250 km,tos,Sea Surface Temperature,degC,2095-01-01T00:00:00Z,2100-12-01T00:00:00Z,10873316,esgf3.dkrz.de,http://esgf3.dkrz.de/thredds/fileServer/cmip6/ScenarioMIP/MPI-M/MPI-ESM1-2-LR/ssp585/r1i1p1f1/Omon/tos/gn/v20190710/tos_Omon_MPI-ESM1-2-LR_ssp585_r1i1p1f1_gn_209501-210012.nc,hdl:21.14100/6e9aeb4f-bdd5-3127-9ac8-9357ac0891b1,hdl:21.14100/182b6a5a-c535-4d4e-b9ce-65f86c291af5,5,2015,2024,2100,2091,TRUE,decN,CMIP6.ScenarioMIP.MPI-M.MPI-ESM1-2-LR.ssp585.r1i1p1f1.Omon.tos.gn.v20190710,CMIP6.ScenarioMIP.MPI-M.MPI-ESM1-2-LR.ssp585.r1i1p1f1.Omon.tos.gn.v20190710.2091-2100.nc,/perm_storage/home/data/CMIP6_data/MPI-ESM1-2-LR/ssp585,/perm_storage/home/data/CMIP6_data/MPI-ESM1-2-LR/ssp585/CMIP6.ScenarioMIP.MPI-M.MPI-ESM1-2-LR.ssp585.r1i1p1f1.Omon.tos.gn.v20190710.2091-2100.nc
CMIP6.ScenarioMIP.MPI-M.MPI-ESM1-2-LR.ssp245.r1i1p1f1.Omon.intpp.gn.v20190710.intpp_Omon_MPI-ESM1-2-LR_ssp245_r1i1p1f1_gn_201501-203412.nc|esgf3.dkrz.de,CMIP6.ScenarioMIP.MPI-M.MPI-ESM1-2-LR.ssp245.r1i1p1f1.Omon.intpp.gn.v20190710|esgf3.dkrz.de,CMIP6,ScenarioMIP,MPI-M,MPI-ESM1-2-LR,ssp245,r1i1p1f1,Omon,mon,gn,20190710,250 km,intpp,Primary Organic Carbon Production by All Types of Phytoplankton,mol m-2 s-1,2015-01-01T00:00:00Z,2034-12-01T00:00:00Z,32308008,esgf3.dkrz.de,http://esgf3.dkrz.de/thredds/fileServer/cmip6/ScenarioMIP/MPI-M/MPI-ESM1-2-LR/ssp245/r1i1p1f1/Omon/intpp/gn/v20190710/intpp_Omon_MPI-ESM1-2-LR_ssp245_r1i1p1f1_gn_201501-203412.nc,hdl:21.14100/2eb5bfb9-4c11-3bf5-b56e-ae1450224a49,hdl:21.14100/13090303-eebb-4199-b64f-b8115debe548,5,2015,2024,2100,2091,TRUE,dec0,CMIP6.ScenarioMIP.MPI-M.MPI-ESM1-2-LR.ssp245.r1i1p1f1.Omon.intpp.gn.v20190710,CMIP6.ScenarioMIP.MPI-M.MPI-ESM1-2-LR.ssp245.r1i1p1f1.Omon.intpp.gn.v20190710.2015-2024.nc,/perm_storage/home/data/CMIP6_data/MPI-ESM1-2-LR/ssp245,/perm_storage/home/data/CMIP6_data/MPI-ESM1-2-LR/ssp245/CMIP6.ScenarioMIP.MPI-M.MPI-ESM1-2-LR.ssp245.r1i1p1f1.Omon.intpp.gn.v20190710.2015-2024.nc
CMIP6.ScenarioMIP.MPI-M.MPI-ESM1-2-LR.ssp245.r1i1p1f1.Omon.intpp.gn.v20190710.intpp_Omon_MPI-ESM1-2-LR_ssp245_r1i1p1f1_gn_207501-209412.nc|esgf3.dkrz.de,CMIP6.ScenarioMIP.MPI-M.MPI-ESM1-2-LR.ssp245.r1i1p1f1.Omon.intpp.gn.v20190710|esgf3.dkrz.de,CMIP6,ScenarioMIP,MPI-M,MPI-ESM1-2-LR,ssp245,r1i1p1f1,Omon,mon,gn,20190710,250 km,intpp,Primary Organic Carbon Production by All Types of Phytoplankton,mol m-2 s-1,2075-01-01T00:00:00Z,2094-12-01T00:00:00Z,32269924,esgf3.dkrz.de,http://esgf3.dkrz.de/thredds/fileServer/cmip6/ScenarioMIP/MPI-M/MPI-ESM1-2-LR/ssp245/r1i1p1f1/Omon/intpp/gn/v20190710/intpp_Omon_MPI-ESM1-2-LR_ssp245_r1i1p1f1_gn_207501-209412.nc,hdl:21.14100/2eb5bfb9-4c11-3bf5-b56e-ae1450224a49,hdl:21.14100/736f328e-47d0-44f9-a62a-17b6edc1f542,5,2015,2024,2100,2091,TRUE,decN,CMIP6.ScenarioMIP.MPI-M.MPI-ESM1-2-LR.ssp245.r1i1p1f1.Omon.intpp.gn.v20190710,CMIP6.ScenarioMIP.MPI-M.MPI-ESM1-2-LR.ssp245.r1i1p1f1.Omon.intpp.gn.v20190710.2091-2100.nc,/perm_storage/home/data/CMIP6_data/MPI-ESM1-2-LR/ssp245,/perm_storage/home/data/CMIP6_data/MPI-ESM1-2-LR/ssp245/CMIP6.ScenarioMIP.MPI-M.MPI-ESM1-2-LR.ssp245.r1i1p1f1.Omon.intpp.gn.v20190710.2091-2100.nc
CMIP6.ScenarioMIP.MPI-M.MPI-ESM1-2-LR.ssp245.r1i1p1f1.Omon.intpp.gn.v20190710.intpp_Omon_MPI-ESM1-2-LR_ssp245_r1i1p1f1_gn_209501-210012.nc|esgf3.dkrz.de,CMIP6.ScenarioMIP.MPI-M.MPI-ESM1-2-LR.ssp245.r1i1p1f1.Omon.intpp.gn.v20190710|esgf3.dkrz.de,CMIP6,ScenarioMIP,MPI-M,MPI-ESM1-2-LR,ssp245,r1i1p1f1,Omon,mon,gn,20190710,250 km,intpp,Primary Organic Carbon Production by All Types of Phytoplankton,mol m-2 s-1,2095-01-01T00:00:00Z,2100-12-01T00:00:00Z,11242413,esgf3.dkrz.de,http://esgf3.dkrz.de/thredds/fileServer/cmip6/ScenarioMIP/MPI-M/MPI-ESM1-2-LR/ssp245/r1i1p1f1/Omon/intpp/gn/v20190710/intpp_Omon_MPI-ESM1-2-LR_ssp245_r1i1p1f1_gn_209501-210012.nc,hdl:21.14100/2eb5bfb9-4c11-3bf5-b56e-ae1450224a49,hdl:21.14100/8cc43a47-c190-4cd6-a1c3-7a079f22f423,5,2015,2024,2100,2091,TRUE,decN,CMIP6.ScenarioMIP.MPI-M.MPI-ESM1-2-LR.ssp245.r1i1p1f1.Omon.intpp.gn.v20190710,CMIP6.ScenarioMIP.MPI-M.MPI-ESM1-2-LR.ssp245.r1i1p1f1.Omon.intpp.gn.v20190710.2091-2100.nc,/perm_storage/home/data/CMIP6_data/MPI-ESM1-2-LR/ssp245,/perm_storage/home/data/CMIP6_data/MPI-ESM1-2-LR/ssp245/CMIP6.ScenarioMIP.MPI-M.MPI-ESM1-2-LR.ssp245.r1i1p1f1.Omon.intpp.gn.v20190710.2091-2100.nc
CMIP6.CMIP.MPI-M.MPI-ESM1-2-HR.historical.r1i1p1f1.SImon.siconc.gn.v20190710.siconc_SImon_MPI-ESM1-2-HR_historical_r1i1p1f1_gn_185001-185412.nc|esgf3.dkrz.de,CMIP6.CMIP.MPI-M.MPI-ESM1-2-HR.historical.r1i1p1f1.SImon.siconc.gn.v20190710|esgf3.dkrz.de,CMIP6,CMIP,MPI-M,MPI-ESM1-2-HR,historical,r1i1p1f1,SImon,mon,gn,20190710,50 km,siconc,Sea-Ice Area Percentage (Ocean Grid),%,1850-01-01T00:00:00Z,1854-12-01T00:00:00Z,17124254,esgf3.dkrz.de,http://esgf3.dkrz.de/thredds/fileServer/cmip6/CMIP/MPI-M/MPI-ESM1-2-HR/historical/r1i1p1f1/SImon/siconc/gn/v20190710/siconc_SImon_MPI-ESM1-2-HR_historical_r1i1p1f1_gn_185001-185412.nc,hdl:21.14100/d358b79e-fca0-301e-ba68-eedd39aba7e7,hdl:21.14100/685b5061-dbde-443f-8d17-40f04889c515,33,1850,1859,2014,2005,TRUE,dec0,CMIP6.CMIP.MPI-M.MPI-ESM1-2-HR.historical.r1i1p1f1.SImon.siconc.gn.v20190710,CMIP6.CMIP.MPI-M.MPI-ESM1-2-HR.historical.r1i1p1f1.SImon.siconc.gn.v20190710.1850-1859.nc,/perm_storage/home/data/CMIP6_data/MPI-ESM1-2-HR/historical,/perm_storage/home/data/CMIP6_data/MPI-ESM1-2-HR/historical/CMIP6.CMIP.MPI-M.MPI-ESM1-2-HR.historical.r1i1p1f1.SImon.siconc.gn.v20190710.1850-1859.nc
CMIP6.CMIP.MPI-M.MPI-ESM1-2-HR.historical.r1i1p1f1.SImon.siconc.gn.v20190710.siconc_SImon_MPI-ESM1-2-HR_historical_r1i1p1f1_gn_185501-185912.nc|esgf3.dkrz.de,CMIP6.CMIP.MPI-M.MPI-ESM1-2-HR.historical.r1i1p1f1.SImon.siconc.gn.v20190710|esgf3.dkrz.de,CMIP6,CMIP,MPI-M,MPI-ESM1-2-HR,historical,r1i1p1f1,SImon,mon,gn,20190710,50 km,siconc,Sea-Ice Area Percentage (Ocean Grid),%,1855-01-01T00:00:00Z,1859-12-01T00:00:00Z,17456630,esgf3.dkrz.de,http://esgf3.dkrz.de/thredds/fileServer/cmip6/CMIP/MPI-M/MPI-ESM1-2-HR/historical/r1i1p1f1/SImon/siconc/gn/v20190710/siconc_SImon_MPI-ESM1-2-HR_historical_r1i1p1f1_gn_185501-185912.nc,hdl:21.14100/d358b79e-fca0-301e-ba68-eedd39aba7e7,hdl:21.14100/26d8c6df-447c-4e0e-a257-6e8225d737a2,33,1850,1859,2014,2005,TRUE,dec0,CMIP6.CMIP.MPI-M.MPI-ESM1-2-HR.historical.r1i1p1f1.SImon.siconc.gn.v20190710,CMIP6.CMIP.MPI-M.MPI-ESM1-2-HR.historical.r1i1p1f1.SImon.siconc.gn.v20190710.1850-1859.nc,/perm_storage/home/data/CMIP6_data/MPI-ESM1-2-HR/historical,/perm_storage/home/data/CMIP6_data/MPI-ESM1-2-HR/historical/CMIP6.CMIP.MPI-M.MPI-ESM1-2-HR.historical.r1i1p1f1.SImon.siconc.gn.v20190710.1850-1859.nc
CMIP6.CMIP.MPI-M.MPI-ESM1-2-HR.historical.r1i1p1f1.SImon.siconc.gn.v20190710.siconc_SImon_MPI-ESM1-2-HR_historical_r1i1p1f1_gn_200501-200912.nc|esgf3.dkrz.de,CMIP6.CMIP.MPI-M.MPI-ESM1-2-HR.historical.r1i1p1f1.SImon.siconc.gn.v20190710|esgf3.dkrz.de,CMIP6,CMIP,MPI-M,MPI-ESM1-2-HR,historical,r1i1p1f1,SImon,mon,gn,20190710,50 km,siconc,Sea-Ice Area Percentage (Ocean Grid),%,2005-01-01T00:00:00Z,2009-12-01T00:00:00Z,16863209,esgf3.dkrz.de,http://esgf3.dkrz.de/thredds/fileServer/cmip6/CMIP/MPI-M/MPI-ESM1-2-HR/historical/r1i1p1f1/SImon/siconc/gn/v20190710/siconc_SImon_MPI-ESM1-2-HR_historical_r1i1p1f1_gn_200501-200912.nc,hdl:21.14100/d358b79e-fca0-301e-ba68-eedd39aba7e7,hdl:21.14100/7234d4a2-055f-4e81-82f2-184d51142257,33,1850,1859,2014,2005,TRUE,decN,CMIP6.CMIP.MPI-M.MPI-ESM1-2-HR.historical.r1i1p1f1.SImon.siconc.gn.v20190710,CMIP6.CMIP.MPI-M.MPI-ESM1-2-HR.historical.r1i1p1f1.SImon.siconc.gn.v20190710.2005-2014.nc,/perm_storage/home/data/CMIP6_data/MPI-ESM1-2-HR/historical,/perm_storage/home/data/CMIP6_data/MPI-ESM1-2-HR/historical/CMIP6.CMIP.MPI-M.MPI-ESM1-2-HR.historical.r1i1p1f1.SImon.siconc.gn.v20190710.2005-2014.nc
CMIP6.CMIP.MPI-M.MPI-ESM1-2-HR.historical.r1i1p1f1.SImon.siconc.gn.v20190710.siconc_SImon_MPI-ESM1-2-HR_historical_r1i1p1f1_gn_201001-201412.nc|esgf3.dkrz.de,CMIP6.CMIP.MPI-M.MPI-ESM1-2-HR.historical.r1i1p1f1.SImon.siconc.gn.v20190710|esgf3.dkrz.de,CMIP6,CMIP,MPI-M,MPI-ESM1-2-HR,historical,r1i1p1f1,SImon,mon,gn,20190710,50 km,siconc,Sea-Ice Area Percentage (Ocean Grid),%,2010-01-01T00:00:00Z,2014-12-01T00:00:00Z,16688019,esgf3.dkrz.de,http://esgf3.dkrz.de/thredds/fileServer/cmip6/CMIP/MPI-M/MPI-ESM1-2-HR/historical/r1i1p1f1/SImon/siconc/gn/v20190710/siconc_SImon_MPI-ESM1-2-HR_historical_r1i1p1f1_gn_201001-201412.nc,hdl:21.14100/d358b79e-fca0-301e-ba68-eedd39aba7e7,hdl:21.14100/bd71bfb3-9e88-422b-a142-25a32820591e,33,1850,1859,2014,2005,TRUE,decN,CMIP6.CMIP.MPI-M.MPI-ESM1-2-HR.historical.r1i1p1f1.SImon.siconc.gn.v20190710,CMIP6.CMIP.MPI-M.MPI-ESM1-2-HR.historical.r1i1p1f1.SImon.siconc.gn.v20190710.2005-2014.nc,/perm_storage/home/data/CMIP6_data/MPI-ESM1-2-HR/historical,/perm_storage/home/data/CMIP6_data/MPI-ESM1-2-HR/historical/CMIP6.CMIP.MPI-M.MPI-ESM1-2-HR.historical.r1i1p1f1.SImon.siconc.gn.v20190710.2005-2014.nc
CMIP6.CMIP.MPI-M.MPI-ESM1-2-HR.historical.r1i1p1f1.Omon.intpp.gn.v20190710.intpp_Omon_MPI-ESM1-2-HR_historical_r1i1p1f1_gn_185001-185412.nc|esgf3.dkrz.de,CMIP6.CMIP.MPI-M.MPI-ESM1-2-HR.historical.r1i1p1f1.Omon.intpp.gn.v20190710|esgf3.dkrz.de,CMIP6,CMIP,MPI-M,MPI-ESM1-2-HR,historical,r1i1p1f1,Omon,mon,gn,20190710,50 km,intpp,Primary Organic Carbon Production by All Types of Phytoplankton,mol m-2 s-1,1850-01-01T00:00:00Z,1854-12-01T00:00:00Z,49428637,esgf3.dkrz.de,http://esgf3.dkrz.de/thredds/fileServer/cmip6/CMIP/MPI-M/MPI-ESM1-2-HR/historical/r1i1p1f1/Omon/intpp/gn/v20190710/intpp_Omon_MPI-ESM1-2-HR_historical_r1i1p1f1_gn_185001-185412.nc,hdl:21.14100/12042589-2347-38e7-b7dc-6f2529ac2817,hdl:21.14100/a612bd84-3cbb-4048-bf72-68a9e1008ebc,33,1850,1859,2014,2005,TRUE,dec0,CMIP6.CMIP.MPI-M.MPI-ESM1-2-HR.historical.r1i1p1f1.Omon.intpp.gn.v20190710,CMIP6.CMIP.MPI-M.MPI-ESM1-2-HR.historical.r1i1p1f1.Omon.intpp.gn.v20190710.1850-1859.nc,/perm_storage/home/data/CMIP6_data/MPI-ESM1-2-HR/historical,/perm_storage/home/data/CMIP6_data/MPI-ESM1-2-HR/historical/CMIP6.CMIP.MPI-M.MPI-ESM1-2-HR.historical.r1i1p1f1.Omon.intpp.gn.v20190710.1850-1859.nc
CMIP6.CMIP.MPI-M.MPI-ESM1-2-HR.historical.r1i1p1f1.Omon.intpp.gn.v20190710.intpp_Omon_MPI-ESM1-2-HR_historical_r1i1p1f1_gn_185501-185912.nc|esgf3.dkrz.de,CMIP6.CMIP.MPI-M.MPI-ESM1-2-HR.historical.r1i1p1f1.Omon.intpp.gn.v20190710|esgf3.dkrz.de,CMIP6,CMIP,MPI-M,MPI-ESM1-2-HR,historical,r1i1p1f1,Omon,mon,gn,20190710,50 km,intpp,Primary Organic Carbon Production by All Types of Phytoplankton,mol m-2 s-1,1855-01-01T00:00:00Z,1859-12-01T00:00:00Z,49457427,esgf3.dkrz.de,http://esgf3.dkrz.de/thredds/fileServer/cmip6/CMIP/MPI-M/MPI-ESM1-2-HR/historical/r1i1p1f1/Omon/intpp/gn/v20190710/intpp_Omon_MPI-ESM1-2-HR_historical_r1i1p1f1_gn_185501-185912.nc,hdl:21.14100/12042589-2347-38e7-b7dc-6f2529ac2817,hdl:21.14100/66e5936a-574c-4925-a918-73132a9fe441,33,1850,1859,2014,2005,TRUE,dec0,CMIP6.CMIP.MPI-M.MPI-ESM1-2-HR.historical.r1i1p1f1.Omon.intpp.gn.v20190710,CMIP6.CMIP.MPI-M.MPI-ESM1-2-HR.historical.r1i1p1f1.Omon.intpp.gn.v20190710.1850-1859.nc,/perm_storage/home/data/CMIP6_data/MPI-ESM1-2-HR/historical,/perm_storage/home/data/CMIP6_data/MPI-ESM1-2-HR/historical/CMIP6.CMIP.MPI-M.MPI-ESM1-2-HR.historical.r1i1p1f1.Omon.intpp.gn.v20190710.1850-1859.nc
CMIP6.CMIP.MPI-M.MPI-ESM1-2-HR.historical.r1i1p1f1.Omon.intpp.gn.v20190710.intpp_Omon_MPI-ESM1-2-HR_historical_r1i1p1f1_gn_200501-200912.nc|esgf3.dkrz.de,CMIP6.CMIP.MPI-M.MPI-ESM1-2-HR.historical.r1i1p1f1.Omon.intpp.gn.v20190710|esgf3.dkrz.de,CMIP6,CMIP,MPI-M,MPI-ESM1-2-HR,historical,r1i1p1f1,Omon,mon,gn,20190710,50 km,intpp,Primary Organic Carbon Production by All Types of Phytoplankton,mol m-2 s-1,2005-01-01T00:00:00Z,2009-12-01T00:00:00Z,49402942,esgf3.dkrz.de,http://esgf3.dkrz.de/thredds/fileServer/cmip6/CMIP/MPI-M/MPI-ESM1-2-HR/historical/r1i1p1f1/Omon/intpp/gn/v20190710/intpp_Omon_MPI-ESM1-2-HR_historical_r1i1p1f1_gn_200501-200912.nc,hdl:21.14100/12042589-2347-38e7-b7dc-6f2529ac2817,hdl:21.14100/56aff338-1bff-4b6c-8b01-c31fb5519279,33,1850,1859,2014,2005,TRUE,decN,CMIP6.CMIP.MPI-M.MPI-ESM1-2-HR.historical.r1i1p1f1.Omon.intpp.gn.v20190710,CMIP6.CMIP.MPI-M.MPI-ESM1-2-HR.historical.r1i1p1f1.Omon.intpp.gn.v20190710.2005-2014.nc,/perm_storage/home/data/CMIP6_data/MPI-ESM1-2-HR/historical,/perm_storage/home/data/CMIP6_data/MPI-ESM1-2-HR/historical/CMIP6.CMIP.MPI-M.MPI-ESM1-2-HR.historical.r1i1p1f1.Omon.intpp.gn.v20190710.2005-2014.nc
CMIP6.CMIP.MPI-M.MPI-ESM1-2-HR.historical.r1i1p1f1.Omon.intpp.gn.v20190710.intpp_Omon_MPI-ESM1-2-HR_historical_r1i1p1f1_gn_201001-201412.nc|esgf3.dkrz.de,CMIP6.CMIP.MPI-M.MPI-ESM1-2-HR.historical.r1i1p1f1.Omon.intpp.gn.v20190710|esgf3.dkrz.de,CMIP6,CMIP,MPI-M,MPI-ESM1-2-HR,historical,r1i1p1f1,Omon,mon,gn,20190710,50 km,intpp,Primary Organic Carbon Production by All Types of Phytoplankton,mol m-2 s-1,2010-01-01T00:00:00Z,2014-12-01T00:00:00Z,49379870,esgf3.dkrz.de,http://esgf3.dkrz.de/thredds/fileServer/cmip6/CMIP/MPI-M/MPI-ESM1-2-HR/historical/r1i1p1f1/Omon/intpp/gn/v20190710/intpp_Omon_MPI-ESM1-2-HR_historical_r1i1p1f1_gn_201001-201412.nc,hdl:21.14100/12042589-2347-38e7-b7dc-6f2529ac2817,hdl:21.14100/3e515354-94b6-4128-95ec-4d796d6095e0,33,1850,1859,2014,2005,TRUE,decN,CMIP6.CMIP.MPI-M.MPI-ESM1-2-HR.historical.r1i1p1f1.Omon.intpp.gn.v20190710,CMIP6.CMIP.MPI-M.MPI-ESM1-2-HR.historical.r1i1p1f1.Omon.intpp.gn.v20190710.2005-2014.nc,/perm_storage/home/data/CMIP6_data/MPI-ESM1-2-HR/historical,/perm_storage/home/data/CMIP6_data/MPI-ESM1-2-HR/historical/CMIP6.CMIP.MPI-M.MPI-ESM1-2-HR.historical.r1i1p1f1.Omon.intpp.gn.v20190710.2005-2014.nc
CMIP6.CMIP.MPI-M.MPI-ESM1-2-HR.historical.r1i1p1f1.Omon.tos.gn.v20190710.tos_Omon_MPI-ESM1-2-HR_historical_r1i1p1f1_gn_185001-185412.nc|esgf3.dkrz.de,CMIP6.CMIP.MPI-M.MPI-ESM1-2-HR.historical.r1i1p1f1.Omon.tos.gn.v20190710|esgf3.dkrz.de,CMIP6,CMIP,MPI-M,MPI-ESM1-2-HR,historical,r1i1p1f1,Omon,mon,gn,20190710,50 km,tos,Sea Surface Temperature,degC,1850-01-01T00:00:00Z,1854-12-01T00:00:00Z,45035350,esgf3.dkrz.de,http://esgf3.dkrz.de/thredds/fileServer/cmip6/CMIP/MPI-M/MPI-ESM1-2-HR/historical/r1i1p1f1/Omon/tos/gn/v20190710/tos_Omon_MPI-ESM1-2-HR_historical_r1i1p1f1_gn_185001-185412.nc,hdl:21.14100/28798ef0-8b9c-37c4-b8d6-9ae6313a979d,hdl:21.14100/ccd8388f-4f80-4a1e-ba47-66fe65bbeece,33,1850,1859,2014,2005,TRUE,dec0,CMIP6.CMIP.MPI-M.MPI-ESM1-2-HR.historical.r1i1p1f1.Omon.tos.gn.v20190710,CMIP6.CMIP.MPI-M.MPI-ESM1-2-HR.historical.r1i1p1f1.Omon.tos.gn.v20190710.1850-1859.nc,/perm_storage/home/data/CMIP6_data/MPI-ESM1-2-HR/historical,/perm_storage/home/data/CMIP6_data/MPI-ESM1-2-HR/historical/CMIP6.CMIP.MPI-M.MPI-ESM1-2-HR.historical.r1i1p1f1.Omon.tos.gn.v20190710.1850-1859.nc
CMIP6.CMIP.MPI-M.MPI-ESM1-2-HR.historical.r1i1p1f1.Omon.tos.gn.v20190710.tos_Omon_MPI-ESM1-2-HR_historical_r1i1p1f1_gn_185501-185912.nc|esgf3.dkrz.de,CMIP6.CMIP.MPI-M.MPI-ESM1-2-HR.historical.r1i1p1f1.Omon.tos.gn.v20190710|esgf3.dkrz.de,CMIP6,CMIP,MPI-M,MPI-ESM1-2-HR,historical,r1i1p1f1,Omon,mon,gn,20190710,50 km,tos,Sea Surface Temperature,degC,1855-01-01T00:00:00Z,1859-12-01T00:00:00Z,44959434,esgf3.dkrz.de,http://esgf3.dkrz.de/thredds/fileServer/cmip6/CMIP/MPI-M/MPI-ESM1-2-HR/historical/r1i1p1f1/Omon/tos/gn/v20190710/tos_Omon_MPI-ESM1-2-HR_historical_r1i1p1f1_gn_185501-185912.nc,hdl:21.14100/28798ef0-8b9c-37c4-b8d6-9ae6313a979d,hdl:21.14100/9900d602-6a94-4ebf-b3a5-7ea22b044091,33,1850,1859,2014,2005,TRUE,dec0,CMIP6.CMIP.MPI-M.MPI-ESM1-2-HR.historical.r1i1p1f1.Omon.tos.gn.v20190710,CMIP6.CMIP.MPI-M.MPI-ESM1-2-HR.historical.r1i1p1f1.Omon.tos.gn.v20190710.1850-1859.nc,/perm_storage/home/data/CMIP6_data/MPI-ESM1-2-HR/historical,/perm_storage/home/data/CMIP6_data/MPI-ESM1-2-HR/historical/CMIP6.CMIP.MPI-M.MPI-ESM1-2-HR.historical.r1i1p1f1.Omon.tos.gn.v20190710.1850-1859.nc
CMIP6.CMIP.MPI-M.MPI-ESM1-2-HR.historical.r1i1p1f1.Omon.tos.gn.v20190710.tos_Omon_MPI-ESM1-2-HR_historical_r1i1p1f1_gn_200501-200912.nc|esgf3.dkrz.de,CMIP6.CMIP.MPI-M.MPI-ESM1-2-HR.historical.r1i1p1f1.Omon.tos.gn.v20190710|esgf3.dkrz.de,CMIP6,CMIP,MPI-M,MPI-ESM1-2-HR,historical,r1i1p1f1,Omon,mon,gn,20190710,50 km,tos,Sea Surface Temperature,degC,2005-01-01T00:00:00Z,2009-12-01T00:00:00Z,45130014,esgf3.dkrz.de,http://esgf3.dkrz.de/thredds/fileServer/cmip6/CMIP/MPI-M/MPI-ESM1-2-HR/historical/r1i1p1f1/Omon/tos/gn/v20190710/tos_Omon_MPI-ESM1-2-HR_historical_r1i1p1f1_gn_200501-200912.nc,hdl:21.14100/28798ef0-8b9c-37c4-b8d6-9ae6313a979d,hdl:21.14100/11b30704-438b-4783-b940-30d173b18963,33,1850,1859,2014,2005,TRUE,decN,CMIP6.CMIP.MPI-M.MPI-ESM1-2-HR.historical.r1i1p1f1.Omon.tos.gn.v20190710,CMIP6.CMIP.MPI-M.MPI-ESM1-2-HR.historical.r1i1p1f1.Omon.tos.gn.v20190710.2005-2014.nc,/perm_storage/home/data/CMIP6_data/MPI-ESM1-2-HR/historical,/perm_storage/home/data/CMIP6_data/MPI-ESM1-2-HR/historical/CMIP6.CMIP.MPI-M.MPI-ESM1-2-HR.historical.r1i1p1f1.Omon.tos.gn.v20190710.2005-2014.nc
CMIP6.CMIP.MPI-M.MPI-ESM1-2-HR.historical.r1i1p1f1.Omon.tos.gn.v20190710.tos_Omon_MPI-ESM1-2-HR_historical_r1i1p1f1_gn_201001-201412.nc|esgf3.dkrz.de,CMIP6.CMIP.MPI-M.MPI-ESM1-2-HR.historical.r1i1p1f1.Omon.tos.gn.v20190710|esgf3.dkrz.de,CMIP6,CMIP,MPI-M,MPI-ESM1-2-HR,historical,r1i1p1f1,Omon,mon,gn,20190710,50 km,tos,Sea Surface Temperature,degC,2010-01-01T00:00:00Z,2014-12-01T00:00:00Z,45117353,esgf3.dkrz.de,http://esgf3.dkrz.de/thredds/fileServer/cmip6/CMIP/MPI-M/MPI-ESM1-2-HR/historical/r1i1p1f1/Omon/tos/gn/v20190710/tos_Omon_MPI-ESM1-2-HR_historical_r1i1p1f1_gn_201001-201412.nc,hdl:21.14100/28798ef0-8b9c-37c4-b8d6-9ae6313a979d,hdl:21.14100/549ebeaf-df6f-4582-b7a2-e99645662ffe,33,1850,1859,2014,2005,TRUE,decN,CMIP6.CMIP.MPI-M.MPI-ESM1-2-HR.historical.r1i1p1f1.Omon.tos.gn.v20190710,CMIP6.CMIP.MPI-M.MPI-ESM1-2-HR.historical.r1i1p1f1.Omon.tos.gn.v20190710.2005-2014.nc,/perm_storage/home/data/CMIP6_data/MPI-ESM1-2-HR/historical,/perm_storage/home/data/CMIP6_data/MPI-ESM1-2-HR/historical/CMIP6.CMIP.MPI-M.MPI-ESM1-2-HR.historical.r1i1p1f1.Omon.tos.gn.v20190710.2005-2014.nc
CMIP6.CMIP.CMCC.CMCC-ESM2.historical.r1i1p1f1.Omon.intpp.gn.v20210114.intpp_Omon_CMCC-ESM2_historical_r1i1p1f1_gn_185001-201412.nc|esgf-node2.cmcc.it,CMIP6.CMIP.CMCC.CMCC-ESM2.historical.r1i1p1f1.Omon.intpp.gn.v20210114|esgf-node2.cmcc.it,CMIP6,CMIP,CMCC,CMCC-ESM2,historical,r1i1p1f1,Omon,mon,gn,20210114,100 km,intpp,Primary Organic Carbon Production by All Types of Phytoplankton,mol m-2 s-1,1850-01-01T00:00:00Z,2014-12-01T00:00:00Z,423301605,esgf-node2.cmcc.it,http://esgf-node2.cmcc.it/thredds/fileServer/esg_dataroot/CMIP6/CMIP/CMCC/CMCC-ESM2/historical/r1i1p1f1/Omon/intpp/gn/v20210114/intpp_Omon_CMCC-ESM2_historical_r1i1p1f1_gn_185001-201412.nc,hdl:21.14100/a8509087-f112-3b95-a66f-3844357fb70c,hdl:21.14100/f9aad0a5-1554-4d4b-9056-5578caee367d,1,1850,1859,2014,2005,TRUE,both,CMIP6.CMIP.CMCC.CMCC-ESM2.historical.r1i1p1f1.Omon.intpp.gn.v20210114,CMIP6.CMIP.CMCC.CMCC-ESM2.historical.r1i1p1f1.Omon.intpp.gn.v20210114.1850-1859_2005-2014.nc,/perm_storage/home/data/CMIP6_data/CMCC-ESM2/historical,/perm_storage/home/data/CMIP6_data/CMCC-ESM2/historical/CMIP6.CMIP.CMCC.CMCC-ESM2.historical.r1i1p1f1.Omon.intpp.gn.v20210114.1850-1859_2005-2014.nc
CMIP6.CMIP.CMCC.CMCC-ESM2.historical.r1i1p1f1.Omon.tos.gn.v20210114.tos_Omon_CMCC-ESM2_historical_r1i1p1f1_gn_185001-201412.nc|esgf-node2.cmcc.it,CMIP6.CMIP.CMCC.CMCC-ESM2.historical.r1i1p1f1.Omon.tos.gn.v20210114|esgf-node2.cmcc.it,CMIP6,CMIP,CMCC,CMCC-ESM2,historical,r1i1p1f1,Omon,mon,gn,20210114,100 km,tos,Sea Surface Temperature,degC,1850-01-01T00:00:00Z,2014-12-01T00:00:00Z,387346806,esgf-node2.cmcc.it,http://esgf-node2.cmcc.it/thredds/fileServer/esg_dataroot/CMIP6/CMIP/CMCC/CMCC-ESM2/historical/r1i1p1f1/Omon/tos/gn/v20210114/tos_Omon_CMCC-ESM2_historical_r1i1p1f1_gn_185001-201412.nc,hdl:21.14100/6111e550-5e58-36ce-876e-fcf4d8ea0a08,hdl:21.14100/688e38fa-19d8-4550-afdd-18f161fa2fdb,1,1850,1859,2014,2005,TRUE,both,CMIP6.CMIP.CMCC.CMCC-ESM2.historical.r1i1p1f1.Omon.tos.gn.v20210114,CMIP6.CMIP.CMCC.CMCC-ESM2.historical.r1i1p1f1.Omon.tos.gn.v20210114.1850-1859_2005-2014.nc,/perm_storage/home/data/CMIP6_data/CMCC-ESM2/historical,/perm_storage/home/data/CMIP6_data/CMCC-ESM2/historical/CMIP6.CMIP.CMCC.CMCC-ESM2.historical.r1i1p1f1.Omon.tos.gn.v20210114.1850-1859_2005-2014.nc
CMIP6.ScenarioMIP.CMCC.CMCC-ESM2.ssp245.r1i1p1f1.SImon.siconc.gn.v20210129.siconc_SImon_CMCC-ESM2_ssp245_r1i1p1f1_gn_201501-210012.nc|esgf-node2.cmcc.it,CMIP6.ScenarioMIP.CMCC.CMCC-ESM2.ssp245.r1i1p1f1.SImon.siconc.gn.v20210129|esgf-node2.cmcc.it,CMIP6,ScenarioMIP,CMCC,CMCC-ESM2,ssp245,r1i1p1f1,SImon,mon,gn,20210129,100 km,siconc,Sea-Ice Area Percentage (Ocean Grid),%,2015-01-01T00:00:00Z,2100-12-01T00:00:00Z,60325564,esgf-node2.cmcc.it,http://esgf-node2.cmcc.it/thredds/fileServer/esg_dataroot/CMIP6/ScenarioMIP/CMCC/CMCC-ESM2/ssp245/r1i1p1f1/SImon/siconc/gn/v20210129/siconc_SImon_CMCC-ESM2_ssp245_r1i1p1f1_gn_201501-210012.nc,hdl:21.14100/cd11e45b-b62c-30c9-a715-a43c26f5322e,hdl:21.14100/7d1c237a-f8e5-4559-b51d-95bc267c8ffd,1,2015,2024,2100,2091,TRUE,both,CMIP6.ScenarioMIP.CMCC.CMCC-ESM2.ssp245.r1i1p1f1.SImon.siconc.gn.v20210129,CMIP6.ScenarioMIP.CMCC.CMCC-ESM2.ssp245.r1i1p1f1.SImon.siconc.gn.v20210129.2015-2024_2091-2100.nc,/perm_storage/home/data/CMIP6_data/CMCC-ESM2/ssp245,/perm_storage/home/data/CMIP6_data/CMCC-ESM2/ssp245/CMIP6.ScenarioMIP.CMCC.CMCC-ESM2.ssp245.r1i1p1f1.SImon.siconc.gn.v20210129.2015-2024_2091-2100.nc
CMIP6.ScenarioMIP.CMCC.CMCC-ESM2.ssp245.r1i1p1f1.Omon.intpp.gn.v20210129.intpp_Omon_CMCC-ESM2_ssp245_r1i1p1f1_gn_201501-210012.nc|esgf-node2.cmcc.it,CMIP6.ScenarioMIP.CMCC.CMCC-ESM2.ssp245.r1i1p1f1.Omon.intpp.gn.v20210129|esgf-node2.cmcc.it,CMIP6,ScenarioMIP,CMCC,CMCC-ESM2,ssp245,r1i1p1f1,Omon,mon,gn,20210129,100 km,intpp,Primary Organic Carbon Production by All Types of Phytoplankton,mol m-2 s-1,2015-01-01T00:00:00Z,2100-12-01T00:00:00Z,220755260,esgf-node2.cmcc.it,http://esgf-node2.cmcc.it/thredds/fileServer/esg_dataroot/CMIP6/ScenarioMIP/CMCC/CMCC-ESM2/ssp245/r1i1p1f1/Omon/intpp/gn/v20210129/intpp_Omon_CMCC-ESM2_ssp245_r1i1p1f1_gn_201501-210012.nc,hdl:21.14100/bd96be26-0fea-3d76-982b-8a936037ba77,hdl:21.14100/4eeebe3a-8394-4dad-9caa-54fdc6348c3a,1,2015,2024,2100,2091,TRUE,both,CMIP6.ScenarioMIP.CMCC.CMCC-ESM2.ssp245.r1i1p1f1.Omon.intpp.gn.v20210129,CMIP6.ScenarioMIP.CMCC.CMCC-ESM2.ssp245.r1i1p1f1.Omon.intpp.gn.v20210129.2015-2024_2091-2100.nc,/perm_storage/home/data/CMIP6_data/CMCC-ESM2/ssp245,/perm_storage/home/data/CMIP6_data/CMCC-ESM2/ssp245/CMIP6.ScenarioMIP.CMCC.CMCC-ESM2.ssp245.r1i1p1f1.Omon.intpp.gn.v20210129.2015-2024_2091-2100.nc
CMIP6.ScenarioMIP.CMCC.CMCC-ESM2.ssp245.r1i1p1f1.Omon.tos.gn.v20210129.tos_Omon_CMCC-ESM2_ssp245_r1i1p1f1_gn_201501-210012.nc|esgf-node2.cmcc.it,CMIP6.ScenarioMIP.CMCC.CMCC-ESM2.ssp245.r1i1p1f1.Omon.tos.gn.v20210129|esgf-node2.cmcc.it,CMIP6,ScenarioMIP,CMCC,CMCC-ESM2,ssp245,r1i1p1f1,Omon,mon,gn,20210129,100 km,tos,Sea Surface Temperature,degC,2015-01-01T00:00:00Z,2100-12-01T00:00:00Z,204000084,esgf-node2.cmcc.it,http://esgf-node2.cmcc.it/thredds/fileServer/esg_dataroot/CMIP6/ScenarioMIP/CMCC/CMCC-ESM2/ssp245/r1i1p1f1/Omon/tos/gn/v20210129/tos_Omon_CMCC-ESM2_ssp245_r1i1p1f1_gn_201501-210012.nc,hdl:21.14100/9d3107e9-af98-3787-a22a-ab52304aac28,hdl:21.14100/d8b14c9d-c790-4123-88eb-401cee5d4103,1,2015,2024,2100,2091,TRUE,both,CMIP6.ScenarioMIP.CMCC.CMCC-ESM2.ssp245.r1i1p1f1.Omon.tos.gn.v20210129,CMIP6.ScenarioMIP.CMCC.CMCC-ESM2.ssp245.r1i1p1f1.Omon.tos.gn.v20210129.2015-2024_2091-2100.nc,/perm_storage/home/data/CMIP6_data/CMCC-ESM2/ssp245,/perm_storage/home/data/CMIP6_data/CMCC-ESM2/ssp245/CMIP6.ScenarioMIP.CMCC.CMCC-ESM2.ssp245.r1i1p1f1.Omon.tos.gn.v20210129.2015-2024_2091-2100.nc
CMIP6.ScenarioMIP.CMCC.CMCC-ESM2.ssp585.r1i1p1f1.SImon.siconc.gn.v20210126.siconc_SImon_CMCC-ESM2_ssp585_r1i1p1f1_gn_201501-210012.nc|esgf-node2.cmcc.it,CMIP6.ScenarioMIP.CMCC.CMCC-ESM2.ssp585.r1i1p1f1.SImon.siconc.gn.v20210126|esgf-node2.cmcc.it,CMIP6,ScenarioMIP,CMCC,CMCC-ESM2,ssp585,r1i1p1f1,SImon,mon,gn,20210126,100 km,siconc,Sea-Ice Area Percentage (Ocean Grid),%,2015-01-01T00:00:00Z,2100-12-01T00:00:00Z,57910278,esgf-node2.cmcc.it,http://esgf-node2.cmcc.it/thredds/fileServer/esg_dataroot/CMIP6/ScenarioMIP/CMCC/CMCC-ESM2/ssp585/r1i1p1f1/SImon/siconc/gn/v20210126/siconc_SImon_CMCC-ESM2_ssp585_r1i1p1f1_gn_201501-210012.nc,hdl:21.14100/b36a5351-939d-3fe5-81f9-3a44df69cfce,hdl:21.14100/613875b4-41cd-4696-983c-421ec448b459,1,2015,2024,2100,2091,TRUE,both,CMIP6.ScenarioMIP.CMCC.CMCC-ESM2.ssp585.r1i1p1f1.SImon.siconc.gn.v20210126,CMIP6.ScenarioMIP.CMCC.CMCC-ESM2.ssp585.r1i1p1f1.SImon.siconc.gn.v20210126.2015-2024_2091-2100.nc,/perm_storage/home/data/CMIP6_data/CMCC-ESM2/ssp585,/perm_storage/home/data/CMIP6_data/CMCC-ESM2/ssp585/CMIP6.ScenarioMIP.CMCC.CMCC-ESM2.ssp585.r1i1p1f1.SImon.siconc.gn.v20210126.2015-2024_2091-2100.nc
CMIP6.ScenarioMIP.CMCC.CMCC-ESM2.ssp585.r1i1p1f1.Omon.intpp.gn.v20210126.intpp_Omon_CMCC-ESM2_ssp585_r1i1p1f1_gn_201501-210012.nc|esgf-node2.cmcc.it,CMIP6.ScenarioMIP.CMCC.CMCC-ESM2.ssp585.r1i1p1f1.Omon.intpp.gn.v20210126|esgf-node2.cmcc.it,CMIP6,ScenarioMIP,CMCC,CMCC-ESM2,ssp585,r1i1p1f1,Omon,mon,gn,20210126,100 km,intpp,Primary Organic Carbon Production by All Types of Phytoplankton,mol m-2 s-1,2015-01-01T00:00:00Z,2100-12-01T00:00:00Z,220656784,esgf-node2.cmcc.it,http://esgf-node2.cmcc.it/thredds/fileServer/esg_dataroot/CMIP6/ScenarioMIP/CMCC/CMCC-ESM2/ssp585/r1i1p1f1/Omon/intpp/gn/v20210126/intpp_Omon_CMCC-ESM2_ssp585_r1i1p1f1_gn_201501-210012.nc,hdl:21.14100/cc77623c-4af4-3978-9fd6-fa2ecbaadf53,hdl:21.14100/045fe0c8-76be-44ac-8b8a-2c48f9dd3910,1,2015,2024,2100,2091,TRUE,both,CMIP6.ScenarioMIP.CMCC.CMCC-ESM2.ssp585.r1i1p1f1.Omon.intpp.gn.v20210126,CMIP6.ScenarioMIP.CMCC.CMCC-ESM2.ssp585.r1i1p1f1.Omon.intpp.gn.v20210126.2015-2024_2091-2100.nc,/perm_storage/home/data/CMIP6_data/CMCC-ESM2/ssp585,/perm_storage/home/data/CMIP6_data/CMCC-ESM2/ssp585/CMIP6.ScenarioMIP.CMCC.CMCC-ESM2.ssp585.r1i1p1f1.Omon.intpp.gn.v20210126.2015-2024_2091-2100.nc
CMIP6.ScenarioMIP.CMCC.CMCC-ESM2.ssp585.r1i1p1f1.Omon.tos.gn.v20210126.tos_Omon_CMCC-ESM2_ssp585_r1i1p1f1_gn_201501-210012.nc|esgf-node2.cmcc.it,CMIP6.ScenarioMIP.CMCC.CMCC-ESM2.ssp585.r1i1p1f1.Omon.tos.gn.v20210126|esgf-node2.cmcc.it,CMIP6,ScenarioMIP,CMCC,CMCC-ESM2,ssp585,r1i1p1f1,Omon,mon,gn,20210126,100 km,tos,Sea Surface Temperature,degC,2015-01-01T00:00:00Z,2100-12-01T00:00:00Z,203766651,esgf-node2.cmcc.it,http://esgf-node2.cmcc.it/thredds/fileServer/esg_dataroot/CMIP6/ScenarioMIP/CMCC/CMCC-ESM2/ssp585/r1i1p1f1/Omon/tos/gn/v20210126/tos_Omon_CMCC-ESM2_ssp585_r1i1p1f1_gn_201501-210012.nc,hdl:21.14100/c5550359-4ce0-3ee0-b494-92b5165a8861,hdl:21.14100/ddf593f1-127a-480c-884f-c8c5cb0588a2,1,2015,2024,2100,2091,TRUE,both,CMIP6.ScenarioMIP.CMCC.CMCC-ESM2.ssp585.r1i1p1f1.Omon.tos.gn.v20210126,CMIP6.ScenarioMIP.CMCC.CMCC-ESM2.ssp585.r1i1p1f1.Omon.tos.gn.v20210126.2015-2024_2091-2100.nc,/perm_storage/home/data/CMIP6_data/CMCC-ESM2/ssp585,/perm_storage/home/data/CMIP6_data/CMCC-ESM2/ssp585/CMIP6.ScenarioMIP.CMCC.CMCC-ESM2.ssp585.r1i1p1f1.Omon.tos.gn.v20210126.2015-2024_2091-2100.nc
CMIP6.CMIP.CMCC.CMCC-ESM2.historical.r1i1p1f1.SImon.siconc.gn.v20210114.siconc_SImon_CMCC-ESM2_historical_r1i1p1f1_gn_185001-201412.nc|esgf-node2.cmcc.it,CMIP6.CMIP.CMCC.CMCC-ESM2.historical.r1i1p1f1.SImon.siconc.gn.v20210114|esgf-node2.cmcc.it,CMIP6,CMIP,CMCC,CMCC-ESM2,historical,r1i1p1f1,SImon,mon,gn,20210114,100 km,siconc,Sea-Ice Area Percentage (Ocean Grid),%,1850-01-01T00:00:00Z,2014-12-01T00:00:00Z,133726286,esgf-node2.cmcc.it,http://esgf-node2.cmcc.it/thredds/fileServer/esg_dataroot/CMIP6/CMIP/CMCC/CMCC-ESM2/historical/r1i1p1f1/SImon/siconc/gn/v20210114/siconc_SImon_CMCC-ESM2_historical_r1i1p1f1_gn_185001-201412.nc,hdl:21.14100/852bc4cb-5e0c-3c39-bdd5-1302fcd5da2c,hdl:21.14100/01c8d755-c140-4d70-abdc-ee1c599f9db0,1,1850,1859,2014,2005,TRUE,both,CMIP6.CMIP.CMCC.CMCC-ESM2.historical.r1i1p1f1.SImon.siconc.gn.v20210114,CMIP6.CMIP.CMCC.CMCC-ESM2.historical.r1i1p1f1.SImon.siconc.gn.v20210114.1850-1859_2005-2014.nc,/perm_storage/home/data/CMIP6_data/CMCC-ESM2/historical,/perm_storage/home/data/CMIP6_data/CMCC-ESM2/historical/CMIP6.CMIP.CMCC.CMCC-ESM2.historical.r1i1p1f1.SImon.siconc.gn.v20210114.1850-1859_2005-2014.nc
CMIP6.CMIP.NCC.NorESM2-MM.historical.r1i1p1f1.Omon.intpp.gn.v20191108.intpp_Omon_NorESM2-MM_historical_r1i1p1f1_gn_185001-185912.nc|noresg.nird.sigma2.no,CMIP6.CMIP.NCC.NorESM2-MM.historical.r1i1p1f1.Omon.intpp.gn.v20191108|noresg.nird.sigma2.no,CMIP6,CMIP,NCC,NorESM2-MM,historical,r1i1p1f1,Omon,mon,gn,20191108,100 km,intpp,Primary Organic Carbon Production by All Types of Phytoplankton,mol m-2 s-1,1850-01-01T00:00:00Z,1859-12-01T00:00:00Z,33088745,noresg.nird.sigma2.no,http://noresg.nird.sigma2.no/thredds/fileServer/esg_dataroot/cmor/CMIP6/CMIP/NCC/NorESM2-MM/historical/r1i1p1f1/Omon/intpp/gn/v20191108/intpp_Omon_NorESM2-MM_historical_r1i1p1f1_gn_185001-185912.nc,hdl:21.14100/394abbc7-396e-3e6a-ac0d-3aefe126ac96,hdl:21.14100/fd308e9c-ba4e-4c24-9808-20928d23beae,17,1850,1859,2014,2005,TRUE,dec0,CMIP6.CMIP.NCC.NorESM2-MM.historical.r1i1p1f1.Omon.intpp.gn.v20191108,CMIP6.CMIP.NCC.NorESM2-MM.historical.r1i1p1f1.Omon.intpp.gn.v20191108.1850-1859.nc,/perm_storage/home/data/CMIP6_data/NorESM2-MM/historical,/perm_storage/home/data/CMIP6_data/NorESM2-MM/historical/CMIP6.CMIP.NCC.NorESM2-MM.historical.r1i1p1f1.Omon.intpp.gn.v20191108.1850-1859.nc
CMIP6.CMIP.NCC.NorESM2-MM.historical.r1i1p1f1.Omon.intpp.gn.v20191108.intpp_Omon_NorESM2-MM_historical_r1i1p1f1_gn_200001-200912.nc|noresg.nird.sigma2.no,CMIP6.CMIP.NCC.NorESM2-MM.historical.r1i1p1f1.Omon.intpp.gn.v20191108|noresg.nird.sigma2.no,CMIP6,CMIP,NCC,NorESM2-MM,historical,r1i1p1f1,Omon,mon,gn,20191108,100 km,intpp,Primary Organic Carbon Production by All Types of Phytoplankton,mol m-2 s-1,2000-01-01T00:00:00Z,2009-12-01T00:00:00Z,33205530,noresg.nird.sigma2.no,http://noresg.nird.sigma2.no/thredds/fileServer/esg_dataroot/cmor/CMIP6/CMIP/NCC/NorESM2-MM/historical/r1i1p1f1/Omon/intpp/gn/v20191108/intpp_Omon_NorESM2-MM_historical_r1i1p1f1_gn_200001-200912.nc,hdl:21.14100/394abbc7-396e-3e6a-ac0d-3aefe126ac96,hdl:21.14100/b49feecf-a257-4957-af02-cd3ba8da21ad,17,1850,1859,2014,2005,TRUE,decN,CMIP6.CMIP.NCC.NorESM2-MM.historical.r1i1p1f1.Omon.intpp.gn.v20191108,CMIP6.CMIP.NCC.NorESM2-MM.historical.r1i1p1f1.Omon.intpp.gn.v20191108.2005-2014.nc,/perm_storage/home/data/CMIP6_data/NorESM2-MM/historical,/perm_storage/home/data/CMIP6_data/NorESM2-MM/historical/CMIP6.CMIP.NCC.NorESM2-MM.historical.r1i1p1f1.Omon.intpp.gn.v20191108.2005-2014.nc
CMIP6.CMIP.NCC.NorESM2-MM.historical.r1i1p1f1.Omon.intpp.gn.v20191108.intpp_Omon_NorESM2-MM_historical_r1i1p1f1_gn_201001-201412.nc|noresg.nird.sigma2.no,CMIP6.CMIP.NCC.NorESM2-MM.historical.r1i1p1f1.Omon.intpp.gn.v20191108|noresg.nird.sigma2.no,CMIP6,CMIP,NCC,NorESM2-MM,historical,r1i1p1f1,Omon,mon,gn,20191108,100 km,intpp,Primary Organic Carbon Production by All Types of Phytoplankton,mol m-2 s-1,2010-01-01T00:00:00Z,2014-12-01T00:00:00Z,17612004,noresg.nird.sigma2.no,http://noresg.nird.sigma2.no/thredds/fileServer/esg_dataroot/cmor/CMIP6/CMIP/NCC/NorESM2-MM/historical/r1i1p1f1/Omon/intpp/gn/v20191108/intpp_Omon_NorESM2-MM_historical_r1i1p1f1_gn_201001-201412.nc,hdl:21.14100/394abbc7-396e-3e6a-ac0d-3aefe126ac96,hdl:21.14100/d134edb5-042a-459e-a5c6-560beb22da5e,17,1850,1859,2014,2005,TRUE,decN,CMIP6.CMIP.NCC.NorESM2-MM.historical.r1i1p1f1.Omon.intpp.gn.v20191108,CMIP6.CMIP.NCC.NorESM2-MM.historical.r1i1p1f1.Omon.intpp.gn.v20191108.2005-2014.nc,/perm_storage/home/data/CMIP6_data/NorESM2-MM/historical,/perm_storage/home/data/CMIP6_data/NorESM2-MM/historical/CMIP6.CMIP.NCC.NorESM2-MM.historical.r1i1p1f1.Omon.intpp.gn.v20191108.2005-2014.nc
CMIP6.CMIP.NCC.NorESM2-MM.historical.r1i1p1f1.Omon.tos.gn.v20191108.tos_Omon_NorESM2-MM_historical_r1i1p1f1_gn_185001-185912.nc|noresg.nird.sigma2.no,CMIP6.CMIP.NCC.NorESM2-MM.historical.r1i1p1f1.Omon.tos.gn.v20191108|noresg.nird.sigma2.no,CMIP6,CMIP,NCC,NorESM2-MM,historical,r1i1p1f1,Omon,mon,gn,20191108,100 km,tos,Sea Surface Temperature,degC,1850-01-01T00:00:00Z,1859-12-01T00:00:00Z,32286310,noresg.nird.sigma2.no,http://noresg.nird.sigma2.no/thredds/fileServer/esg_dataroot/cmor/CMIP6/CMIP/NCC/NorESM2-MM/historical/r1i1p1f1/Omon/tos/gn/v20191108/tos_Omon_NorESM2-MM_historical_r1i1p1f1_gn_185001-185912.nc,hdl:21.14100/3cc4ae3b-31a5-3c10-bb67-88d550a2b09c,hdl:21.14100/1925913b-617e-4d4f-83ce-496585a51018,17,1850,1859,2014,2005,TRUE,dec0,CMIP6.CMIP.NCC.NorESM2-MM.historical.r1i1p1f1.Omon.tos.gn.v20191108,CMIP6.CMIP.NCC.NorESM2-MM.historical.r1i1p1f1.Omon.tos.gn.v20191108.1850-1859.nc,/perm_storage/home/data/CMIP6_data/NorESM2-MM/historical,/perm_storage/home/data/CMIP6_data/NorESM2-MM/historical/CMIP6.CMIP.NCC.NorESM2-MM.historical.r1i1p1f1.Omon.tos.gn.v20191108.1850-1859.nc
CMIP6.CMIP.NCC.NorESM2-MM.historical.r1i1p1f1.Omon.tos.gn.v20191108.tos_Omon_NorESM2-MM_historical_r1i1p1f1_gn_200001-200912.nc|noresg.nird.sigma2.no,CMIP6.CMIP.NCC.NorESM2-MM.historical.r1i1p1f1.Omon.tos.gn.v20191108|noresg.nird.sigma2.no,CMIP6,CMIP,NCC,NorESM2-MM,historical,r1i1p1f1,Omon,mon,gn,20191108,100 km,tos,Sea Surface Temperature,degC,2000-01-01T00:00:00Z,2009-12-01T00:00:00Z,32309595,noresg.nird.sigma2.no,http://noresg.nird.sigma2.no/thredds/fileServer/esg_dataroot/cmor/CMIP6/CMIP/NCC/NorESM2-MM/historical/r1i1p1f1/Omon/tos/gn/v20191108/tos_Omon_NorESM2-MM_historical_r1i1p1f1_gn_200001-200912.nc,hdl:21.14100/3cc4ae3b-31a5-3c10-bb67-88d550a2b09c,hdl:21.14100/7aff17fa-9281-4b83-b894-aa6253832279,17,1850,1859,2014,2005,TRUE,decN,CMIP6.CMIP.NCC.NorESM2-MM.historical.r1i1p1f1.Omon.tos.gn.v20191108,CMIP6.CMIP.NCC.NorESM2-MM.historical.r1i1p1f1.Omon.tos.gn.v20191108.2005-2014.nc,/perm_storage/home/data/CMIP6_data/NorESM2-MM/historical,/perm_storage/home/data/CMIP6_data/NorESM2-MM/historical/CMIP6.CMIP.NCC.NorESM2-MM.historical.r1i1p1f1.Omon.tos.gn.v20191108.2005-2014.nc
CMIP6.CMIP.NCC.NorESM2-MM.historical.r1i1p1f1.Omon.tos.gn.v20191108.tos_Omon_NorESM2-MM_historical_r1i1p1f1_gn_201001-201412.nc|noresg.nird.sigma2.no,CMIP6.CMIP.NCC.NorESM2-MM.historical.r1i1p1f1.Omon.tos.gn.v20191108|noresg.nird.sigma2.no,CMIP6,CMIP,NCC,NorESM2-MM,historical,r1i1p1f1,Omon,mon,gn,20191108,100 km,tos,Sea Surface Temperature,degC,2010-01-01T00:00:00Z,2014-12-01T00:00:00Z,17150181,noresg.nird.sigma2.no,http://noresg.nird.sigma2.no/thredds/fileServer/esg_dataroot/cmor/CMIP6/CMIP/NCC/NorESM2-MM/historical/r1i1p1f1/Omon/tos/gn/v20191108/tos_Omon_NorESM2-MM_historical_r1i1p1f1_gn_201001-201412.nc,hdl:21.14100/3cc4ae3b-31a5-3c10-bb67-88d550a2b09c,hdl:21.14100/e62b9b9b-de44-41a7-9907-fe8155e908ba,17,1850,1859,2014,2005,TRUE,decN,CMIP6.CMIP.NCC.NorESM2-MM.historical.r1i1p1f1.Omon.tos.gn.v20191108,CMIP6.CMIP.NCC.NorESM2-MM.historical.r1i1p1f1.Omon.tos.gn.v20191108.2005-2014.nc,/perm_storage/home/data/CMIP6_data/NorESM2-MM/historical,/perm_storage/home/data/CMIP6_data/NorESM2-MM/historical/CMIP6.CMIP.NCC.NorESM2-MM.historical.r1i1p1f1.Omon.tos.gn.v20191108.2005-2014.nc
CMIP6.CMIP.NCC.NorESM2-MM.historical.r1i1p1f1.SImon.siconc.gn.v20191108.siconc_SImon_NorESM2-MM_historical_r1i1p1f1_gn_185001-185912.nc|noresg.nird.sigma2.no,CMIP6.CMIP.NCC.NorESM2-MM.historical.r1i1p1f1.SImon.siconc.gn.v20191108|noresg.nird.sigma2.no,CMIP6,CMIP,NCC,NorESM2-MM,historical,r1i1p1f1,SImon,mon,gn,20191108,100 km,siconc,Sea-Ice Area Percentage (Ocean Grid),%,1850-01-01T00:00:00Z,1859-12-01T00:00:00Z,11968276,noresg.nird.sigma2.no,http://noresg.nird.sigma2.no/thredds/fileServer/esg_dataroot/cmor/CMIP6/CMIP/NCC/NorESM2-MM/historical/r1i1p1f1/SImon/siconc/gn/v20191108/siconc_SImon_NorESM2-MM_historical_r1i1p1f1_gn_185001-185912.nc,hdl:21.14100/1cb392b2-e793-3391-a681-16bfddcea808,hdl:21.14100/cff2b6cb-6339-48d4-bb3b-7b12838af417,17,1850,1859,2014,2005,TRUE,dec0,CMIP6.CMIP.NCC.NorESM2-MM.historical.r1i1p1f1.SImon.siconc.gn.v20191108,CMIP6.CMIP.NCC.NorESM2-MM.historical.r1i1p1f1.SImon.siconc.gn.v20191108.1850-1859.nc,/perm_storage/home/data/CMIP6_data/NorESM2-MM/historical,/perm_storage/home/data/CMIP6_data/NorESM2-MM/historical/CMIP6.CMIP.NCC.NorESM2-MM.historical.r1i1p1f1.SImon.siconc.gn.v20191108.1850-1859.nc
CMIP6.CMIP.NCC.NorESM2-MM.historical.r1i1p1f1.SImon.siconc.gn.v20191108.siconc_SImon_NorESM2-MM_historical_r1i1p1f1_gn_200001-200912.nc|noresg.nird.sigma2.no,CMIP6.CMIP.NCC.NorESM2-MM.historical.r1i1p1f1.SImon.siconc.gn.v20191108|noresg.nird.sigma2.no,CMIP6,CMIP,NCC,NorESM2-MM,historical,r1i1p1f1,SImon,mon,gn,20191108,100 km,siconc,Sea-Ice Area Percentage (Ocean Grid),%,2000-01-01T00:00:00Z,2009-12-01T00:00:00Z,11930206,noresg.nird.sigma2.no,http://noresg.nird.sigma2.no/thredds/fileServer/esg_dataroot/cmor/CMIP6/CMIP/NCC/NorESM2-MM/historical/r1i1p1f1/SImon/siconc/gn/v20191108/siconc_SImon_NorESM2-MM_historical_r1i1p1f1_gn_200001-200912.nc,hdl:21.14100/1cb392b2-e793-3391-a681-16bfddcea808,hdl:21.14100/a021a03a-ae06-4adf-9dbf-060a98744329,17,1850,1859,2014,2005,TRUE,decN,CMIP6.CMIP.NCC.NorESM2-MM.historical.r1i1p1f1.SImon.siconc.gn.v20191108,CMIP6.CMIP.NCC.NorESM2-MM.historical.r1i1p1f1.SImon.siconc.gn.v20191108.2005-2014.nc,/perm_storage/home/data/CMIP6_data/NorESM2-MM/historical,/perm_storage/home/data/CMIP6_data/NorESM2-MM/historical/CMIP6.CMIP.NCC.NorESM2-MM.historical.r1i1p1f1.SImon.siconc.gn.v20191108.2005-2014.nc
CMIP6.CMIP.NCC.NorESM2-MM.historical.r1i1p1f1.SImon.siconc.gn.v20191108.siconc_SImon_NorESM2-MM_historical_r1i1p1f1_gn_201001-201412.nc|noresg.nird.sigma2.no,CMIP6.CMIP.NCC.NorESM2-MM.historical.r1i1p1f1.SImon.siconc.gn.v20191108|noresg.nird.sigma2.no,CMIP6,CMIP,NCC,NorESM2-MM,historical,r1i1p1f1,SImon,mon,gn,20191108,100 km,siconc,Sea-Ice Area Percentage (Ocean Grid),%,2010-01-01T00:00:00Z,2014-12-01T00:00:00Z,7192074,noresg.nird.sigma2.no,http://noresg.nird.sigma2.no/thredds/fileServer/esg_dataroot/cmor/CMIP6/CMIP/NCC/NorESM2-MM/historical/r1i1p1f1/SImon/siconc/gn/v20191108/siconc_SImon_NorESM2-MM_historical_r1i1p1f1_gn_201001-201412.nc,hdl:21.14100/1cb392b2-e793-3391-a681-16bfddcea808,hdl:21.14100/1ce8efdf-6a0a-4251-bcb5-18d39f68a22c,17,1850,1859,2014,2005,TRUE,decN,CMIP6.CMIP.NCC.NorESM2-MM.historical.r1i1p1f1.SImon.siconc.gn.v20191108,CMIP6.CMIP.NCC.NorESM2-MM.historical.r1i1p1f1.SImon.siconc.gn.v20191108.2005-2014.nc,/perm_storage/home/data/CMIP6_data/NorESM2-MM/historical,/perm_storage/home/data/CMIP6_data/NorESM2-MM/historical/CMIP6.CMIP.NCC.NorESM2-MM.historical.r1i1p1f1.SImon.siconc.gn.v20191108.2005-2014.nc
CMIP6.CMIP.NCC.NorESM2-LM.historical.r1i1p1f1.Omon.intpp.gn.v20191108.intpp_Omon_NorESM2-LM_historical_r1i1p1f1_gn_185001-185912.nc|noresg.nird.sigma2.no,CMIP6.CMIP.NCC.NorESM2-LM.historical.r1i1p1f1.Omon.intpp.gn.v20191108|noresg.nird.sigma2.no,CMIP6,CMIP,NCC,NorESM2-LM,historical,r1i1p1f1,Omon,mon,gn,20191108,100 km,intpp,Primary Organic Carbon Production by All Types of Phytoplankton,mol m-2 s-1,1850-01-01T00:00:00Z,1859-12-01T00:00:00Z,33267593,noresg.nird.sigma2.no,http://noresg.nird.sigma2.no/thredds/fileServer/esg_dataroot/cmor/CMIP6/CMIP/NCC/NorESM2-LM/historical/r1i1p1f1/Omon/intpp/gn/v20191108/intpp_Omon_NorESM2-LM_historical_r1i1p1f1_gn_185001-185912.nc,hdl:21.14100/dbae2ad4-0c82-3310-a749-ce7252182bdf,hdl:21.14100/dd338aa4-77e3-472e-89c6-07c4534732e1,17,1850,1859,2014,2005,TRUE,dec0,CMIP6.CMIP.NCC.NorESM2-LM.historical.r1i1p1f1.Omon.intpp.gn.v20191108,CMIP6.CMIP.NCC.NorESM2-LM.historical.r1i1p1f1.Omon.intpp.gn.v20191108.1850-1859.nc,/perm_storage/home/data/CMIP6_data/NorESM2-LM/historical,/perm_storage/home/data/CMIP6_data/NorESM2-LM/historical/CMIP6.CMIP.NCC.NorESM2-LM.historical.r1i1p1f1.Omon.intpp.gn.v20191108.1850-1859.nc
CMIP6.CMIP.NCC.NorESM2-LM.historical.r1i1p1f1.Omon.intpp.gn.v20191108.intpp_Omon_NorESM2-LM_historical_r1i1p1f1_gn_200001-200912.nc|noresg.nird.sigma2.no,CMIP6.CMIP.NCC.NorESM2-LM.historical.r1i1p1f1.Omon.intpp.gn.v20191108|noresg.nird.sigma2.no,CMIP6,CMIP,NCC,NorESM2-LM,historical,r1i1p1f1,Omon,mon,gn,20191108,100 km,intpp,Primary Organic Carbon Production by All Types of Phytoplankton,mol m-2 s-1,2000-01-01T00:00:00Z,2009-12-01T00:00:00Z,33306131,noresg.nird.sigma2.no,http://noresg.nird.sigma2.no/thredds/fileServer/esg_dataroot/cmor/CMIP6/CMIP/NCC/NorESM2-LM/historical/r1i1p1f1/Omon/intpp/gn/v20191108/intpp_Omon_NorESM2-LM_historical_r1i1p1f1_gn_200001-200912.nc,hdl:21.14100/dbae2ad4-0c82-3310-a749-ce7252182bdf,hdl:21.14100/b71fbe29-f645-4f9d-b880-5bd59ce958a6,17,1850,1859,2014,2005,TRUE,decN,CMIP6.CMIP.NCC.NorESM2-LM.historical.r1i1p1f1.Omon.intpp.gn.v20191108,CMIP6.CMIP.NCC.NorESM2-LM.historical.r1i1p1f1.Omon.intpp.gn.v20191108.2005-2014.nc,/perm_storage/home/data/CMIP6_data/NorESM2-LM/historical,/perm_storage/home/data/CMIP6_data/NorESM2-LM/historical/CMIP6.CMIP.NCC.NorESM2-LM.historical.r1i1p1f1.Omon.intpp.gn.v20191108.2005-2014.nc
CMIP6.CMIP.NCC.NorESM2-LM.historical.r1i1p1f1.Omon.intpp.gn.v20191108.intpp_Omon_NorESM2-LM_historical_r1i1p1f1_gn_201001-201412.nc|noresg.nird.sigma2.no,CMIP6.CMIP.NCC.NorESM2-LM.historical.r1i1p1f1.Omon.intpp.gn.v20191108|noresg.nird.sigma2.no,CMIP6,CMIP,NCC,NorESM2-LM,historical,r1i1p1f1,Omon,mon,gn,20191108,100 km,intpp,Primary Organic Carbon Production by All Types of Phytoplankton,mol m-2 s-1,2010-01-01T00:00:00Z,2014-12-01T00:00:00Z,17669862,noresg.nird.sigma2.no,http://noresg.nird.sigma2.no/thredds/fileServer/esg_dataroot/cmor/CMIP6/CMIP/NCC/NorESM2-LM/historical/r1i1p1f1/Omon/intpp/gn/v20191108/intpp_Omon_NorESM2-LM_historical_r1i1p1f1_gn_201001-201412.nc,hdl:21.14100/dbae2ad4-0c82-3310-a749-ce7252182bdf,hdl:21.14100/d0c443b5-a50b-4b83-823e-74cb75195e19,17,1850,1859,2014,2005,TRUE,decN,CMIP6.CMIP.NCC.NorESM2-LM.historical.r1i1p1f1.Omon.intpp.gn.v20191108,CMIP6.CMIP.NCC.NorESM2-LM.historical.r1i1p1f1.Omon.intpp.gn.v20191108.2005-2014.nc,/perm_storage/home/data/CMIP6_data/NorESM2-LM/historical,/perm_storage/home/data/CMIP6_data/NorESM2-LM/historical/CMIP6.CMIP.NCC.NorESM2-LM.historical.r1i1p1f1.Omon.intpp.gn.v20191108.2005-2014.nc
CMIP6.CMIP.NCC.NorESM2-LM.historical.r1i1p1f1.Omon.tos.gn.v20190815.tos_Omon_NorESM2-LM_historical_r1i1p1f1_gn_185001-185912.nc|noresg.nird.sigma2.no,CMIP6.CMIP.NCC.NorESM2-LM.historical.r1i1p1f1.Omon.tos.gn.v20190815|noresg.nird.sigma2.no,CMIP6,CMIP,NCC,NorESM2-LM,historical,r1i1p1f1,Omon,mon,gn,20190815,100 km,tos,Sea Surface Temperature,degC,1850-01-01T00:00:00Z,1859-12-01T00:00:00Z,32329393,noresg.nird.sigma2.no,http://noresg.nird.sigma2.no/thredds/fileServer/esg_dataroot/cmor/CMIP6/CMIP/NCC/NorESM2-LM/historical/r1i1p1f1/Omon/tos/gn/v20190815/tos_Omon_NorESM2-LM_historical_r1i1p1f1_gn_185001-185912.nc,hdl:21.14100/cf2d9297-919d-3408-8a0c-0ba801fc73de,hdl:21.14100/1227f743-6dba-4739-aa71-d8691166a4b1,17,1850,1859,2014,2005,TRUE,dec0,CMIP6.CMIP.NCC.NorESM2-LM.historical.r1i1p1f1.Omon.tos.gn.v20190815,CMIP6.CMIP.NCC.NorESM2-LM.historical.r1i1p1f1.Omon.tos.gn.v20190815.1850-1859.nc,/perm_storage/home/data/CMIP6_data/NorESM2-LM/historical,/perm_storage/home/data/CMIP6_data/NorESM2-LM/historical/CMIP6.CMIP.NCC.NorESM2-LM.historical.r1i1p1f1.Omon.tos.gn.v20190815.1850-1859.nc
CMIP6.CMIP.NCC.NorESM2-LM.historical.r1i1p1f1.Omon.tos.gn.v20190815.tos_Omon_NorESM2-LM_historical_r1i1p1f1_gn_200001-200912.nc|noresg.nird.sigma2.no,CMIP6.CMIP.NCC.NorESM2-LM.historical.r1i1p1f1.Omon.tos.gn.v20190815|noresg.nird.sigma2.no,CMIP6,CMIP,NCC,NorESM2-LM,historical,r1i1p1f1,Omon,mon,gn,20190815,100 km,tos,Sea Surface Temperature,degC,2000-01-01T00:00:00Z,2009-12-01T00:00:00Z,32339081,noresg.nird.sigma2.no,http://noresg.nird.sigma2.no/thredds/fileServer/esg_dataroot/cmor/CMIP6/CMIP/NCC/NorESM2-LM/historical/r1i1p1f1/Omon/tos/gn/v20190815/tos_Omon_NorESM2-LM_historical_r1i1p1f1_gn_200001-200912.nc,hdl:21.14100/cf2d9297-919d-3408-8a0c-0ba801fc73de,hdl:21.14100/7072e1e4-3e7b-4485-90f3-3cc7e63963b1,17,1850,1859,2014,2005,TRUE,decN,CMIP6.CMIP.NCC.NorESM2-LM.historical.r1i1p1f1.Omon.tos.gn.v20190815,CMIP6.CMIP.NCC.NorESM2-LM.historical.r1i1p1f1.Omon.tos.gn.v20190815.2005-2014.nc,/perm_storage/home/data/CMIP6_data/NorESM2-LM/historical,/perm_storage/home/data/CMIP6_data/NorESM2-LM/historical/CMIP6.CMIP.NCC.NorESM2-LM.historical.r1i1p1f1.Omon.tos.gn.v20190815.2005-2014.nc
CMIP6.CMIP.NCC.NorESM2-LM.historical.r1i1p1f1.Omon.tos.gn.v20190815.tos_Omon_NorESM2-LM_historical_r1i1p1f1_gn_201001-201412.nc|noresg.nird.sigma2.no,CMIP6.CMIP.NCC.NorESM2-LM.historical.r1i1p1f1.Omon.tos.gn.v20190815|noresg.nird.sigma2.no,CMIP6,CMIP,NCC,NorESM2-LM,historical,r1i1p1f1,Omon,mon,gn,20190815,100 km,tos,Sea Surface Temperature,degC,2010-01-01T00:00:00Z,2014-12-01T00:00:00Z,17169767,noresg.nird.sigma2.no,http://noresg.nird.sigma2.no/thredds/fileServer/esg_dataroot/cmor/CMIP6/CMIP/NCC/NorESM2-LM/historical/r1i1p1f1/Omon/tos/gn/v20190815/tos_Omon_NorESM2-LM_historical_r1i1p1f1_gn_201001-201412.nc,hdl:21.14100/cf2d9297-919d-3408-8a0c-0ba801fc73de,hdl:21.14100/4dad6a55-23f6-4884-9f49-41505934d513,17,1850,1859,2014,2005,TRUE,decN,CMIP6.CMIP.NCC.NorESM2-LM.historical.r1i1p1f1.Omon.tos.gn.v20190815,CMIP6.CMIP.NCC.NorESM2-LM.historical.r1i1p1f1.Omon.tos.gn.v20190815.2005-2014.nc,/perm_storage/home/data/CMIP6_data/NorESM2-LM/historical,/perm_storage/home/data/CMIP6_data/NorESM2-LM/historical/CMIP6.CMIP.NCC.NorESM2-LM.historical.r1i1p1f1.Omon.tos.gn.v20190815.2005-2014.nc
CMIP6.CMIP.NCC.NorESM2-LM.historical.r1i1p1f1.SImon.siconc.gn.v20190815.siconc_SImon_NorESM2-LM_historical_r1i1p1f1_gn_185001-185912.nc|noresg.nird.sigma2.no,CMIP6.CMIP.NCC.NorESM2-LM.historical.r1i1p1f1.SImon.siconc.gn.v20190815|noresg.nird.sigma2.no,CMIP6,CMIP,NCC,NorESM2-LM,historical,r1i1p1f1,SImon,mon,gn,20190815,100 km,siconc,Sea-Ice Area Percentage (Ocean Grid),%,1850-01-01T00:00:00Z,1859-12-01T00:00:00Z,11773141,noresg.nird.sigma2.no,http://noresg.nird.sigma2.no/thredds/fileServer/esg_dataroot/cmor/CMIP6/CMIP/NCC/NorESM2-LM/historical/r1i1p1f1/SImon/siconc/gn/v20190815/siconc_SImon_NorESM2-LM_historical_r1i1p1f1_gn_185001-185912.nc,hdl:21.14100/a9d8a105-8a1d-3c80-bda7-eb56b0c0cae0,hdl:21.14100/e097274a-6568-4772-9e49-cf4edccc3574,17,1850,1859,2014,2005,TRUE,dec0,CMIP6.CMIP.NCC.NorESM2-LM.historical.r1i1p1f1.SImon.siconc.gn.v20190815,CMIP6.CMIP.NCC.NorESM2-LM.historical.r1i1p1f1.SImon.siconc.gn.v20190815.1850-1859.nc,/perm_storage/home/data/CMIP6_data/NorESM2-LM/historical,/perm_storage/home/data/CMIP6_data/NorESM2-LM/historical/CMIP6.CMIP.NCC.NorESM2-LM.historical.r1i1p1f1.SImon.siconc.gn.v20190815.1850-1859.nc
CMIP6.CMIP.NCC.NorESM2-LM.historical.r1i1p1f1.SImon.siconc.gn.v20190815.siconc_SImon_NorESM2-LM_historical_r1i1p1f1_gn_200001-200912.nc|noresg.nird.sigma2.no,CMIP6.CMIP.NCC.NorESM2-LM.historical.r1i1p1f1.SImon.siconc.gn.v20190815|noresg.nird.sigma2.no,CMIP6,CMIP,NCC,NorESM2-LM,historical,r1i1p1f1,SImon,mon,gn,20190815,100 km,siconc,Sea-Ice Area Percentage (Ocean Grid),%,2000-01-01T00:00:00Z,2009-12-01T00:00:00Z,11812297,noresg.nird.sigma2.no,http://noresg.nird.sigma2.no/thredds/fileServer/esg_dataroot/cmor/CMIP6/CMIP/NCC/NorESM2-LM/historical/r1i1p1f1/SImon/siconc/gn/v20190815/siconc_SImon_NorESM2-LM_historical_r1i1p1f1_gn_200001-200912.nc,hdl:21.14100/a9d8a105-8a1d-3c80-bda7-eb56b0c0cae0,hdl:21.14100/55915bd2-2607-4f7b-afda-377249d3c70f,17,1850,1859,2014,2005,TRUE,decN,CMIP6.CMIP.NCC.NorESM2-LM.historical.r1i1p1f1.SImon.siconc.gn.v20190815,CMIP6.CMIP.NCC.NorESM2-LM.historical.r1i1p1f1.SImon.siconc.gn.v20190815.2005-2014.nc,/perm_storage/home/data/CMIP6_data/NorESM2-LM/historical,/perm_storage/home/data/CMIP6_data/NorESM2-LM/historical/CMIP6.CMIP.NCC.NorESM2-LM.historical.r1i1p1f1.SImon.siconc.gn.v20190815.2005-2014.nc
CMIP6.CMIP.NCC.NorESM2-LM.historical.r1i1p1f1.SImon.siconc.gn.v20190815.siconc_SImon_NorESM2-LM_historical_r1i1p1f1_gn_201001-201412.nc|noresg.nird.sigma2.no,CMIP6.CMIP.NCC.NorESM2-LM.historical.r1i1p1f1.SImon.siconc.gn.v20190815|noresg.nird.sigma2.no,CMIP6,CMIP,NCC,NorESM2-LM,historical,r1i1p1f1,SImon,mon,gn,20190815,100 km,siconc,Sea-Ice Area Percentage (Ocean Grid),%,2010-01-01T00:00:00Z,2014-12-01T00:00:00Z,7122713,noresg.nird.sigma2.no,http://noresg.nird.sigma2.no/thredds/fileServer/esg_dataroot/cmor/CMIP6/CMIP/NCC/NorESM2-LM/historical/r1i1p1f1/SImon/siconc/gn/v20190815/siconc_SImon_NorESM2-LM_historical_r1i1p1f1_gn_201001-201412.nc,hdl:21.14100/a9d8a105-8a1d-3c80-bda7-eb56b0c0cae0,hdl:21.14100/6cf248d4-c5bf-472a-bcd0-1de19001313e,17,1850,1859,2014,2005,TRUE,decN,CMIP6.CMIP.NCC.NorESM2-LM.historical.r1i1p1f1.SImon.siconc.gn.v20190815,CMIP6.CMIP.NCC.NorESM2-LM.historical.r1i1p1f1.SImon.siconc.gn.v20190815.2005-2014.nc,/perm_storage/home/data/CMIP6_data/NorESM2-LM/historical,/perm_storage/home/data/CMIP6_data/NorESM2-LM/historical/CMIP6.CMIP.NCC.NorESM2-LM.historical.r1i1p1f1.SImon.siconc.gn.v20190815.2005-2014.nc
CMIP6.ScenarioMIP.EC-Earth-Consortium.EC-Earth3-CC.ssp585.r1i1p1f1.SImon.siconc.gn.v20210113.siconc_SImon_EC-Earth3-CC_ssp585_r1i1p1f1_gn_201501-201512.nc|esgf.bsc.es,CMIP6.ScenarioMIP.EC-Earth-Consortium.EC-Earth3-CC.ssp585.r1i1p1f1.SImon.siconc.gn.v20210113|esgf.bsc.es,CMIP6,ScenarioMIP,EC-Earth-Consortium,EC-Earth3-CC,ssp585,r1i1p1f1,SImon,mon,gn,20210113,100 km,siconc,Sea-Ice Area Percentage (Ocean Grid),%,2015-01-01T00:00:00Z,2015-12-01T00:00:00Z,2224207,esgf.bsc.es,http://esgf.bsc.es/thredds/fileServer/esg_dataroot/a3dm-ScenarioMIP-r1/CMIP6/ScenarioMIP/EC-Earth-Consortium/EC-Earth3-CC/ssp585/r1i1p1f1/SImon/siconc/gn/v20210113/siconc_SImon_EC-Earth3-CC_ssp585_r1i1p1f1_gn_201501-201512.nc,hdl:21.14100/8c83cc2e-db5c-35cb-8b08-1b6110af7424,hdl:21.14100/aa935d17-f0cf-4ad2-ab8d-f212c4325125,86,2015,2024,2100,2091,TRUE,dec0,CMIP6.ScenarioMIP.EC-Earth-Consortium.EC-Earth3-CC.ssp585.r1i1p1f1.SImon.siconc.gn.v20210113,CMIP6.ScenarioMIP.EC-Earth-Consortium.EC-Earth3-CC.ssp585.r1i1p1f1.SImon.siconc.gn.v20210113.2015-2024.nc,/perm_storage/home/data/CMIP6_data/EC-Earth3-CC/ssp585,/perm_storage/home/data/CMIP6_data/EC-Earth3-CC/ssp585/CMIP6.ScenarioMIP.EC-Earth-Consortium.EC-Earth3-CC.ssp585.r1i1p1f1.SImon.siconc.gn.v20210113.2015-2024.nc
CMIP6.ScenarioMIP.EC-Earth-Consortium.EC-Earth3-CC.ssp585.r1i1p1f1.SImon.siconc.gn.v20210113.siconc_SImon_EC-Earth3-CC_ssp585_r1i1p1f1_gn_201601-201612.nc|esgf.bsc.es,CMIP6.ScenarioMIP.EC-Earth-Consortium.EC-Earth3-CC.ssp585.r1i1p1f1.SImon.siconc.gn.v20210113|esgf.bsc.es,CMIP6,ScenarioMIP,EC-Earth-Consortium,EC-Earth3-CC,ssp585,r1i1p1f1,SImon,mon,gn,20210113,100 km,siconc,Sea-Ice Area Percentage (Ocean Grid),%,2016-01-01T00:00:00Z,2016-12-01T00:00:00Z,2213191,esgf.bsc.es,http://esgf.bsc.es/thredds/fileServer/esg_dataroot/a3dm-ScenarioMIP-r1/CMIP6/ScenarioMIP/EC-Earth-Consortium/EC-Earth3-CC/ssp585/r1i1p1f1/SImon/siconc/gn/v20210113/siconc_SImon_EC-Earth3-CC_ssp585_r1i1p1f1_gn_201601-201612.nc,hdl:21.14100/8c83cc2e-db5c-35cb-8b08-1b6110af7424,hdl:21.14100/7200d39b-b724-464d-82cc-fed7206fcd8b,86,2015,2024,2100,2091,TRUE,dec0,CMIP6.ScenarioMIP.EC-Earth-Consortium.EC-Earth3-CC.ssp585.r1i1p1f1.SImon.siconc.gn.v20210113,CMIP6.ScenarioMIP.EC-Earth-Consortium.EC-Earth3-CC.ssp585.r1i1p1f1.SImon.siconc.gn.v20210113.2015-2024.nc,/perm_storage/home/data/CMIP6_data/EC-Earth3-CC/ssp585,/perm_storage/home/data/CMIP6_data/EC-Earth3-CC/ssp585/CMIP6.ScenarioMIP.EC-Earth-Consortium.EC-Earth3-CC.ssp585.r1i1p1f1.SImon.siconc.gn.v20210113.2015-2024.nc
CMIP6.ScenarioMIP.EC-Earth-Consortium.EC-Earth3-CC.ssp585.r1i1p1f1.SImon.siconc.gn.v20210113.siconc_SImon_EC-Earth3-CC_ssp585_r1i1p1f1_gn_201701-201712.nc|esgf.bsc.es,CMIP6.ScenarioMIP.EC-Earth-Consortium.EC-Earth3-CC.ssp585.r1i1p1f1.SImon.siconc.gn.v20210113|esgf.bsc.es,CMIP6,ScenarioMIP,EC-Earth-Consortium,EC-Earth3-CC,ssp585,r1i1p1f1,SImon,mon,gn,20210113,100 km,siconc,Sea-Ice Area Percentage (Ocean Grid),%,2017-01-01T00:00:00Z,2017-12-01T00:00:00Z,2206102,esgf.bsc.es,http://esgf.bsc.es/thredds/fileServer/esg_dataroot/a3dm-ScenarioMIP-r1/CMIP6/ScenarioMIP/EC-Earth-Consortium/EC-Earth3-CC/ssp585/r1i1p1f1/SImon/siconc/gn/v20210113/siconc_SImon_EC-Earth3-CC_ssp585_r1i1p1f1_gn_201701-201712.nc,hdl:21.14100/8c83cc2e-db5c-35cb-8b08-1b6110af7424,hdl:21.14100/a620c881-653a-4cfb-9bc0-64a118c80396,86,2015,2024,2100,2091,TRUE,dec0,CMIP6.ScenarioMIP.EC-Earth-Consortium.EC-Earth3-CC.ssp585.r1i1p1f1.SImon.siconc.gn.v20210113,CMIP6.ScenarioMIP.EC-Earth-Consortium.EC-Earth3-CC.ssp585.r1i1p1f1.SImon.siconc.gn.v20210113.2015-2024.nc,/perm_storage/home/data/CMIP6_data/EC-Earth3-CC/ssp585,/perm_storage/home/data/CMIP6_data/EC-Earth3-CC/ssp585/CMIP6.ScenarioMIP.EC-Earth-Consortium.EC-Earth3-CC.ssp585.r1i1p1f1.SImon.siconc.gn.v20210113.2015-2024.nc
CMIP6.ScenarioMIP.EC-Earth-Consortium.EC-Earth3-CC.ssp585.r1i1p1f1.SImon.siconc.gn.v20210113.siconc_SImon_EC-Earth3-CC_ssp585_r1i1p1f1_gn_201801-201812.nc|esgf.bsc.es,CMIP6.ScenarioMIP.EC-Earth-Consortium.EC-Earth3-CC.ssp585.r1i1p1f1.SImon.siconc.gn.v20210113|esgf.bsc.es,CMIP6,ScenarioMIP,EC-Earth-Consortium,EC-Earth3-CC,ssp585,r1i1p1f1,SImon,mon,gn,20210113,100 km,siconc,Sea-Ice Area Percentage (Ocean Grid),%,2018-01-01T00:00:00Z,2018-12-01T00:00:00Z,2218043,esgf.bsc.es,http://esgf.bsc.es/thredds/fileServer/esg_dataroot/a3dm-ScenarioMIP-r1/CMIP6/ScenarioMIP/EC-Earth-Consortium/EC-Earth3-CC/ssp585/r1i1p1f1/SImon/siconc/gn/v20210113/siconc_SImon_EC-Earth3-CC_ssp585_r1i1p1f1_gn_201801-201812.nc,hdl:21.14100/8c83cc2e-db5c-35cb-8b08-1b6110af7424,hdl:21.14100/948d2f3e-b1e7-41bd-8adc-f868bf298bfa,86,2015,2024,2100,2091,TRUE,dec0,CMIP6.ScenarioMIP.EC-Earth-Consortium.EC-Earth3-CC.ssp585.r1i1p1f1.SImon.siconc.gn.v20210113,CMIP6.ScenarioMIP.EC-Earth-Consortium.EC-Earth3-CC.ssp585.r1i1p1f1.SImon.siconc.gn.v20210113.2015-2024.nc,/perm_storage/home/data/CMIP6_data/EC-Earth3-CC/ssp585,/perm_storage/home/data/CMIP6_data/EC-Earth3-CC/ssp585/CMIP6.ScenarioMIP.EC-Earth-Consortium.EC-Earth3-CC.ssp585.r1i1p1f1.SImon.siconc.gn.v20210113.2015-2024.nc
CMIP6.ScenarioMIP.EC-Earth-Consortium.EC-Earth3-CC.ssp585.r1i1p1f1.SImon.siconc.gn.v20210113.siconc_SImon_EC-Earth3-CC_ssp585_r1i1p1f1_gn_201901-201912.nc|esgf.bsc.es,CMIP6.ScenarioMIP.EC-Earth-Consortium.EC-Earth3-CC.ssp585.r1i1p1f1.SImon.siconc.gn.v20210113|esgf.bsc.es,CMIP6,ScenarioMIP,EC-Earth-Consortium,EC-Earth3-CC,ssp585,r1i1p1f1,SImon,mon,gn,20210113,100 km,siconc,Sea-Ice Area Percentage (Ocean Grid),%,2019-01-01T00:00:00Z,2019-12-01T00:00:00Z,2204934,esgf.bsc.es,http://esgf.bsc.es/thredds/fileServer/esg_dataroot/a3dm-ScenarioMIP-r1/CMIP6/ScenarioMIP/EC-Earth-Consortium/EC-Earth3-CC/ssp585/r1i1p1f1/SImon/siconc/gn/v20210113/siconc_SImon_EC-Earth3-CC_ssp585_r1i1p1f1_gn_201901-201912.nc,hdl:21.14100/8c83cc2e-db5c-35cb-8b08-1b6110af7424,hdl:21.14100/7a67d5e5-3b4c-4e14-bf37-e60b97393fff,86,2015,2024,2100,2091,TRUE,dec0,CMIP6.ScenarioMIP.EC-Earth-Consortium.EC-Earth3-CC.ssp585.r1i1p1f1.SImon.siconc.gn.v20210113,CMIP6.ScenarioMIP.EC-Earth-Consortium.EC-Earth3-CC.ssp585.r1i1p1f1.SImon.siconc.gn.v20210113.2015-2024.nc,/perm_storage/home/data/CMIP6_data/EC-Earth3-CC/ssp585,/perm_storage/home/data/CMIP6_data/EC-Earth3-CC/ssp585/CMIP6.ScenarioMIP.EC-Earth-Consortium.EC-Earth3-CC.ssp585.r1i1p1f1.SImon.siconc.gn.v20210113.2015-2024.nc
CMIP6.ScenarioMIP.EC-Earth-Consortium.EC-Earth3-CC.ssp585.r1i1p1f1.SImon.siconc.gn.v20210113.siconc_SImon_EC-Earth3-CC_ssp585_r1i1p1f1_gn_202001-202012.nc|esgf.bsc.es,CMIP6.ScenarioMIP.EC-Earth-Consortium.EC-Earth3-CC.ssp585.r1i1p1f1.SImon.siconc.gn.v20210113|esgf.bsc.es,CMIP6,ScenarioMIP,EC-Earth-Consortium,EC-Earth3-CC,ssp585,r1i1p1f1,SImon,mon,gn,20210113,100 km,siconc,Sea-Ice Area Percentage (Ocean Grid),%,2020-01-01T00:00:00Z,2020-12-01T00:00:00Z,2214045,esgf.bsc.es,http://esgf.bsc.es/thredds/fileServer/esg_dataroot/a3dm-ScenarioMIP-r1/CMIP6/ScenarioMIP/EC-Earth-Consortium/EC-Earth3-CC/ssp585/r1i1p1f1/SImon/siconc/gn/v20210113/siconc_SImon_EC-Earth3-CC_ssp585_r1i1p1f1_gn_202001-202012.nc,hdl:21.14100/8c83cc2e-db5c-35cb-8b08-1b6110af7424,hdl:21.14100/7a06f9a9-b1ea-4a9f-ac11-ca7ce476c8c0,86,2015,2024,2100,2091,TRUE,dec0,CMIP6.ScenarioMIP.EC-Earth-Consortium.EC-Earth3-CC.ssp585.r1i1p1f1.SImon.siconc.gn.v20210113,CMIP6.ScenarioMIP.EC-Earth-Consortium.EC-Earth3-CC.ssp585.r1i1p1f1.SImon.siconc.gn.v20210113.2015-2024.nc,/perm_storage/home/data/CMIP6_data/EC-Earth3-CC/ssp585,/perm_storage/home/data/CMIP6_data/EC-Earth3-CC/ssp585/CMIP6.ScenarioMIP.EC-Earth-Consortium.EC-Earth3-CC.ssp585.r1i1p1f1.SImon.siconc.gn.v20210113.2015-2024.nc
CMIP6.ScenarioMIP.EC-Earth-Consortium.EC-Earth3-CC.ssp585.r1i1p1f1.SImon.siconc.gn.v20210113.siconc_SImon_EC-Earth3-CC_ssp585_r1i1p1f1_gn_202101-202112.nc|esgf.bsc.es,CMIP6.ScenarioMIP.EC-Earth-Consortium.EC-Earth3-CC.ssp585.r1i1p1f1.SImon.siconc.gn.v20210113|esgf.bsc.es,CMIP6,ScenarioMIP,EC-Earth-Consortium,EC-Earth3-CC,ssp585,r1i1p1f1,SImon,mon,gn,20210113,100 km,siconc,Sea-Ice Area Percentage (Ocean Grid),%,2021-01-01T00:00:00Z,2021-12-01T00:00:00Z,2227668,esgf.bsc.es,http://esgf.bsc.es/thredds/fileServer/esg_dataroot/a3dm-ScenarioMIP-r1/CMIP6/ScenarioMIP/EC-Earth-Consortium/EC-Earth3-CC/ssp585/r1i1p1f1/SImon/siconc/gn/v20210113/siconc_SImon_EC-Earth3-CC_ssp585_r1i1p1f1_gn_202101-202112.nc,hdl:21.14100/8c83cc2e-db5c-35cb-8b08-1b6110af7424,hdl:21.14100/66928d79-bafb-4fef-9674-01ccffb7386a,86,2015,2024,2100,2091,TRUE,dec0,CMIP6.ScenarioMIP.EC-Earth-Consortium.EC-Earth3-CC.ssp585.r1i1p1f1.SImon.siconc.gn.v20210113,CMIP6.ScenarioMIP.EC-Earth-Consortium.EC-Earth3-CC.ssp585.r1i1p1f1.SImon.siconc.gn.v20210113.2015-2024.nc,/perm_storage/home/data/CMIP6_data/EC-Earth3-CC/ssp585,/perm_storage/home/data/CMIP6_data/EC-Earth3-CC/ssp585/CMIP6.ScenarioMIP.EC-Earth-Consortium.EC-Earth3-CC.ssp585.r1i1p1f1.SImon.siconc.gn.v20210113.2015-2024.nc
CMIP6.ScenarioMIP.EC-Earth-Consortium.EC-Earth3-CC.ssp585.r1i1p1f1.SImon.siconc.gn.v20210113.siconc_SImon_EC-Earth3-CC_ssp585_r1i1p1f1_gn_202201-202212.nc|esgf.bsc.es,CMIP6.ScenarioMIP.EC-Earth-Consortium.EC-Earth3-CC.ssp585.r1i1p1f1.SImon.siconc.gn.v20210113|esgf.bsc.es,CMIP6,ScenarioMIP,EC-Earth-Consortium,EC-Earth3-CC,ssp585,r1i1p1f1,SImon,mon,gn,20210113,100 km,siconc,Sea-Ice Area Percentage (Ocean Grid),%,2022-01-01T00:00:00Z,2022-12-01T00:00:00Z,2209000,esgf.bsc.es,http://esgf.bsc.es/thredds/fileServer/esg_dataroot/a3dm-ScenarioMIP-r1/CMIP6/ScenarioMIP/EC-Earth-Consortium/EC-Earth3-CC/ssp585/r1i1p1f1/SImon/siconc/gn/v20210113/siconc_SImon_EC-Earth3-CC_ssp585_r1i1p1f1_gn_202201-202212.nc,hdl:21.14100/8c83cc2e-db5c-35cb-8b08-1b6110af7424,hdl:21.14100/706db73b-7385-4094-ae71-0018d32c832d,86,2015,2024,2100,2091,TRUE,dec0,CMIP6.ScenarioMIP.EC-Earth-Consortium.EC-Earth3-CC.ssp585.r1i1p1f1.SImon.siconc.gn.v20210113,CMIP6.ScenarioMIP.EC-Earth-Consortium.EC-Earth3-CC.ssp585.r1i1p1f1.SImon.siconc.gn.v20210113.2015-2024.nc,/perm_storage/home/data/CMIP6_data/EC-Earth3-CC/ssp585,/perm_storage/home/data/CMIP6_data/EC-Earth3-CC/ssp585/CMIP6.ScenarioMIP.EC-Earth-Consortium.EC-Earth3-CC.ssp585.r1i1p1f1.SImon.siconc.gn.v20210113.2015-2024.nc
CMIP6.ScenarioMIP.EC-Earth-Consortium.EC-Earth3-CC.ssp585.r1i1p1f1.SImon.siconc.gn.v20210113.siconc_SImon_EC-Earth3-CC_ssp585_r1i1p1f1_gn_202301-202312.nc|esgf.bsc.es,CMIP6.ScenarioMIP.EC-Earth-Consortium.EC-Earth3-CC.ssp585.r1i1p1f1.SImon.siconc.gn.v20210113|esgf.bsc.es,CMIP6,ScenarioMIP,EC-Earth-Consortium,EC-Earth3-CC,ssp585,r1i1p1f1,SImon,mon,gn,20210113,100 km,siconc,Sea-Ice Area Percentage (Ocean Grid),%,2023-01-01T00:00:00Z,2023-12-01T00:00:00Z,2228319,esgf.bsc.es,http://esgf.bsc.es/thredds/fileServer/esg_dataroot/a3dm-ScenarioMIP-r1/CMIP6/ScenarioMIP/EC-Earth-Consortium/EC-Earth3-CC/ssp585/r1i1p1f1/SImon/siconc/gn/v20210113/siconc_SImon_EC-Earth3-CC_ssp585_r1i1p1f1_gn_202301-202312.nc,hdl:21.14100/8c83cc2e-db5c-35cb-8b08-1b6110af7424,hdl:21.14100/da638ba2-6cf3-4da7-a3ec-433a8ffa9a2f,86,2015,2024,2100,2091,TRUE,dec0,CMIP6.ScenarioMIP.EC-Earth-Consortium.EC-Earth3-CC.ssp585.r1i1p1f1.SImon.siconc.gn.v20210113,CMIP6.ScenarioMIP.EC-Earth-Consortium.EC-Earth3-CC.ssp585.r1i1p1f1.SImon.siconc.gn.v20210113.2015-2024.nc,/perm_storage/home/data/CMIP6_data/EC-Earth3-CC/ssp585,/perm_storage/home/data/CMIP6_data/EC-Earth3-CC/ssp585/CMIP6.ScenarioMIP.EC-Earth-Consortium.EC-Earth3-CC.ssp585.r1i1p1f1.SImon.siconc.gn.v20210113.2015-2024.nc
CMIP6.ScenarioMIP.EC-Earth-Consortium.EC-Earth3-CC.ssp585.r1i1p1f1.SImon.siconc.gn.v20210113.siconc_SImon_EC-Earth3-CC_ssp585_r1i1p1f1_gn_202401-202412.nc|esgf.bsc.es,CMIP6.ScenarioMIP.EC-Earth-Consortium.EC-Earth3-CC.ssp585.r1i1p1f1.SImon.siconc.gn.v20210113|esgf.bsc.es,CMIP6,ScenarioMIP,EC-Earth-Consortium,EC-Earth3-CC,ssp585,r1i1p1f1,SImon,mon,gn,20210113,100 km,siconc,Sea-Ice Area Percentage (Ocean Grid),%,2024-01-01T00:00:00Z,2024-12-01T00:00:00Z,2237485,esgf.bsc.es,http://esgf.bsc.es/thredds/fileServer/esg_dataroot/a3dm-ScenarioMIP-r1/CMIP6/ScenarioMIP/EC-Earth-Consortium/EC-Earth3-CC/ssp585/r1i1p1f1/SImon/siconc/gn/v20210113/siconc_SImon_EC-Earth3-CC_ssp585_r1i1p1f1_gn_202401-202412.nc,hdl:21.14100/8c83cc2e-db5c-35cb-8b08-1b6110af7424,hdl:21.14100/47c38807-d011-41b8-a3ab-255e767d0502,86,2015,2024,2100,2091,TRUE,dec0,CMIP6.ScenarioMIP.EC-Earth-Consortium.EC-Earth3-CC.ssp585.r1i1p1f1.SImon.siconc.gn.v20210113,CMIP6.ScenarioMIP.EC-Earth-Consortium.EC-Earth3-CC.ssp585.r1i1p1f1.SImon.siconc.gn.v20210113.2015-2024.nc,/perm_storage/home/data/CMIP6_data/EC-Earth3-CC/ssp585,/perm_storage/home/data/CMIP6_data/EC-Earth3-CC/ssp585/CMIP6.ScenarioMIP.EC-Earth-Consortium.EC-Earth3-CC.ssp585.r1i1p1f1.SImon.siconc.gn.v20210113.2015-2024.nc
CMIP6.ScenarioMIP.EC-Earth-Consortium.EC-Earth3-CC.ssp585.r1i1p1f1.SImon.siconc.gn.v20210113.siconc_SImon_EC-Earth3-CC_ssp585_r1i1p1f1_gn_209101-209112.nc|esgf.bsc.es,CMIP6.ScenarioMIP.EC-Earth-Consortium.EC-Earth3-CC.ssp585.r1i1p1f1.SImon.siconc.gn.v20210113|esgf.bsc.es,CMIP6,ScenarioMIP,EC-Earth-Consortium,EC-Earth3-CC,ssp585,r1i1p1f1,SImon,mon,gn,20210113,100 km,siconc,Sea-Ice Area Percentage (Ocean Grid),%,2091-01-01T00:00:00Z,2091-12-01T00:00:00Z,1988090,esgf.bsc.es,http://esgf.bsc.es/thredds/fileServer/esg_dataroot/a3dm-ScenarioMIP-r1/CMIP6/ScenarioMIP/EC-Earth-Consortium/EC-Earth3-CC/ssp585/r1i1p1f1/SImon/siconc/gn/v20210113/siconc_SImon_EC-Earth3-CC_ssp585_r1i1p1f1_gn_209101-209112.nc,hdl:21.14100/8c83cc2e-db5c-35cb-8b08-1b6110af7424,hdl:21.14100/87203822-f9ed-4543-9957-37267ccd5756,86,2015,2024,2100,2091,TRUE,decN,CMIP6.ScenarioMIP.EC-Earth-Consortium.EC-Earth3-CC.ssp585.r1i1p1f1.SImon.siconc.gn.v20210113,CMIP6.ScenarioMIP.EC-Earth-Consortium.EC-Earth3-CC.ssp585.r1i1p1f1.SImon.siconc.gn.v20210113.2091-2100.nc,/perm_storage/home/data/CMIP6_data/EC-Earth3-CC/ssp585,/perm_storage/home/data/CMIP6_data/EC-Earth3-CC/ssp585/CMIP6.ScenarioMIP.EC-Earth-Consortium.EC-Earth3-CC.ssp585.r1i1p1f1.SImon.siconc.gn.v20210113.2091-2100.nc
CMIP6.ScenarioMIP.EC-Earth-Consortium.EC-Earth3-CC.ssp585.r1i1p1f1.SImon.siconc.gn.v20210113.siconc_SImon_EC-Earth3-CC_ssp585_r1i1p1f1_gn_209201-209212.nc|esgf.bsc.es,CMIP6.ScenarioMIP.EC-Earth-Consortium.EC-Earth3-CC.ssp585.r1i1p1f1.SImon.siconc.gn.v20210113|esgf.bsc.es,CMIP6,ScenarioMIP,EC-Earth-Consortium,EC-Earth3-CC,ssp585,r1i1p1f1,SImon,mon,gn,20210113,100 km,siconc,Sea-Ice Area Percentage (Ocean Grid),%,2092-01-01T00:00:00Z,2092-12-01T00:00:00Z,1953479,esgf.bsc.es,http://esgf.bsc.es/thredds/fileServer/esg_dataroot/a3dm-ScenarioMIP-r1/CMIP6/ScenarioMIP/EC-Earth-Consortium/EC-Earth3-CC/ssp585/r1i1p1f1/SImon/siconc/gn/v20210113/siconc_SImon_EC-Earth3-CC_ssp585_r1i1p1f1_gn_209201-209212.nc,hdl:21.14100/8c83cc2e-db5c-35cb-8b08-1b6110af7424,hdl:21.14100/b458ac9c-c566-43fe-a10a-25d5f3a66a3e,86,2015,2024,2100,2091,TRUE,decN,CMIP6.ScenarioMIP.EC-Earth-Consortium.EC-Earth3-CC.ssp585.r1i1p1f1.SImon.siconc.gn.v20210113,CMIP6.ScenarioMIP.EC-Earth-Consortium.EC-Earth3-CC.ssp585.r1i1p1f1.SImon.siconc.gn.v20210113.2091-2100.nc,/perm_storage/home/data/CMIP6_data/EC-Earth3-CC/ssp585,/perm_storage/home/data/CMIP6_data/EC-Earth3-CC/ssp585/CMIP6.ScenarioMIP.EC-Earth-Consortium.EC-Earth3-CC.ssp585.r1i1p1f1.SImon.siconc.gn.v20210113.2091-2100.nc
CMIP6.ScenarioMIP.EC-Earth-Consortium.EC-Earth3-CC.ssp585.r1i1p1f1.SImon.siconc.gn.v20210113.siconc_SImon_EC-Earth3-CC_ssp585_r1i1p1f1_gn_209301-209312.nc|esgf.bsc.es,CMIP6.ScenarioMIP.EC-Earth-Consortium.EC-Earth3-CC.ssp585.r1i1p1f1.SImon.siconc.gn.v20210113|esgf.bsc.es,CMIP6,ScenarioMIP,EC-Earth-Consortium,EC-Earth3-CC,ssp585,r1i1p1f1,SImon,mon,gn,20210113,100 km,siconc,Sea-Ice Area Percentage (Ocean Grid),%,2093-01-01T00:00:00Z,2093-12-01T00:00:00Z,1939806,esgf.bsc.es,http://esgf.bsc.es/thredds/fileServer/esg_dataroot/a3dm-ScenarioMIP-r1/CMIP6/ScenarioMIP/EC-Earth-Consortium/EC-Earth3-CC/ssp585/r1i1p1f1/SImon/siconc/gn/v20210113/siconc_SImon_EC-Earth3-CC_ssp585_r1i1p1f1_gn_209301-209312.nc,hdl:21.14100/8c83cc2e-db5c-35cb-8b08-1b6110af7424,hdl:21.14100/30ac9e12-e54d-4b39-bdd6-089e122a37ff,86,2015,2024,2100,2091,TRUE,decN,CMIP6.ScenarioMIP.EC-Earth-Consortium.EC-Earth3-CC.ssp585.r1i1p1f1.SImon.siconc.gn.v20210113,CMIP6.ScenarioMIP.EC-Earth-Consortium.EC-Earth3-CC.ssp585.r1i1p1f1.SImon.siconc.gn.v20210113.2091-2100.nc,/perm_storage/home/data/CMIP6_data/EC-Earth3-CC/ssp585,/perm_storage/home/data/CMIP6_data/EC-Earth3-CC/ssp585/CMIP6.ScenarioMIP.EC-Earth-Consortium.EC-Earth3-CC.ssp585.r1i1p1f1.SImon.siconc.gn.v20210113.2091-2100.nc
CMIP6.ScenarioMIP.EC-Earth-Consortium.EC-Earth3-CC.ssp585.r1i1p1f1.SImon.siconc.gn.v20210113.siconc_SImon_EC-Earth3-CC_ssp585_r1i1p1f1_gn_209401-209412.nc|esgf.bsc.es,CMIP6.ScenarioMIP.EC-Earth-Consortium.EC-Earth3-CC.ssp585.r1i1p1f1.SImon.siconc.gn.v20210113|esgf.bsc.es,CMIP6,ScenarioMIP,EC-Earth-Consortium,EC-Earth3-CC,ssp585,r1i1p1f1,SImon,mon,gn,20210113,100 km,siconc,Sea-Ice Area Percentage (Ocean Grid),%,2094-01-01T00:00:00Z,2094-12-01T00:00:00Z,1964815,esgf.bsc.es,http://esgf.bsc.es/thredds/fileServer/esg_dataroot/a3dm-ScenarioMIP-r1/CMIP6/ScenarioMIP/EC-Earth-Consortium/EC-Earth3-CC/ssp585/r1i1p1f1/SImon/siconc/gn/v20210113/siconc_SImon_EC-Earth3-CC_ssp585_r1i1p1f1_gn_209401-209412.nc,hdl:21.14100/8c83cc2e-db5c-35cb-8b08-1b6110af7424,hdl:21.14100/1f811b09-62cb-4e7f-b096-2bdf9f03752f,86,2015,2024,2100,2091,TRUE,decN,CMIP6.ScenarioMIP.EC-Earth-Consortium.EC-Earth3-CC.ssp585.r1i1p1f1.SImon.siconc.gn.v20210113,CMIP6.ScenarioMIP.EC-Earth-Consortium.EC-Earth3-CC.ssp585.r1i1p1f1.SImon.siconc.gn.v20210113.2091-2100.nc,/perm_storage/home/data/CMIP6_data/EC-Earth3-CC/ssp585,/perm_storage/home/data/CMIP6_data/EC-Earth3-CC/ssp585/CMIP6.ScenarioMIP.EC-Earth-Consortium.EC-Earth3-CC.ssp585.r1i1p1f1.SImon.siconc.gn.v20210113.2091-2100.nc
CMIP6.ScenarioMIP.EC-Earth-Consortium.EC-Earth3-CC.ssp585.r1i1p1f1.SImon.siconc.gn.v20210113.siconc_SImon_EC-Earth3-CC_ssp585_r1i1p1f1_gn_209501-209512.nc|esgf.bsc.es,CMIP6.ScenarioMIP.EC-Earth-Consortium.EC-Earth3-CC.ssp585.r1i1p1f1.SImon.siconc.gn.v20210113|esgf.bsc.es,CMIP6,ScenarioMIP,EC-Earth-Consortium,EC-Earth3-CC,ssp585,r1i1p1f1,SImon,mon,gn,20210113,100 km,siconc,Sea-Ice Area Percentage (Ocean Grid),%,2095-01-01T00:00:00Z,2095-12-01T00:00:00Z,1983583,esgf.bsc.es,http://esgf.bsc.es/thredds/fileServer/esg_dataroot/a3dm-ScenarioMIP-r1/CMIP6/ScenarioMIP/EC-Earth-Consortium/EC-Earth3-CC/ssp585/r1i1p1f1/SImon/siconc/gn/v20210113/siconc_SImon_EC-Earth3-CC_ssp585_r1i1p1f1_gn_209501-209512.nc,hdl:21.14100/8c83cc2e-db5c-35cb-8b08-1b6110af7424,hdl:21.14100/9f3f3b6a-450f-4c7e-826c-b563eca7cf11,86,2015,2024,2100,2091,TRUE,decN,CMIP6.ScenarioMIP.EC-Earth-Consortium.EC-Earth3-CC.ssp585.r1i1p1f1.SImon.siconc.gn.v20210113,CMIP6.ScenarioMIP.EC-Earth-Consortium.EC-Earth3-CC.ssp585.r1i1p1f1.SImon.siconc.gn.v20210113.2091-2100.nc,/perm_storage/home/data/CMIP6_data/EC-Earth3-CC/ssp585,/perm_storage/home/data/CMIP6_data/EC-Earth3-CC/ssp585/CMIP6.ScenarioMIP.EC-Earth-Consortium.EC-Earth3-CC.ssp585.r1i1p1f1.SImon.siconc.gn.v20210113.2091-2100.nc
CMIP6.ScenarioMIP.EC-Earth-Consortium.EC-Earth3-CC.ssp585.r1i1p1f1.SImon.siconc.gn.v20210113.siconc_SImon_EC-Earth3-CC_ssp585_r1i1p1f1_gn_209601-209612.nc|esgf.bsc.es,CMIP6.ScenarioMIP.EC-Earth-Consortium.EC-Earth3-CC.ssp585.r1i1p1f1.SImon.siconc.gn.v20210113|esgf.bsc.es,CMIP6,ScenarioMIP,EC-Earth-Consortium,EC-Earth3-CC,ssp585,r1i1p1f1,SImon,mon,gn,20210113,100 km,siconc,Sea-Ice Area Percentage (Ocean Grid),%,2096-01-01T00:00:00Z,2096-12-01T00:00:00Z,1955462,esgf.bsc.es,http://esgf.bsc.es/thredds/fileServer/esg_dataroot/a3dm-ScenarioMIP-r1/CMIP6/ScenarioMIP/EC-Earth-Consortium/EC-Earth3-CC/ssp585/r1i1p1f1/SImon/siconc/gn/v20210113/siconc_SImon_EC-Earth3-CC_ssp585_r1i1p1f1_gn_209601-209612.nc,hdl:21.14100/8c83cc2e-db5c-35cb-8b08-1b6110af7424,hdl:21.14100/a39ab7c9-7823-4d0c-954d-b0041615a083,86,2015,2024,2100,2091,TRUE,decN,CMIP6.ScenarioMIP.EC-Earth-Consortium.EC-Earth3-CC.ssp585.r1i1p1f1.SImon.siconc.gn.v20210113,CMIP6.ScenarioMIP.EC-Earth-Consortium.EC-Earth3-CC.ssp585.r1i1p1f1.SImon.siconc.gn.v20210113.2091-2100.nc,/perm_storage/home/data/CMIP6_data/EC-Earth3-CC/ssp585,/perm_storage/home/data/CMIP6_data/EC-Earth3-CC/ssp585/CMIP6.ScenarioMIP.EC-Earth-Consortium.EC-Earth3-CC.ssp585.r1i1p1f1.SImon.siconc.gn.v20210113.2091-2100.nc
CMIP6.ScenarioMIP.EC-Earth-Consortium.EC-Earth3-CC.ssp585.r1i1p1f1.SImon.siconc.gn.v20210113.siconc_SImon_EC-Earth3-CC_ssp585_r1i1p1f1_gn_209701-209712.nc|esgf.bsc.es,CMIP6.ScenarioMIP.EC-Earth-Consortium.EC-Earth3-CC.ssp585.r1i1p1f1.SImon.siconc.gn.v20210113|esgf.bsc.es,CMIP6,ScenarioMIP,EC-Earth-Consortium,EC-Earth3-CC,ssp585,r1i1p1f1,SImon,mon,gn,20210113,100 km,siconc,Sea-Ice Area Percentage (Ocean Grid),%,2097-01-01T00:00:00Z,2097-12-01T00:00:00Z,1972497,esgf.bsc.es,http://esgf.bsc.es/thredds/fileServer/esg_dataroot/a3dm-ScenarioMIP-r1/CMIP6/ScenarioMIP/EC-Earth-Consortium/EC-Earth3-CC/ssp585/r1i1p1f1/SImon/siconc/gn/v20210113/siconc_SImon_EC-Earth3-CC_ssp585_r1i1p1f1_gn_209701-209712.nc,hdl:21.14100/8c83cc2e-db5c-35cb-8b08-1b6110af7424,hdl:21.14100/123d0de5-277b-472b-987d-8a2752b5f09f,86,2015,2024,2100,2091,TRUE,decN,CMIP6.ScenarioMIP.EC-Earth-Consortium.EC-Earth3-CC.ssp585.r1i1p1f1.SImon.siconc.gn.v20210113,CMIP6.ScenarioMIP.EC-Earth-Consortium.EC-Earth3-CC.ssp585.r1i1p1f1.SImon.siconc.gn.v20210113.2091-2100.nc,/perm_storage/home/data/CMIP6_data/EC-Earth3-CC/ssp585,/perm_storage/home/data/CMIP6_data/EC-Earth3-CC/ssp585/CMIP6.ScenarioMIP.EC-Earth-Consortium.EC-Earth3-CC.ssp585.r1i1p1f1.SImon.siconc.gn.v20210113.2091-2100.nc
CMIP6.ScenarioMIP.EC-Earth-Consortium.EC-Earth3-CC.ssp585.r1i1p1f1.SImon.siconc.gn.v20210113.siconc_SImon_EC-Earth3-CC_ssp585_r1i1p1f1_gn_209801-209812.nc|esgf.bsc.es,CMIP6.ScenarioMIP.EC-Earth-Consortium.EC-Earth3-CC.ssp585.r1i1p1f1.SImon.siconc.gn.v20210113|esgf.bsc.es,CMIP6,ScenarioMIP,EC-Earth-Consortium,EC-Earth3-CC,ssp585,r1i1p1f1,SImon,mon,gn,20210113,100 km,siconc,Sea-Ice Area Percentage (Ocean Grid),%,2098-01-01T00:00:00Z,2098-12-01T00:00:00Z,1950041,esgf.bsc.es,http://esgf.bsc.es/thredds/fileServer/esg_dataroot/a3dm-ScenarioMIP-r1/CMIP6/ScenarioMIP/EC-Earth-Consortium/EC-Earth3-CC/ssp585/r1i1p1f1/SImon/siconc/gn/v20210113/siconc_SImon_EC-Earth3-CC_ssp585_r1i1p1f1_gn_209801-209812.nc,hdl:21.14100/8c83cc2e-db5c-35cb-8b08-1b6110af7424,hdl:21.14100/cf1238b0-963a-4891-b60c-bc6b0889034c,86,2015,2024,2100,2091,TRUE,decN,CMIP6.ScenarioMIP.EC-Earth-Consortium.EC-Earth3-CC.ssp585.r1i1p1f1.SImon.siconc.gn.v20210113,CMIP6.ScenarioMIP.EC-Earth-Consortium.EC-Earth3-CC.ssp585.r1i1p1f1.SImon.siconc.gn.v20210113.2091-2100.nc,/perm_storage/home/data/CMIP6_data/EC-Earth3-CC/ssp585,/perm_storage/home/data/CMIP6_data/EC-Earth3-CC/ssp585/CMIP6.ScenarioMIP.EC-Earth-Consortium.EC-Earth3-CC.ssp585.r1i1p1f1.SImon.siconc.gn.v20210113.2091-2100.nc
CMIP6.ScenarioMIP.EC-Earth-Consortium.EC-Earth3-CC.ssp585.r1i1p1f1.SImon.siconc.gn.v20210113.siconc_SImon_EC-Earth3-CC_ssp585_r1i1p1f1_gn_209901-209912.nc|esgf.bsc.es,CMIP6.ScenarioMIP.EC-Earth-Consortium.EC-Earth3-CC.ssp585.r1i1p1f1.SImon.siconc.gn.v20210113|esgf.bsc.es,CMIP6,ScenarioMIP,EC-Earth-Consortium,EC-Earth3-CC,ssp585,r1i1p1f1,SImon,mon,gn,20210113,100 km,siconc,Sea-Ice Area Percentage (Ocean Grid),%,2099-01-01T00:00:00Z,2099-12-01T00:00:00Z,1922134,esgf.bsc.es,http://esgf.bsc.es/thredds/fileServer/esg_dataroot/a3dm-ScenarioMIP-r1/CMIP6/ScenarioMIP/EC-Earth-Consortium/EC-Earth3-CC/ssp585/r1i1p1f1/SImon/siconc/gn/v20210113/siconc_SImon_EC-Earth3-CC_ssp585_r1i1p1f1_gn_209901-209912.nc,hdl:21.14100/8c83cc2e-db5c-35cb-8b08-1b6110af7424,hdl:21.14100/9988e233-fcfa-4ec6-9629-377e249db53e,86,2015,2024,2100,2091,TRUE,decN,CMIP6.ScenarioMIP.EC-Earth-Consortium.EC-Earth3-CC.ssp585.r1i1p1f1.SImon.siconc.gn.v20210113,CMIP6.ScenarioMIP.EC-Earth-Consortium.EC-Earth3-CC.ssp585.r1i1p1f1.SImon.siconc.gn.v20210113.2091-2100.nc,/perm_storage/home/data/CMIP6_data/EC-Earth3-CC/ssp585,/perm_storage/home/data/CMIP6_data/EC-Earth3-CC/ssp585/CMIP6.ScenarioMIP.EC-Earth-Consortium.EC-Earth3-CC.ssp585.r1i1p1f1.SImon.siconc.gn.v20210113.2091-2100.nc
CMIP6.ScenarioMIP.EC-Earth-Consortium.EC-Earth3-CC.ssp585.r1i1p1f1.SImon.siconc.gn.v20210113.siconc_SImon_EC-Earth3-CC_ssp585_r1i1p1f1_gn_210001-210012.nc|esgf.bsc.es,CMIP6.ScenarioMIP.EC-Earth-Consortium.EC-Earth3-CC.ssp585.r1i1p1f1.SImon.siconc.gn.v20210113|esgf.bsc.es,CMIP6,ScenarioMIP,EC-Earth-Consortium,EC-Earth3-CC,ssp585,r1i1p1f1,SImon,mon,gn,20210113,100 km,siconc,Sea-Ice Area Percentage (Ocean Grid),%,2100-01-01T00:00:00Z,2100-12-01T00:00:00Z,1928994,esgf.bsc.es,http://esgf.bsc.es/thredds/fileServer/esg_dataroot/a3dm-ScenarioMIP-r1/CMIP6/ScenarioMIP/EC-Earth-Consortium/EC-Earth3-CC/ssp585/r1i1p1f1/SImon/siconc/gn/v20210113/siconc_SImon_EC-Earth3-CC_ssp585_r1i1p1f1_gn_210001-210012.nc,hdl:21.14100/8c83cc2e-db5c-35cb-8b08-1b6110af7424,hdl:21.14100/86ef742a-cbd9-420a-a059-15ae8ea2d75d,86,2015,2024,2100,2091,TRUE,decN,CMIP6.ScenarioMIP.EC-Earth-Consortium.EC-Earth3-CC.ssp585.r1i1p1f1.SImon.siconc.gn.v20210113,CMIP6.ScenarioMIP.EC-Earth-Consortium.EC-Earth3-CC.ssp585.r1i1p1f1.SImon.siconc.gn.v20210113.2091-2100.nc,/perm_storage/home/data/CMIP6_data/EC-Earth3-CC/ssp585,/perm_storage/home/data/CMIP6_data/EC-Earth3-CC/ssp585/CMIP6.ScenarioMIP.EC-Earth-Consortium.EC-Earth3-CC.ssp585.r1i1p1f1.SImon.siconc.gn.v20210113.2091-2100.nc
CMIP6.CMIP.EC-Earth-Consortium.EC-Earth3-CC.historical.r1i1p1f1.SImon.siconc.gn.v20210113.siconc_SImon_EC-Earth3-CC_historical_r1i1p1f1_gn_185001-185012.nc|esgf.bsc.es,CMIP6.CMIP.EC-Earth-Consortium.EC-Earth3-CC.historical.r1i1p1f1.SImon.siconc.gn.v20210113|esgf.bsc.es,CMIP6,CMIP,EC-Earth-Consortium,EC-Earth3-CC,historical,r1i1p1f1,SImon,mon,gn,20210113,100 km,siconc,Sea-Ice Area Percentage (Ocean Grid),%,1850-01-01T00:00:00Z,1850-12-01T00:00:00Z,2283499,esgf.bsc.es,http://esgf.bsc.es/thredds/fileServer/esg_dataroot/a3bh-CMIP-r1/CMIP6/CMIP/EC-Earth-Consortium/EC-Earth3-CC/historical/r1i1p1f1/SImon/siconc/gn/v20210113/siconc_SImon_EC-Earth3-CC_historical_r1i1p1f1_gn_185001-185012.nc,hdl:21.14100/2a3f1eaa-0a7e-3e61-9acb-e85b05b2fb6e,hdl:21.14100/243282eb-ae77-4c44-8ff8-f8d31ba2a81b,165,1850,1859,2014,2005,TRUE,dec0,CMIP6.CMIP.EC-Earth-Consortium.EC-Earth3-CC.historical.r1i1p1f1.SImon.siconc.gn.v20210113,CMIP6.CMIP.EC-Earth-Consortium.EC-Earth3-CC.historical.r1i1p1f1.SImon.siconc.gn.v20210113.1850-1859.nc,/perm_storage/home/data/CMIP6_data/EC-Earth3-CC/historical,/perm_storage/home/data/CMIP6_data/EC-Earth3-CC/historical/CMIP6.CMIP.EC-Earth-Consortium.EC-Earth3-CC.historical.r1i1p1f1.SImon.siconc.gn.v20210113.1850-1859.nc
CMIP6.CMIP.EC-Earth-Consortium.EC-Earth3-CC.historical.r1i1p1f1.SImon.siconc.gn.v20210113.siconc_SImon_EC-Earth3-CC_historical_r1i1p1f1_gn_185101-185112.nc|esgf.bsc.es,CMIP6.CMIP.EC-Earth-Consortium.EC-Earth3-CC.historical.r1i1p1f1.SImon.siconc.gn.v20210113|esgf.bsc.es,CMIP6,CMIP,EC-Earth-Consortium,EC-Earth3-CC,historical,r1i1p1f1,SImon,mon,gn,20210113,100 km,siconc,Sea-Ice Area Percentage (Ocean Grid),%,1851-01-01T00:00:00Z,1851-12-01T00:00:00Z,2289453,esgf.bsc.es,http://esgf.bsc.es/thredds/fileServer/esg_dataroot/a3bh-CMIP-r1/CMIP6/CMIP/EC-Earth-Consortium/EC-Earth3-CC/historical/r1i1p1f1/SImon/siconc/gn/v20210113/siconc_SImon_EC-Earth3-CC_historical_r1i1p1f1_gn_185101-185112.nc,hdl:21.14100/2a3f1eaa-0a7e-3e61-9acb-e85b05b2fb6e,hdl:21.14100/47cca57f-ca12-46a5-84a0-44bf603f6a2d,165,1850,1859,2014,2005,TRUE,dec0,CMIP6.CMIP.EC-Earth-Consortium.EC-Earth3-CC.historical.r1i1p1f1.SImon.siconc.gn.v20210113,CMIP6.CMIP.EC-Earth-Consortium.EC-Earth3-CC.historical.r1i1p1f1.SImon.siconc.gn.v20210113.1850-1859.nc,/perm_storage/home/data/CMIP6_data/EC-Earth3-CC/historical,/perm_storage/home/data/CMIP6_data/EC-Earth3-CC/historical/CMIP6.CMIP.EC-Earth-Consortium.EC-Earth3-CC.historical.r1i1p1f1.SImon.siconc.gn.v20210113.1850-1859.nc
CMIP6.CMIP.EC-Earth-Consortium.EC-Earth3-CC.historical.r1i1p1f1.SImon.siconc.gn.v20210113.siconc_SImon_EC-Earth3-CC_historical_r1i1p1f1_gn_185201-185212.nc|esgf.bsc.es,CMIP6.CMIP.EC-Earth-Consortium.EC-Earth3-CC.historical.r1i1p1f1.SImon.siconc.gn.v20210113|esgf.bsc.es,CMIP6,CMIP,EC-Earth-Consortium,EC-Earth3-CC,historical,r1i1p1f1,SImon,mon,gn,20210113,100 km,siconc,Sea-Ice Area Percentage (Ocean Grid),%,1852-01-01T00:00:00Z,1852-12-01T00:00:00Z,2288355,esgf.bsc.es,http://esgf.bsc.es/thredds/fileServer/esg_dataroot/a3bh-CMIP-r1/CMIP6/CMIP/EC-Earth-Consortium/EC-Earth3-CC/historical/r1i1p1f1/SImon/siconc/gn/v20210113/siconc_SImon_EC-Earth3-CC_historical_r1i1p1f1_gn_185201-185212.nc,hdl:21.14100/2a3f1eaa-0a7e-3e61-9acb-e85b05b2fb6e,hdl:21.14100/c94c9053-3016-4384-8186-5c2e5c124b84,165,1850,1859,2014,2005,TRUE,dec0,CMIP6.CMIP.EC-Earth-Consortium.EC-Earth3-CC.historical.r1i1p1f1.SImon.siconc.gn.v20210113,CMIP6.CMIP.EC-Earth-Consortium.EC-Earth3-CC.historical.r1i1p1f1.SImon.siconc.gn.v20210113.1850-1859.nc,/perm_storage/home/data/CMIP6_data/EC-Earth3-CC/historical,/perm_storage/home/data/CMIP6_data/EC-Earth3-CC/historical/CMIP6.CMIP.EC-Earth-Consortium.EC-Earth3-CC.historical.r1i1p1f1.SImon.siconc.gn.v20210113.1850-1859.nc
CMIP6.CMIP.EC-Earth-Consortium.EC-Earth3-CC.historical.r1i1p1f1.SImon.siconc.gn.v20210113.siconc_SImon_EC-Earth3-CC_historical_r1i1p1f1_gn_185301-185312.nc|esgf.bsc.es,CMIP6.CMIP.EC-Earth-Consortium.EC-Earth3-CC.historical.r1i1p1f1.SImon.siconc.gn.v20210113|esgf.bsc.es,CMIP6,CMIP,EC-Earth-Consortium,EC-Earth3-CC,historical,r1i1p1f1,SImon,mon,gn,20210113,100 km,siconc,Sea-Ice Area Percentage (Ocean Grid),%,1853-01-01T00:00:00Z,1853-12-01T00:00:00Z,2291921,esgf.bsc.es,http://esgf.bsc.es/thredds/fileServer/esg_dataroot/a3bh-CMIP-r1/CMIP6/CMIP/EC-Earth-Consortium/EC-Earth3-CC/historical/r1i1p1f1/SImon/siconc/gn/v20210113/siconc_SImon_EC-Earth3-CC_historical_r1i1p1f1_gn_185301-185312.nc,hdl:21.14100/2a3f1eaa-0a7e-3e61-9acb-e85b05b2fb6e,hdl:21.14100/57d88367-529d-4ef2-838f-6e28d3f7c33d,165,1850,1859,2014,2005,TRUE,dec0,CMIP6.CMIP.EC-Earth-Consortium.EC-Earth3-CC.historical.r1i1p1f1.SImon.siconc.gn.v20210113,CMIP6.CMIP.EC-Earth-Consortium.EC-Earth3-CC.historical.r1i1p1f1.SImon.siconc.gn.v20210113.1850-1859.nc,/perm_storage/home/data/CMIP6_data/EC-Earth3-CC/historical,/perm_storage/home/data/CMIP6_data/EC-Earth3-CC/historical/CMIP6.CMIP.EC-Earth-Consortium.EC-Earth3-CC.historical.r1i1p1f1.SImon.siconc.gn.v20210113.1850-1859.nc
CMIP6.CMIP.EC-Earth-Consortium.EC-Earth3-CC.historical.r1i1p1f1.SImon.siconc.gn.v20210113.siconc_SImon_EC-Earth3-CC_historical_r1i1p1f1_gn_185401-185412.nc|esgf.bsc.es,CMIP6.CMIP.EC-Earth-Consortium.EC-Earth3-CC.historical.r1i1p1f1.SImon.siconc.gn.v20210113|esgf.bsc.es,CMIP6,CMIP,EC-Earth-Consortium,EC-Earth3-CC,historical,r1i1p1f1,SImon,mon,gn,20210113,100 km,siconc,Sea-Ice Area Percentage (Ocean Grid),%,1854-01-01T00:00:00Z,1854-12-01T00:00:00Z,2300311,esgf.bsc.es,http://esgf.bsc.es/thredds/fileServer/esg_dataroot/a3bh-CMIP-r1/CMIP6/CMIP/EC-Earth-Consortium/EC-Earth3-CC/historical/r1i1p1f1/SImon/siconc/gn/v20210113/siconc_SImon_EC-Earth3-CC_historical_r1i1p1f1_gn_185401-185412.nc,hdl:21.14100/2a3f1eaa-0a7e-3e61-9acb-e85b05b2fb6e,hdl:21.14100/2ffad2cc-d985-4098-8892-e5cfea56b749,165,1850,1859,2014,2005,TRUE,dec0,CMIP6.CMIP.EC-Earth-Consortium.EC-Earth3-CC.historical.r1i1p1f1.SImon.siconc.gn.v20210113,CMIP6.CMIP.EC-Earth-Consortium.EC-Earth3-CC.historical.r1i1p1f1.SImon.siconc.gn.v20210113.1850-1859.nc,/perm_storage/home/data/CMIP6_data/EC-Earth3-CC/historical,/perm_storage/home/data/CMIP6_data/EC-Earth3-CC/historical/CMIP6.CMIP.EC-Earth-Consortium.EC-Earth3-CC.historical.r1i1p1f1.SImon.siconc.gn.v20210113.1850-1859.nc
CMIP6.CMIP.EC-Earth-Consortium.EC-Earth3-CC.historical.r1i1p1f1.SImon.siconc.gn.v20210113.siconc_SImon_EC-Earth3-CC_historical_r1i1p1f1_gn_185501-185512.nc|esgf.bsc.es,CMIP6.CMIP.EC-Earth-Consortium.EC-Earth3-CC.historical.r1i1p1f1.SImon.siconc.gn.v20210113|esgf.bsc.es,CMIP6,CMIP,EC-Earth-Consortium,EC-Earth3-CC,historical,r1i1p1f1,SImon,mon,gn,20210113,100 km,siconc,Sea-Ice Area Percentage (Ocean Grid),%,1855-01-01T00:00:00Z,1855-12-01T00:00:00Z,2299405,esgf.bsc.es,http://esgf.bsc.es/thredds/fileServer/esg_dataroot/a3bh-CMIP-r1/CMIP6/CMIP/EC-Earth-Consortium/EC-Earth3-CC/historical/r1i1p1f1/SImon/siconc/gn/v20210113/siconc_SImon_EC-Earth3-CC_historical_r1i1p1f1_gn_185501-185512.nc,hdl:21.14100/2a3f1eaa-0a7e-3e61-9acb-e85b05b2fb6e,hdl:21.14100/2c7ee7c0-c883-4935-85db-0fd87aeef7fc,165,1850,1859,2014,2005,TRUE,dec0,CMIP6.CMIP.EC-Earth-Consortium.EC-Earth3-CC.historical.r1i1p1f1.SImon.siconc.gn.v20210113,CMIP6.CMIP.EC-Earth-Consortium.EC-Earth3-CC.historical.r1i1p1f1.SImon.siconc.gn.v20210113.1850-1859.nc,/perm_storage/home/data/CMIP6_data/EC-Earth3-CC/historical,/perm_storage/home/data/CMIP6_data/EC-Earth3-CC/historical/CMIP6.CMIP.EC-Earth-Consortium.EC-Earth3-CC.historical.r1i1p1f1.SImon.siconc.gn.v20210113.1850-1859.nc
CMIP6.CMIP.EC-Earth-Consortium.EC-Earth3-CC.historical.r1i1p1f1.SImon.siconc.gn.v20210113.siconc_SImon_EC-Earth3-CC_historical_r1i1p1f1_gn_185601-185612.nc|esgf.bsc.es,CMIP6.CMIP.EC-Earth-Consortium.EC-Earth3-CC.historical.r1i1p1f1.SImon.siconc.gn.v20210113|esgf.bsc.es,CMIP6,CMIP,EC-Earth-Consortium,EC-Earth3-CC,historical,r1i1p1f1,SImon,mon,gn,20210113,100 km,siconc,Sea-Ice Area Percentage (Ocean Grid),%,1856-01-01T00:00:00Z,1856-12-01T00:00:00Z,2304144,esgf.bsc.es,http://esgf.bsc.es/thredds/fileServer/esg_dataroot/a3bh-CMIP-r1/CMIP6/CMIP/EC-Earth-Consortium/EC-Earth3-CC/historical/r1i1p1f1/SImon/siconc/gn/v20210113/siconc_SImon_EC-Earth3-CC_historical_r1i1p1f1_gn_185601-185612.nc,hdl:21.14100/2a3f1eaa-0a7e-3e61-9acb-e85b05b2fb6e,hdl:21.14100/4d362351-b531-436c-9dec-df0672bf5d73,165,1850,1859,2014,2005,TRUE,dec0,CMIP6.CMIP.EC-Earth-Consortium.EC-Earth3-CC.historical.r1i1p1f1.SImon.siconc.gn.v20210113,CMIP6.CMIP.EC-Earth-Consortium.EC-Earth3-CC.historical.r1i1p1f1.SImon.siconc.gn.v20210113.1850-1859.nc,/perm_storage/home/data/CMIP6_data/EC-Earth3-CC/historical,/perm_storage/home/data/CMIP6_data/EC-Earth3-CC/historical/CMIP6.CMIP.EC-Earth-Consortium.EC-Earth3-CC.historical.r1i1p1f1.SImon.siconc.gn.v20210113.1850-1859.nc
CMIP6.CMIP.EC-Earth-Consortium.EC-Earth3-CC.historical.r1i1p1f1.SImon.siconc.gn.v20210113.siconc_SImon_EC-Earth3-CC_historical_r1i1p1f1_gn_185701-185712.nc|esgf.bsc.es,CMIP6.CMIP.EC-Earth-Consortium.EC-Earth3-CC.historical.r1i1p1f1.SImon.siconc.gn.v20210113|esgf.bsc.es,CMIP6,CMIP,EC-Earth-Consortium,EC-Earth3-CC,historical,r1i1p1f1,SImon,mon,gn,20210113,100 km,siconc,Sea-Ice Area Percentage (Ocean Grid),%,1857-01-01T00:00:00Z,1857-12-01T00:00:00Z,2301985,esgf.bsc.es,http://esgf.bsc.es/thredds/fileServer/esg_dataroot/a3bh-CMIP-r1/CMIP6/CMIP/EC-Earth-Consortium/EC-Earth3-CC/historical/r1i1p1f1/SImon/siconc/gn/v20210113/siconc_SImon_EC-Earth3-CC_historical_r1i1p1f1_gn_185701-185712.nc,hdl:21.14100/2a3f1eaa-0a7e-3e61-9acb-e85b05b2fb6e,hdl:21.14100/bbea8520-4601-4e1c-9a9f-3625a0a25ebd,165,1850,1859,2014,2005,TRUE,dec0,CMIP6.CMIP.EC-Earth-Consortium.EC-Earth3-CC.historical.r1i1p1f1.SImon.siconc.gn.v20210113,CMIP6.CMIP.EC-Earth-Consortium.EC-Earth3-CC.historical.r1i1p1f1.SImon.siconc.gn.v20210113.1850-1859.nc,/perm_storage/home/data/CMIP6_data/EC-Earth3-CC/historical,/perm_storage/home/data/CMIP6_data/EC-Earth3-CC/historical/CMIP6.CMIP.EC-Earth-Consortium.EC-Earth3-CC.historical.r1i1p1f1.SImon.siconc.gn.v20210113.1850-1859.nc
CMIP6.CMIP.EC-Earth-Consortium.EC-Earth3-CC.historical.r1i1p1f1.SImon.siconc.gn.v20210113.siconc_SImon_EC-Earth3-CC_historical_r1i1p1f1_gn_185801-185812.nc|esgf.bsc.es,CMIP6.CMIP.EC-Earth-Consortium.EC-Earth3-CC.historical.r1i1p1f1.SImon.siconc.gn.v20210113|esgf.bsc.es,CMIP6,CMIP,EC-Earth-Consortium,EC-Earth3-CC,historical,r1i1p1f1,SImon,mon,gn,20210113,100 km,siconc,Sea-Ice Area Percentage (Ocean Grid),%,1858-01-01T00:00:00Z,1858-12-01T00:00:00Z,2302334,esgf.bsc.es,http://esgf.bsc.es/thredds/fileServer/esg_dataroot/a3bh-CMIP-r1/CMIP6/CMIP/EC-Earth-Consortium/EC-Earth3-CC/historical/r1i1p1f1/SImon/siconc/gn/v20210113/siconc_SImon_EC-Earth3-CC_historical_r1i1p1f1_gn_185801-185812.nc,hdl:21.14100/2a3f1eaa-0a7e-3e61-9acb-e85b05b2fb6e,hdl:21.14100/f10880f2-ef89-4dd5-9639-53f9e46b8387,165,1850,1859,2014,2005,TRUE,dec0,CMIP6.CMIP.EC-Earth-Consortium.EC-Earth3-CC.historical.r1i1p1f1.SImon.siconc.gn.v20210113,CMIP6.CMIP.EC-Earth-Consortium.EC-Earth3-CC.historical.r1i1p1f1.SImon.siconc.gn.v20210113.1850-1859.nc,/perm_storage/home/data/CMIP6_data/EC-Earth3-CC/historical,/perm_storage/home/data/CMIP6_data/EC-Earth3-CC/historical/CMIP6.CMIP.EC-Earth-Consortium.EC-Earth3-CC.historical.r1i1p1f1.SImon.siconc.gn.v20210113.1850-1859.nc
CMIP6.CMIP.EC-Earth-Consortium.EC-Earth3-CC.historical.r1i1p1f1.SImon.siconc.gn.v20210113.siconc_SImon_EC-Earth3-CC_historical_r1i1p1f1_gn_185901-185912.nc|esgf.bsc.es,CMIP6.CMIP.EC-Earth-Consortium.EC-Earth3-CC.historical.r1i1p1f1.SImon.siconc.gn.v20210113|esgf.bsc.es,CMIP6,CMIP,EC-Earth-Consortium,EC-Earth3-CC,historical,r1i1p1f1,SImon,mon,gn,20210113,100 km,siconc,Sea-Ice Area Percentage (Ocean Grid),%,1859-01-01T00:00:00Z,1859-12-01T00:00:00Z,2314945,esgf.bsc.es,http://esgf.bsc.es/thredds/fileServer/esg_dataroot/a3bh-CMIP-r1/CMIP6/CMIP/EC-Earth-Consortium/EC-Earth3-CC/historical/r1i1p1f1/SImon/siconc/gn/v20210113/siconc_SImon_EC-Earth3-CC_historical_r1i1p1f1_gn_185901-185912.nc,hdl:21.14100/2a3f1eaa-0a7e-3e61-9acb-e85b05b2fb6e,hdl:21.14100/d599c23e-22ca-43fe-8a67-956b11c3add8,165,1850,1859,2014,2005,TRUE,dec0,CMIP6.CMIP.EC-Earth-Consortium.EC-Earth3-CC.historical.r1i1p1f1.SImon.siconc.gn.v20210113,CMIP6.CMIP.EC-Earth-Consortium.EC-Earth3-CC.historical.r1i1p1f1.SImon.siconc.gn.v20210113.1850-1859.nc,/perm_storage/home/data/CMIP6_data/EC-Earth3-CC/historical,/perm_storage/home/data/CMIP6_data/EC-Earth3-CC/historical/CMIP6.CMIP.EC-Earth-Consortium.EC-Earth3-CC.historical.r1i1p1f1.SImon.siconc.gn.v20210113.1850-1859.nc
CMIP6.CMIP.EC-Earth-Consortium.EC-Earth3-CC.historical.r1i1p1f1.SImon.siconc.gn.v20210113.siconc_SImon_EC-Earth3-CC_historical_r1i1p1f1_gn_200501-200512.nc|esgf.bsc.es,CMIP6.CMIP.EC-Earth-Consortium.EC-Earth3-CC.historical.r1i1p1f1.SImon.siconc.gn.v20210113|esgf.bsc.es,CMIP6,CMIP,EC-Earth-Consortium,EC-Earth3-CC,historical,r1i1p1f1,SImon,mon,gn,20210113,100 km,siconc,Sea-Ice Area Percentage (Ocean Grid),%,2005-01-01T00:00:00Z,2005-12-01T00:00:00Z,2224600,esgf.bsc.es,http://esgf.bsc.es/thredds/fileServer/esg_dataroot/a3bh-CMIP-r1/CMIP6/CMIP/EC-Earth-Consortium/EC-Earth3-CC/historical/r1i1p1f1/SImon/siconc/gn/v20210113/siconc_SImon_EC-Earth3-CC_historical_r1i1p1f1_gn_200501-200512.nc,hdl:21.14100/2a3f1eaa-0a7e-3e61-9acb-e85b05b2fb6e,hdl:21.14100/4fe4c360-717c-4f7a-be65-1e5dc847187b,165,1850,1859,2014,2005,TRUE,decN,CMIP6.CMIP.EC-Earth-Consortium.EC-Earth3-CC.historical.r1i1p1f1.SImon.siconc.gn.v20210113,CMIP6.CMIP.EC-Earth-Consortium.EC-Earth3-CC.historical.r1i1p1f1.SImon.siconc.gn.v20210113.2005-2014.nc,/perm_storage/home/data/CMIP6_data/EC-Earth3-CC/historical,/perm_storage/home/data/CMIP6_data/EC-Earth3-CC/historical/CMIP6.CMIP.EC-Earth-Consortium.EC-Earth3-CC.historical.r1i1p1f1.SImon.siconc.gn.v20210113.2005-2014.nc
CMIP6.CMIP.EC-Earth-Consortium.EC-Earth3-CC.historical.r1i1p1f1.SImon.siconc.gn.v20210113.siconc_SImon_EC-Earth3-CC_historical_r1i1p1f1_gn_200601-200612.nc|esgf.bsc.es,CMIP6.CMIP.EC-Earth-Consortium.EC-Earth3-CC.historical.r1i1p1f1.SImon.siconc.gn.v20210113|esgf.bsc.es,CMIP6,CMIP,EC-Earth-Consortium,EC-Earth3-CC,historical,r1i1p1f1,SImon,mon,gn,20210113,100 km,siconc,Sea-Ice Area Percentage (Ocean Grid),%,2006-01-01T00:00:00Z,2006-12-01T00:00:00Z,2218734,esgf.bsc.es,http://esgf.bsc.es/thredds/fileServer/esg_dataroot/a3bh-CMIP-r1/CMIP6/CMIP/EC-Earth-Consortium/EC-Earth3-CC/historical/r1i1p1f1/SImon/siconc/gn/v20210113/siconc_SImon_EC-Earth3-CC_historical_r1i1p1f1_gn_200601-200612.nc,hdl:21.14100/2a3f1eaa-0a7e-3e61-9acb-e85b05b2fb6e,hdl:21.14100/0b3c281b-6435-4a5c-a427-217d41bc1301,165,1850,1859,2014,2005,TRUE,decN,CMIP6.CMIP.EC-Earth-Consortium.EC-Earth3-CC.historical.r1i1p1f1.SImon.siconc.gn.v20210113,CMIP6.CMIP.EC-Earth-Consortium.EC-Earth3-CC.historical.r1i1p1f1.SImon.siconc.gn.v20210113.2005-2014.nc,/perm_storage/home/data/CMIP6_data/EC-Earth3-CC/historical,/perm_storage/home/data/CMIP6_data/EC-Earth3-CC/historical/CMIP6.CMIP.EC-Earth-Consortium.EC-Earth3-CC.historical.r1i1p1f1.SImon.siconc.gn.v20210113.2005-2014.nc
CMIP6.CMIP.EC-Earth-Consortium.EC-Earth3-CC.historical.r1i1p1f1.SImon.siconc.gn.v20210113.siconc_SImon_EC-Earth3-CC_historical_r1i1p1f1_gn_200701-200712.nc|esgf.bsc.es,CMIP6.CMIP.EC-Earth-Consortium.EC-Earth3-CC.historical.r1i1p1f1.SImon.siconc.gn.v20210113|esgf.bsc.es,CMIP6,CMIP,EC-Earth-Consortium,EC-Earth3-CC,historical,r1i1p1f1,SImon,mon,gn,20210113,100 km,siconc,Sea-Ice Area Percentage (Ocean Grid),%,2007-01-01T00:00:00Z,2007-12-01T00:00:00Z,2208511,esgf.bsc.es,http://esgf.bsc.es/thredds/fileServer/esg_dataroot/a3bh-CMIP-r1/CMIP6/CMIP/EC-Earth-Consortium/EC-Earth3-CC/historical/r1i1p1f1/SImon/siconc/gn/v20210113/siconc_SImon_EC-Earth3-CC_historical_r1i1p1f1_gn_200701-200712.nc,hdl:21.14100/2a3f1eaa-0a7e-3e61-9acb-e85b05b2fb6e,hdl:21.14100/063727f4-52a7-43cb-bea9-a81dc981339a,165,1850,1859,2014,2005,TRUE,decN,CMIP6.CMIP.EC-Earth-Consortium.EC-Earth3-CC.historical.r1i1p1f1.SImon.siconc.gn.v20210113,CMIP6.CMIP.EC-Earth-Consortium.EC-Earth3-CC.historical.r1i1p1f1.SImon.siconc.gn.v20210113.2005-2014.nc,/perm_storage/home/data/CMIP6_data/EC-Earth3-CC/historical,/perm_storage/home/data/CMIP6_data/EC-Earth3-CC/historical/CMIP6.CMIP.EC-Earth-Consortium.EC-Earth3-CC.historical.r1i1p1f1.SImon.siconc.gn.v20210113.2005-2014.nc
CMIP6.CMIP.EC-Earth-Consortium.EC-Earth3-CC.historical.r1i1p1f1.SImon.siconc.gn.v20210113.siconc_SImon_EC-Earth3-CC_historical_r1i1p1f1_gn_200801-200812.nc|esgf.bsc.es,CMIP6.CMIP.EC-Earth-Consortium.EC-Earth3-CC.historical.r1i1p1f1.SImon.siconc.gn.v20210113|esgf.bsc.es,CMIP6,CMIP,EC-Earth-Consortium,EC-Earth3-CC,historical,r1i1p1f1,SImon,mon,gn,20210113,100 km,siconc,Sea-Ice Area Percentage (Ocean Grid),%,2008-01-01T00:00:00Z,2008-12-01T00:00:00Z,2212248,esgf.bsc.es,http://esgf.bsc.es/thredds/fileServer/esg_dataroot/a3bh-CMIP-r1/CMIP6/CMIP/EC-Earth-Consortium/EC-Earth3-CC/historical/r1i1p1f1/SImon/siconc/gn/v20210113/siconc_SImon_EC-Earth3-CC_historical_r1i1p1f1_gn_200801-200812.nc,hdl:21.14100/2a3f1eaa-0a7e-3e61-9acb-e85b05b2fb6e,hdl:21.14100/89e0b71f-d926-4fe2-9511-9e675ae5515b,165,1850,1859,2014,2005,TRUE,decN,CMIP6.CMIP.EC-Earth-Consortium.EC-Earth3-CC.historical.r1i1p1f1.SImon.siconc.gn.v20210113,CMIP6.CMIP.EC-Earth-Consortium.EC-Earth3-CC.historical.r1i1p1f1.SImon.siconc.gn.v20210113.2005-2014.nc,/perm_storage/home/data/CMIP6_data/EC-Earth3-CC/historical,/perm_storage/home/data/CMIP6_data/EC-Earth3-CC/historical/CMIP6.CMIP.EC-Earth-Consortium.EC-Earth3-CC.historical.r1i1p1f1.SImon.siconc.gn.v20210113.2005-2014.nc
CMIP6.CMIP.EC-Earth-Consortium.EC-Earth3-CC.historical.r1i1p1f1.SImon.siconc.gn.v20210113.siconc_SImon_EC-Earth3-CC_historical_r1i1p1f1_gn_200901-200912.nc|esgf.bsc.es,CMIP6.CMIP.EC-Earth-Consortium.EC-Earth3-CC.historical.r1i1p1f1.SImon.siconc.gn.v20210113|esgf.bsc.es,CMIP6,CMIP,EC-Earth-Consortium,EC-Earth3-CC,historical,r1i1p1f1,SImon,mon,gn,20210113,100 km,siconc,Sea-Ice Area Percentage (Ocean Grid),%,2009-01-01T00:00:00Z,2009-12-01T00:00:00Z,2206268,esgf.bsc.es,http://esgf.bsc.es/thredds/fileServer/esg_dataroot/a3bh-CMIP-r1/CMIP6/CMIP/EC-Earth-Consortium/EC-Earth3-CC/historical/r1i1p1f1/SImon/siconc/gn/v20210113/siconc_SImon_EC-Earth3-CC_historical_r1i1p1f1_gn_200901-200912.nc,hdl:21.14100/2a3f1eaa-0a7e-3e61-9acb-e85b05b2fb6e,hdl:21.14100/e3fd3607-d3cb-4e60-8ddc-32da80be44eb,165,1850,1859,2014,2005,TRUE,decN,CMIP6.CMIP.EC-Earth-Consortium.EC-Earth3-CC.historical.r1i1p1f1.SImon.siconc.gn.v20210113,CMIP6.CMIP.EC-Earth-Consortium.EC-Earth3-CC.historical.r1i1p1f1.SImon.siconc.gn.v20210113.2005-2014.nc,/perm_storage/home/data/CMIP6_data/EC-Earth3-CC/historical,/perm_storage/home/data/CMIP6_data/EC-Earth3-CC/historical/CMIP6.CMIP.EC-Earth-Consortium.EC-Earth3-CC.historical.r1i1p1f1.SImon.siconc.gn.v20210113.2005-2014.nc
CMIP6.CMIP.EC-Earth-Consortium.EC-Earth3-CC.historical.r1i1p1f1.SImon.siconc.gn.v20210113.siconc_SImon_EC-Earth3-CC_historical_r1i1p1f1_gn_201001-201012.nc|esgf.bsc.es,CMIP6.CMIP.EC-Earth-Consortium.EC-Earth3-CC.historical.r1i1p1f1.SImon.siconc.gn.v20210113|esgf.bsc.es,CMIP6,CMIP,EC-Earth-Consortium,EC-Earth3-CC,historical,r1i1p1f1,SImon,mon,gn,20210113,100 km,siconc,Sea-Ice Area Percentage (Ocean Grid),%,2010-01-01T00:00:00Z,2010-12-01T00:00:00Z,2216324,esgf.bsc.es,http://esgf.bsc.es/thredds/fileServer/esg_dataroot/a3bh-CMIP-r1/CMIP6/CMIP/EC-Earth-Consortium/EC-Earth3-CC/historical/r1i1p1f1/SImon/siconc/gn/v20210113/siconc_SImon_EC-Earth3-CC_historical_r1i1p1f1_gn_201001-201012.nc,hdl:21.14100/2a3f1eaa-0a7e-3e61-9acb-e85b05b2fb6e,hdl:21.14100/607d72d4-34c2-477b-9540-996130ef533a,165,1850,1859,2014,2005,TRUE,decN,CMIP6.CMIP.EC-Earth-Consortium.EC-Earth3-CC.historical.r1i1p1f1.SImon.siconc.gn.v20210113,CMIP6.CMIP.EC-Earth-Consortium.EC-Earth3-CC.historical.r1i1p1f1.SImon.siconc.gn.v20210113.2005-2014.nc,/perm_storage/home/data/CMIP6_data/EC-Earth3-CC/historical,/perm_storage/home/data/CMIP6_data/EC-Earth3-CC/historical/CMIP6.CMIP.EC-Earth-Consortium.EC-Earth3-CC.historical.r1i1p1f1.SImon.siconc.gn.v20210113.2005-2014.nc
CMIP6.CMIP.EC-Earth-Consortium.EC-Earth3-CC.historical.r1i1p1f1.SImon.siconc.gn.v20210113.siconc_SImon_EC-Earth3-CC_historical_r1i1p1f1_gn_201101-201112.nc|esgf.bsc.es,CMIP6.CMIP.EC-Earth-Consortium.EC-Earth3-CC.historical.r1i1p1f1.SImon.siconc.gn.v20210113|esgf.bsc.es,CMIP6,CMIP,EC-Earth-Consortium,EC-Earth3-CC,historical,r1i1p1f1,SImon,mon,gn,20210113,100 km,siconc,Sea-Ice Area Percentage (Ocean Grid),%,2011-01-01T00:00:00Z,2011-12-01T00:00:00Z,2206659,esgf.bsc.es,http://esgf.bsc.es/thredds/fileServer/esg_dataroot/a3bh-CMIP-r1/CMIP6/CMIP/EC-Earth-Consortium/EC-Earth3-CC/historical/r1i1p1f1/SImon/siconc/gn/v20210113/siconc_SImon_EC-Earth3-CC_historical_r1i1p1f1_gn_201101-201112.nc,hdl:21.14100/2a3f1eaa-0a7e-3e61-9acb-e85b05b2fb6e,hdl:21.14100/fd90a233-b7be-4188-a50f-2396f27bf526,165,1850,1859,2014,2005,TRUE,decN,CMIP6.CMIP.EC-Earth-Consortium.EC-Earth3-CC.historical.r1i1p1f1.SImon.siconc.gn.v20210113,CMIP6.CMIP.EC-Earth-Consortium.EC-Earth3-CC.historical.r1i1p1f1.SImon.siconc.gn.v20210113.2005-2014.nc,/perm_storage/home/data/CMIP6_data/EC-Earth3-CC/historical,/perm_storage/home/data/CMIP6_data/EC-Earth3-CC/historical/CMIP6.CMIP.EC-Earth-Consortium.EC-Earth3-CC.historical.r1i1p1f1.SImon.siconc.gn.v20210113.2005-2014.nc
CMIP6.CMIP.EC-Earth-Consortium.EC-Earth3-CC.historical.r1i1p1f1.SImon.siconc.gn.v20210113.siconc_SImon_EC-Earth3-CC_historical_r1i1p1f1_gn_201201-201212.nc|esgf.bsc.es,CMIP6.CMIP.EC-Earth-Consortium.EC-Earth3-CC.historical.r1i1p1f1.SImon.siconc.gn.v20210113|esgf.bsc.es,CMIP6,CMIP,EC-Earth-Consortium,EC-Earth3-CC,historical,r1i1p1f1,SImon,mon,gn,20210113,100 km,siconc,Sea-Ice Area Percentage (Ocean Grid),%,2012-01-01T00:00:00Z,2012-12-01T00:00:00Z,2210056,esgf.bsc.es,http://esgf.bsc.es/thredds/fileServer/esg_dataroot/a3bh-CMIP-r1/CMIP6/CMIP/EC-Earth-Consortium/EC-Earth3-CC/historical/r1i1p1f1/SImon/siconc/gn/v20210113/siconc_SImon_EC-Earth3-CC_historical_r1i1p1f1_gn_201201-201212.nc,hdl:21.14100/2a3f1eaa-0a7e-3e61-9acb-e85b05b2fb6e,hdl:21.14100/f0de101d-f26e-4591-8422-fd58317ec3a8,165,1850,1859,2014,2005,TRUE,decN,CMIP6.CMIP.EC-Earth-Consortium.EC-Earth3-CC.historical.r1i1p1f1.SImon.siconc.gn.v20210113,CMIP6.CMIP.EC-Earth-Consortium.EC-Earth3-CC.historical.r1i1p1f1.SImon.siconc.gn.v20210113.2005-2014.nc,/perm_storage/home/data/CMIP6_data/EC-Earth3-CC/historical,/perm_storage/home/data/CMIP6_data/EC-Earth3-CC/historical/CMIP6.CMIP.EC-Earth-Consortium.EC-Earth3-CC.historical.r1i1p1f1.SImon.siconc.gn.v20210113.2005-2014.nc
CMIP6.CMIP.EC-Earth-Consortium.EC-Earth3-CC.historical.r1i1p1f1.SImon.siconc.gn.v20210113.siconc_SImon_EC-Earth3-CC_historical_r1i1p1f1_gn_201301-201312.nc|esgf.bsc.es,CMIP6.CMIP.EC-Earth-Consortium.EC-Earth3-CC.historical.r1i1p1f1.SImon.siconc.gn.v20210113|esgf.bsc.es,CMIP6,CMIP,EC-Earth-Consortium,EC-Earth3-CC,historical,r1i1p1f1,SImon,mon,gn,20210113,100 km,siconc,Sea-Ice Area Percentage (Ocean Grid),%,2013-01-01T00:00:00Z,2013-12-01T00:00:00Z,2212722,esgf.bsc.es,http://esgf.bsc.es/thredds/fileServer/esg_dataroot/a3bh-CMIP-r1/CMIP6/CMIP/EC-Earth-Consortium/EC-Earth3-CC/historical/r1i1p1f1/SImon/siconc/gn/v20210113/siconc_SImon_EC-Earth3-CC_historical_r1i1p1f1_gn_201301-201312.nc,hdl:21.14100/2a3f1eaa-0a7e-3e61-9acb-e85b05b2fb6e,hdl:21.14100/c45538ce-8d69-4a4b-962c-25d38b9de1ec,165,1850,1859,2014,2005,TRUE,decN,CMIP6.CMIP.EC-Earth-Consortium.EC-Earth3-CC.historical.r1i1p1f1.SImon.siconc.gn.v20210113,CMIP6.CMIP.EC-Earth-Consortium.EC-Earth3-CC.historical.r1i1p1f1.SImon.siconc.gn.v20210113.2005-2014.nc,/perm_storage/home/data/CMIP6_data/EC-Earth3-CC/historical,/perm_storage/home/data/CMIP6_data/EC-Earth3-CC/historical/CMIP6.CMIP.EC-Earth-Consortium.EC-Earth3-CC.historical.r1i1p1f1.SImon.siconc.gn.v20210113.2005-2014.nc
CMIP6.CMIP.EC-Earth-Consortium.EC-Earth3-CC.historical.r1i1p1f1.SImon.siconc.gn.v20210113.siconc_SImon_EC-Earth3-CC_historical_r1i1p1f1_gn_201401-201412.nc|esgf.bsc.es,CMIP6.CMIP.EC-Earth-Consortium.EC-Earth3-CC.historical.r1i1p1f1.SImon.siconc.gn.v20210113|esgf.bsc.es,CMIP6,CMIP,EC-Earth-Consortium,EC-Earth3-CC,historical,r1i1p1f1,SImon,mon,gn,20210113,100 km,siconc,Sea-Ice Area Percentage (Ocean Grid),%,2014-01-01T00:00:00Z,2014-12-01T00:00:00Z,2205141,esgf.bsc.es,http://esgf.bsc.es/thredds/fileServer/esg_dataroot/a3bh-CMIP-r1/CMIP6/CMIP/EC-Earth-Consortium/EC-Earth3-CC/historical/r1i1p1f1/SImon/siconc/gn/v20210113/siconc_SImon_EC-Earth3-CC_historical_r1i1p1f1_gn_201401-201412.nc,hdl:21.14100/2a3f1eaa-0a7e-3e61-9acb-e85b05b2fb6e,hdl:21.14100/653d0801-4e6a-45f4-b576-a61f4a686705,165,1850,1859,2014,2005,TRUE,decN,CMIP6.CMIP.EC-Earth-Consortium.EC-Earth3-CC.historical.r1i1p1f1.SImon.siconc.gn.v20210113,CMIP6.CMIP.EC-Earth-Consortium.EC-Earth3-CC.historical.r1i1p1f1.SImon.siconc.gn.v20210113.2005-2014.nc,/perm_storage/home/data/CMIP6_data/EC-Earth3-CC/historical,/perm_storage/home/data/CMIP6_data/EC-Earth3-CC/historical/CMIP6.CMIP.EC-Earth-Consortium.EC-Earth3-CC.historical.r1i1p1f1.SImon.siconc.gn.v20210113.2005-2014.nc
CMIP6.CMIP.EC-Earth-Consortium.EC-Earth3-CC.historical.r1i1p1f1.Omon.tos.gn.v20210113.tos_Omon_EC-Earth3-CC_historical_r1i1p1f1_gn_185001-185012.nc|esgf.bsc.es,CMIP6.CMIP.EC-Earth-Consortium.EC-Earth3-CC.historical.r1i1p1f1.Omon.tos.gn.v20210113|esgf.bsc.es,CMIP6,CMIP,EC-Earth-Consortium,EC-Earth3-CC,historical,r1i1p1f1,Omon,mon,gn,20210113,100 km,tos,Sea Surface Temperature,degC,1850-01-01T00:00:00Z,1850-12-01T00:00:00Z,4468426,esgf.bsc.es,http://esgf.bsc.es/thredds/fileServer/esg_dataroot/a3bh-CMIP-r1/CMIP6/CMIP/EC-Earth-Consortium/EC-Earth3-CC/historical/r1i1p1f1/Omon/tos/gn/v20210113/tos_Omon_EC-Earth3-CC_historical_r1i1p1f1_gn_185001-185012.nc,hdl:21.14100/3771e965-61dd-3373-8715-6e971d551ec0,hdl:21.14100/9ff9dc61-1817-4695-a0ee-debf58619216,165,1850,1859,2014,2005,TRUE,dec0,CMIP6.CMIP.EC-Earth-Consortium.EC-Earth3-CC.historical.r1i1p1f1.Omon.tos.gn.v20210113,CMIP6.CMIP.EC-Earth-Consortium.EC-Earth3-CC.historical.r1i1p1f1.Omon.tos.gn.v20210113.1850-1859.nc,/perm_storage/home/data/CMIP6_data/EC-Earth3-CC/historical,/perm_storage/home/data/CMIP6_data/EC-Earth3-CC/historical/CMIP6.CMIP.EC-Earth-Consortium.EC-Earth3-CC.historical.r1i1p1f1.Omon.tos.gn.v20210113.1850-1859.nc
CMIP6.CMIP.EC-Earth-Consortium.EC-Earth3-CC.historical.r1i1p1f1.Omon.tos.gn.v20210113.tos_Omon_EC-Earth3-CC_historical_r1i1p1f1_gn_185101-185112.nc|esgf.bsc.es,CMIP6.CMIP.EC-Earth-Consortium.EC-Earth3-CC.historical.r1i1p1f1.Omon.tos.gn.v20210113|esgf.bsc.es,CMIP6,CMIP,EC-Earth-Consortium,EC-Earth3-CC,historical,r1i1p1f1,Omon,mon,gn,20210113,100 km,tos,Sea Surface Temperature,degC,1851-01-01T00:00:00Z,1851-12-01T00:00:00Z,4465010,esgf.bsc.es,http://esgf.bsc.es/thredds/fileServer/esg_dataroot/a3bh-CMIP-r1/CMIP6/CMIP/EC-Earth-Consortium/EC-Earth3-CC/historical/r1i1p1f1/Omon/tos/gn/v20210113/tos_Omon_EC-Earth3-CC_historical_r1i1p1f1_gn_185101-185112.nc,hdl:21.14100/3771e965-61dd-3373-8715-6e971d551ec0,hdl:21.14100/4f9ab4c9-169e-4ffe-a090-a0127780c52a,165,1850,1859,2014,2005,TRUE,dec0,CMIP6.CMIP.EC-Earth-Consortium.EC-Earth3-CC.historical.r1i1p1f1.Omon.tos.gn.v20210113,CMIP6.CMIP.EC-Earth-Consortium.EC-Earth3-CC.historical.r1i1p1f1.Omon.tos.gn.v20210113.1850-1859.nc,/perm_storage/home/data/CMIP6_data/EC-Earth3-CC/historical,/perm_storage/home/data/CMIP6_data/EC-Earth3-CC/historical/CMIP6.CMIP.EC-Earth-Consortium.EC-Earth3-CC.historical.r1i1p1f1.Omon.tos.gn.v20210113.1850-1859.nc
CMIP6.CMIP.EC-Earth-Consortium.EC-Earth3-CC.historical.r1i1p1f1.Omon.tos.gn.v20210113.tos_Omon_EC-Earth3-CC_historical_r1i1p1f1_gn_185201-185212.nc|esgf.bsc.es,CMIP6.CMIP.EC-Earth-Consortium.EC-Earth3-CC.historical.r1i1p1f1.Omon.tos.gn.v20210113|esgf.bsc.es,CMIP6,CMIP,EC-Earth-Consortium,EC-Earth3-CC,historical,r1i1p1f1,Omon,mon,gn,20210113,100 km,tos,Sea Surface Temperature,degC,1852-01-01T00:00:00Z,1852-12-01T00:00:00Z,4464915,esgf.bsc.es,http://esgf.bsc.es/thredds/fileServer/esg_dataroot/a3bh-CMIP-r1/CMIP6/CMIP/EC-Earth-Consortium/EC-Earth3-CC/historical/r1i1p1f1/Omon/tos/gn/v20210113/tos_Omon_EC-Earth3-CC_historical_r1i1p1f1_gn_185201-185212.nc,hdl:21.14100/3771e965-61dd-3373-8715-6e971d551ec0,hdl:21.14100/fe564dbc-005c-439c-8864-e83524d323d5,165,1850,1859,2014,2005,TRUE,dec0,CMIP6.CMIP.EC-Earth-Consortium.EC-Earth3-CC.historical.r1i1p1f1.Omon.tos.gn.v20210113,CMIP6.CMIP.EC-Earth-Consortium.EC-Earth3-CC.historical.r1i1p1f1.Omon.tos.gn.v20210113.1850-1859.nc,/perm_storage/home/data/CMIP6_data/EC-Earth3-CC/historical,/perm_storage/home/data/CMIP6_data/EC-Earth3-CC/historical/CMIP6.CMIP.EC-Earth-Consortium.EC-Earth3-CC.historical.r1i1p1f1.Omon.tos.gn.v20210113.1850-1859.nc
CMIP6.CMIP.EC-Earth-Consortium.EC-Earth3-CC.historical.r1i1p1f1.Omon.tos.gn.v20210113.tos_Omon_EC-Earth3-CC_historical_r1i1p1f1_gn_185301-185312.nc|esgf.bsc.es,CMIP6.CMIP.EC-Earth-Consortium.EC-Earth3-CC.historical.r1i1p1f1.Omon.tos.gn.v20210113|esgf.bsc.es,CMIP6,CMIP,EC-Earth-Consortium,EC-Earth3-CC,historical,r1i1p1f1,Omon,mon,gn,20210113,100 km,tos,Sea Surface Temperature,degC,1853-01-01T00:00:00Z,1853-12-01T00:00:00Z,4465808,esgf.bsc.es,http://esgf.bsc.es/thredds/fileServer/esg_dataroot/a3bh-CMIP-r1/CMIP6/CMIP/EC-Earth-Consortium/EC-Earth3-CC/historical/r1i1p1f1/Omon/tos/gn/v20210113/tos_Omon_EC-Earth3-CC_historical_r1i1p1f1_gn_185301-185312.nc,hdl:21.14100/3771e965-61dd-3373-8715-6e971d551ec0,hdl:21.14100/c567de9a-a4f5-47a3-acff-a70e5ab832c7,165,1850,1859,2014,2005,TRUE,dec0,CMIP6.CMIP.EC-Earth-Consortium.EC-Earth3-CC.historical.r1i1p1f1.Omon.tos.gn.v20210113,CMIP6.CMIP.EC-Earth-Consortium.EC-Earth3-CC.historical.r1i1p1f1.Omon.tos.gn.v20210113.1850-1859.nc,/perm_storage/home/data/CMIP6_data/EC-Earth3-CC/historical,/perm_storage/home/data/CMIP6_data/EC-Earth3-CC/historical/CMIP6.CMIP.EC-Earth-Consortium.EC-Earth3-CC.historical.r1i1p1f1.Omon.tos.gn.v20210113.1850-1859.nc
CMIP6.CMIP.EC-Earth-Consortium.EC-Earth3-CC.historical.r1i1p1f1.Omon.tos.gn.v20210113.tos_Omon_EC-Earth3-CC_historical_r1i1p1f1_gn_185401-185412.nc|esgf.bsc.es,CMIP6.CMIP.EC-Earth-Consortium.EC-Earth3-CC.historical.r1i1p1f1.Omon.tos.gn.v20210113|esgf.bsc.es,CMIP6,CMIP,EC-Earth-Consortium,EC-Earth3-CC,historical,r1i1p1f1,Omon,mon,gn,20210113,100 km,tos,Sea Surface Temperature,degC,1854-01-01T00:00:00Z,1854-12-01T00:00:00Z,4465850,esgf.bsc.es,http://esgf.bsc.es/thredds/fileServer/esg_dataroot/a3bh-CMIP-r1/CMIP6/CMIP/EC-Earth-Consortium/EC-Earth3-CC/historical/r1i1p1f1/Omon/tos/gn/v20210113/tos_Omon_EC-Earth3-CC_historical_r1i1p1f1_gn_185401-185412.nc,hdl:21.14100/3771e965-61dd-3373-8715-6e971d551ec0,hdl:21.14100/25d7d065-7501-4be3-953e-2e17c0f50435,165,1850,1859,2014,2005,TRUE,dec0,CMIP6.CMIP.EC-Earth-Consortium.EC-Earth3-CC.historical.r1i1p1f1.Omon.tos.gn.v20210113,CMIP6.CMIP.EC-Earth-Consortium.EC-Earth3-CC.historical.r1i1p1f1.Omon.tos.gn.v20210113.1850-1859.nc,/perm_storage/home/data/CMIP6_data/EC-Earth3-CC/historical,/perm_storage/home/data/CMIP6_data/EC-Earth3-CC/historical/CMIP6.CMIP.EC-Earth-Consortium.EC-Earth3-CC.historical.r1i1p1f1.Omon.tos.gn.v20210113.1850-1859.nc
CMIP6.CMIP.EC-Earth-Consortium.EC-Earth3-CC.historical.r1i1p1f1.Omon.tos.gn.v20210113.tos_Omon_EC-Earth3-CC_historical_r1i1p1f1_gn_185501-185512.nc|esgf.bsc.es,CMIP6.CMIP.EC-Earth-Consortium.EC-Earth3-CC.historical.r1i1p1f1.Omon.tos.gn.v20210113|esgf.bsc.es,CMIP6,CMIP,EC-Earth-Consortium,EC-Earth3-CC,historical,r1i1p1f1,Omon,mon,gn,20210113,100 km,tos,Sea Surface Temperature,degC,1855-01-01T00:00:00Z,1855-12-01T00:00:00Z,4467231,esgf.bsc.es,http://esgf.bsc.es/thredds/fileServer/esg_dataroot/a3bh-CMIP-r1/CMIP6/CMIP/EC-Earth-Consortium/EC-Earth3-CC/historical/r1i1p1f1/Omon/tos/gn/v20210113/tos_Omon_EC-Earth3-CC_historical_r1i1p1f1_gn_185501-185512.nc,hdl:21.14100/3771e965-61dd-3373-8715-6e971d551ec0,hdl:21.14100/04196072-cd05-410a-ad72-3572f918cee3,165,1850,1859,2014,2005,TRUE,dec0,CMIP6.CMIP.EC-Earth-Consortium.EC-Earth3-CC.historical.r1i1p1f1.Omon.tos.gn.v20210113,CMIP6.CMIP.EC-Earth-Consortium.EC-Earth3-CC.historical.r1i1p1f1.Omon.tos.gn.v20210113.1850-1859.nc,/perm_storage/home/data/CMIP6_data/EC-Earth3-CC/historical,/perm_storage/home/data/CMIP6_data/EC-Earth3-CC/historical/CMIP6.CMIP.EC-Earth-Consortium.EC-Earth3-CC.historical.r1i1p1f1.Omon.tos.gn.v20210113.1850-1859.nc
CMIP6.CMIP.EC-Earth-Consortium.EC-Earth3-CC.historical.r1i1p1f1.Omon.tos.gn.v20210113.tos_Omon_EC-Earth3-CC_historical_r1i1p1f1_gn_185601-185612.nc|esgf.bsc.es,CMIP6.CMIP.EC-Earth-Consortium.EC-Earth3-CC.historical.r1i1p1f1.Omon.tos.gn.v20210113|esgf.bsc.es,CMIP6,CMIP,EC-Earth-Consortium,EC-Earth3-CC,historical,r1i1p1f1,Omon,mon,gn,20210113,100 km,tos,Sea Surface Temperature,degC,1856-01-01T00:00:00Z,1856-12-01T00:00:00Z,4464540,esgf.bsc.es,http://esgf.bsc.es/thredds/fileServer/esg_dataroot/a3bh-CMIP-r1/CMIP6/CMIP/EC-Earth-Consortium/EC-Earth3-CC/historical/r1i1p1f1/Omon/tos/gn/v20210113/tos_Omon_EC-Earth3-CC_historical_r1i1p1f1_gn_185601-185612.nc,hdl:21.14100/3771e965-61dd-3373-8715-6e971d551ec0,hdl:21.14100/0ed1e581-9cb9-40da-b07a-6c53308cf887,165,1850,1859,2014,2005,TRUE,dec0,CMIP6.CMIP.EC-Earth-Consortium.EC-Earth3-CC.historical.r1i1p1f1.Omon.tos.gn.v20210113,CMIP6.CMIP.EC-Earth-Consortium.EC-Earth3-CC.historical.r1i1p1f1.Omon.tos.gn.v20210113.1850-1859.nc,/perm_storage/home/data/CMIP6_data/EC-Earth3-CC/historical,/perm_storage/home/data/CMIP6_data/EC-Earth3-CC/historical/CMIP6.CMIP.EC-Earth-Consortium.EC-Earth3-CC.historical.r1i1p1f1.Omon.tos.gn.v20210113.1850-1859.nc
CMIP6.CMIP.EC-Earth-Consortium.EC-Earth3-CC.historical.r1i1p1f1.Omon.tos.gn.v20210113.tos_Omon_EC-Earth3-CC_historical_r1i1p1f1_gn_185701-185712.nc|esgf.bsc.es,CMIP6.CMIP.EC-Earth-Consortium.EC-Earth3-CC.historical.r1i1p1f1.Omon.tos.gn.v20210113|esgf.bsc.es,CMIP6,CMIP,EC-Earth-Consortium,EC-Earth3-CC,historical,r1i1p1f1,Omon,mon,gn,20210113,100 km,tos,Sea Surface Temperature,degC,1857-01-01T00:00:00Z,1857-12-01T00:00:00Z,4465973,esgf.bsc.es,http://esgf.bsc.es/thredds/fileServer/esg_dataroot/a3bh-CMIP-r1/CMIP6/CMIP/EC-Earth-Consortium/EC-Earth3-CC/historical/r1i1p1f1/Omon/tos/gn/v20210113/tos_Omon_EC-Earth3-CC_historical_r1i1p1f1_gn_185701-185712.nc,hdl:21.14100/3771e965-61dd-3373-8715-6e971d551ec0,hdl:21.14100/09c77c27-9a5a-446a-ba0e-cc1df9ac900d,165,1850,1859,2014,2005,TRUE,dec0,CMIP6.CMIP.EC-Earth-Consortium.EC-Earth3-CC.historical.r1i1p1f1.Omon.tos.gn.v20210113,CMIP6.CMIP.EC-Earth-Consortium.EC-Earth3-CC.historical.r1i1p1f1.Omon.tos.gn.v20210113.1850-1859.nc,/perm_storage/home/data/CMIP6_data/EC-Earth3-CC/historical,/perm_storage/home/data/CMIP6_data/EC-Earth3-CC/historical/CMIP6.CMIP.EC-Earth-Consortium.EC-Earth3-CC.historical.r1i1p1f1.Omon.tos.gn.v20210113.1850-1859.nc
CMIP6.CMIP.EC-Earth-Consortium.EC-Earth3-CC.historical.r1i1p1f1.Omon.tos.gn.v20210113.tos_Omon_EC-Earth3-CC_historical_r1i1p1f1_gn_185801-185812.nc|esgf.bsc.es,CMIP6.CMIP.EC-Earth-Consortium.EC-Earth3-CC.historical.r1i1p1f1.Omon.tos.gn.v20210113|esgf.bsc.es,CMIP6,CMIP,EC-Earth-Consortium,EC-Earth3-CC,historical,r1i1p1f1,Omon,mon,gn,20210113,100 km,tos,Sea Surface Temperature,degC,1858-01-01T00:00:00Z,1858-12-01T00:00:00Z,4463410,esgf.bsc.es,http://esgf.bsc.es/thredds/fileServer/esg_dataroot/a3bh-CMIP-r1/CMIP6/CMIP/EC-Earth-Consortium/EC-Earth3-CC/historical/r1i1p1f1/Omon/tos/gn/v20210113/tos_Omon_EC-Earth3-CC_historical_r1i1p1f1_gn_185801-185812.nc,hdl:21.14100/3771e965-61dd-3373-8715-6e971d551ec0,hdl:21.14100/e0495258-01ff-4b48-9ab2-533455df2eab,165,1850,1859,2014,2005,TRUE,dec0,CMIP6.CMIP.EC-Earth-Consortium.EC-Earth3-CC.historical.r1i1p1f1.Omon.tos.gn.v20210113,CMIP6.CMIP.EC-Earth-Consortium.EC-Earth3-CC.historical.r1i1p1f1.Omon.tos.gn.v20210113.1850-1859.nc,/perm_storage/home/data/CMIP6_data/EC-Earth3-CC/historical,/perm_storage/home/data/CMIP6_data/EC-Earth3-CC/historical/CMIP6.CMIP.EC-Earth-Consortium.EC-Earth3-CC.historical.r1i1p1f1.Omon.tos.gn.v20210113.1850-1859.nc
CMIP6.CMIP.EC-Earth-Consortium.EC-Earth3-CC.historical.r1i1p1f1.Omon.tos.gn.v20210113.tos_Omon_EC-Earth3-CC_historical_r1i1p1f1_gn_185901-185912.nc|esgf.bsc.es,CMIP6.CMIP.EC-Earth-Consortium.EC-Earth3-CC.historical.r1i1p1f1.Omon.tos.gn.v20210113|esgf.bsc.es,CMIP6,CMIP,EC-Earth-Consortium,EC-Earth3-CC,historical,r1i1p1f1,Omon,mon,gn,20210113,100 km,tos,Sea Surface Temperature,degC,1859-01-01T00:00:00Z,1859-12-01T00:00:00Z,4464572,esgf.bsc.es,http://esgf.bsc.es/thredds/fileServer/esg_dataroot/a3bh-CMIP-r1/CMIP6/CMIP/EC-Earth-Consortium/EC-Earth3-CC/historical/r1i1p1f1/Omon/tos/gn/v20210113/tos_Omon_EC-Earth3-CC_historical_r1i1p1f1_gn_185901-185912.nc,hdl:21.14100/3771e965-61dd-3373-8715-6e971d551ec0,hdl:21.14100/3e01112b-8f5c-4fd1-9f13-c6b246dd4ca1,165,1850,1859,2014,2005,TRUE,dec0,CMIP6.CMIP.EC-Earth-Consortium.EC-Earth3-CC.historical.r1i1p1f1.Omon.tos.gn.v20210113,CMIP6.CMIP.EC-Earth-Consortium.EC-Earth3-CC.historical.r1i1p1f1.Omon.tos.gn.v20210113.1850-1859.nc,/perm_storage/home/data/CMIP6_data/EC-Earth3-CC/historical,/perm_storage/home/data/CMIP6_data/EC-Earth3-CC/historical/CMIP6.CMIP.EC-Earth-Consortium.EC-Earth3-CC.historical.r1i1p1f1.Omon.tos.gn.v20210113.1850-1859.nc
CMIP6.CMIP.EC-Earth-Consortium.EC-Earth3-CC.historical.r1i1p1f1.Omon.tos.gn.v20210113.tos_Omon_EC-Earth3-CC_historical_r1i1p1f1_gn_200501-200512.nc|esgf.bsc.es,CMIP6.CMIP.EC-Earth-Consortium.EC-Earth3-CC.historical.r1i1p1f1.Omon.tos.gn.v20210113|esgf.bsc.es,CMIP6,CMIP,EC-Earth-Consortium,EC-Earth3-CC,historical,r1i1p1f1,Omon,mon,gn,20210113,100 km,tos,Sea Surface Temperature,degC,2005-01-01T00:00:00Z,2005-12-01T00:00:00Z,4470233,esgf.bsc.es,http://esgf.bsc.es/thredds/fileServer/esg_dataroot/a3bh-CMIP-r1/CMIP6/CMIP/EC-Earth-Consortium/EC-Earth3-CC/historical/r1i1p1f1/Omon/tos/gn/v20210113/tos_Omon_EC-Earth3-CC_historical_r1i1p1f1_gn_200501-200512.nc,hdl:21.14100/3771e965-61dd-3373-8715-6e971d551ec0,hdl:21.14100/55413e40-08f1-4f41-b25a-c7fcaea51e3d,165,1850,1859,2014,2005,TRUE,decN,CMIP6.CMIP.EC-Earth-Consortium.EC-Earth3-CC.historical.r1i1p1f1.Omon.tos.gn.v20210113,CMIP6.CMIP.EC-Earth-Consortium.EC-Earth3-CC.historical.r1i1p1f1.Omon.tos.gn.v20210113.2005-2014.nc,/perm_storage/home/data/CMIP6_data/EC-Earth3-CC/historical,/perm_storage/home/data/CMIP6_data/EC-Earth3-CC/historical/CMIP6.CMIP.EC-Earth-Consortium.EC-Earth3-CC.historical.r1i1p1f1.Omon.tos.gn.v20210113.2005-2014.nc
CMIP6.CMIP.EC-Earth-Consortium.EC-Earth3-CC.historical.r1i1p1f1.Omon.tos.gn.v20210113.tos_Omon_EC-Earth3-CC_historical_r1i1p1f1_gn_200601-200612.nc|esgf.bsc.es,CMIP6.CMIP.EC-Earth-Consortium.EC-Earth3-CC.historical.r1i1p1f1.Omon.tos.gn.v20210113|esgf.bsc.es,CMIP6,CMIP,EC-Earth-Consortium,EC-Earth3-CC,historical,r1i1p1f1,Omon,mon,gn,20210113,100 km,tos,Sea Surface Temperature,degC,2006-01-01T00:00:00Z,2006-12-01T00:00:00Z,4468409,esgf.bsc.es,http://esgf.bsc.es/thredds/fileServer/esg_dataroot/a3bh-CMIP-r1/CMIP6/CMIP/EC-Earth-Consortium/EC-Earth3-CC/historical/r1i1p1f1/Omon/tos/gn/v20210113/tos_Omon_EC-Earth3-CC_historical_r1i1p1f1_gn_200601-200612.nc,hdl:21.14100/3771e965-61dd-3373-8715-6e971d551ec0,hdl:21.14100/bd3a2f3d-3058-4d24-a9e2-afbdc75bd2a6,165,1850,1859,2014,2005,TRUE,decN,CMIP6.CMIP.EC-Earth-Consortium.EC-Earth3-CC.historical.r1i1p1f1.Omon.tos.gn.v20210113,CMIP6.CMIP.EC-Earth-Consortium.EC-Earth3-CC.historical.r1i1p1f1.Omon.tos.gn.v20210113.2005-2014.nc,/perm_storage/home/data/CMIP6_data/EC-Earth3-CC/historical,/perm_storage/home/data/CMIP6_data/EC-Earth3-CC/historical/CMIP6.CMIP.EC-Earth-Consortium.EC-Earth3-CC.historical.r1i1p1f1.Omon.tos.gn.v20210113.2005-2014.nc
CMIP6.CMIP.EC-Earth-Consortium.EC-Earth3-CC.historical.r1i1p1f1.Omon.tos.gn.v20210113.tos_Omon_EC-Earth3-CC_historical_r1i1p1f1_gn_200701-200712.nc|esgf.bsc.es,CMIP6.CMIP.EC-Earth-Consortium.EC-Earth3-CC.historical.r1i1p1f1.Omon.tos.gn.v20210113|esgf.bsc.es,CMIP6,CMIP,EC-Earth-Consortium,EC-Earth3-CC,historical,r1i1p1f1,Omon,mon,gn,20210113,100 km,tos,Sea Surface Temperature,degC,2007-01-01T00:00:00Z,2007-12-01T00:00:00Z,4472348,esgf.bsc.es,http://esgf.bsc.es/thredds/fileServer/esg_dataroot/a3bh-CMIP-r1/CMIP6/CMIP/EC-Earth-Consortium/EC-Earth3-CC/historical/r1i1p1f1/Omon/tos/gn/v20210113/tos_Omon_EC-Earth3-CC_historical_r1i1p1f1_gn_200701-200712.nc,hdl:21.14100/3771e965-61dd-3373-8715-6e971d551ec0,hdl:21.14100/cf85650f-8844-48e0-9bea-2e977b3557b5,165,1850,1859,2014,2005,TRUE,decN,CMIP6.CMIP.EC-Earth-Consortium.EC-Earth3-CC.historical.r1i1p1f1.Omon.tos.gn.v20210113,CMIP6.CMIP.EC-Earth-Consortium.EC-Earth3-CC.historical.r1i1p1f1.Omon.tos.gn.v20210113.2005-2014.nc,/perm_storage/home/data/CMIP6_data/EC-Earth3-CC/historical,/perm_storage/home/data/CMIP6_data/EC-Earth3-CC/historical/CMIP6.CMIP.EC-Earth-Consortium.EC-Earth3-CC.historical.r1i1p1f1.Omon.tos.gn.v20210113.2005-2014.nc
CMIP6.CMIP.EC-Earth-Consortium.EC-Earth3-CC.historical.r1i1p1f1.Omon.tos.gn.v20210113.tos_Omon_EC-Earth3-CC_historical_r1i1p1f1_gn_200801-200812.nc|esgf.bsc.es,CMIP6.CMIP.EC-Earth-Consortium.EC-Earth3-CC.historical.r1i1p1f1.Omon.tos.gn.v20210113|esgf.bsc.es,CMIP6,CMIP,EC-Earth-Consortium,EC-Earth3-CC,historical,r1i1p1f1,Omon,mon,gn,20210113,100 km,tos,Sea Surface Temperature,degC,2008-01-01T00:00:00Z,2008-12-01T00:00:00Z,4468338,esgf.bsc.es,http://esgf.bsc.es/thredds/fileServer/esg_dataroot/a3bh-CMIP-r1/CMIP6/CMIP/EC-Earth-Consortium/EC-Earth3-CC/historical/r1i1p1f1/Omon/tos/gn/v20210113/tos_Omon_EC-Earth3-CC_historical_r1i1p1f1_gn_200801-200812.nc,hdl:21.14100/3771e965-61dd-3373-8715-6e971d551ec0,hdl:21.14100/42b1c954-8e17-46e6-a8db-c0b8e9f8d804,165,1850,1859,2014,2005,TRUE,decN,CMIP6.CMIP.EC-Earth-Consortium.EC-Earth3-CC.historical.r1i1p1f1.Omon.tos.gn.v20210113,CMIP6.CMIP.EC-Earth-Consortium.EC-Earth3-CC.historical.r1i1p1f1.Omon.tos.gn.v20210113.2005-2014.nc,/perm_storage/home/data/CMIP6_data/EC-Earth3-CC/historical,/perm_storage/home/data/CMIP6_data/EC-Earth3-CC/historical/CMIP6.CMIP.EC-Earth-Consortium.EC-Earth3-CC.historical.r1i1p1f1.Omon.tos.gn.v20210113.2005-2014.nc
CMIP6.CMIP.EC-Earth-Consortium.EC-Earth3-CC.historical.r1i1p1f1.Omon.tos.gn.v20210113.tos_Omon_EC-Earth3-CC_historical_r1i1p1f1_gn_200901-200912.nc|esgf.bsc.es,CMIP6.CMIP.EC-Earth-Consortium.EC-Earth3-CC.historical.r1i1p1f1.Omon.tos.gn.v20210113|esgf.bsc.es,CMIP6,CMIP,EC-Earth-Consortium,EC-Earth3-CC,historical,r1i1p1f1,Omon,mon,gn,20210113,100 km,tos,Sea Surface Temperature,degC,2009-01-01T00:00:00Z,2009-12-01T00:00:00Z,4472780,esgf.bsc.es,http://esgf.bsc.es/thredds/fileServer/esg_dataroot/a3bh-CMIP-r1/CMIP6/CMIP/EC-Earth-Consortium/EC-Earth3-CC/historical/r1i1p1f1/Omon/tos/gn/v20210113/tos_Omon_EC-Earth3-CC_historical_r1i1p1f1_gn_200901-200912.nc,hdl:21.14100/3771e965-61dd-3373-8715-6e971d551ec0,hdl:21.14100/d4441fcf-cd24-449d-9093-67e6057e7e5e,165,1850,1859,2014,2005,TRUE,decN,CMIP6.CMIP.EC-Earth-Consortium.EC-Earth3-CC.historical.r1i1p1f1.Omon.tos.gn.v20210113,CMIP6.CMIP.EC-Earth-Consortium.EC-Earth3-CC.historical.r1i1p1f1.Omon.tos.gn.v20210113.2005-2014.nc,/perm_storage/home/data/CMIP6_data/EC-Earth3-CC/historical,/perm_storage/home/data/CMIP6_data/EC-Earth3-CC/historical/CMIP6.CMIP.EC-Earth-Consortium.EC-Earth3-CC.historical.r1i1p1f1.Omon.tos.gn.v20210113.2005-2014.nc
CMIP6.CMIP.EC-Earth-Consortium.EC-Earth3-CC.historical.r1i1p1f1.Omon.tos.gn.v20210113.tos_Omon_EC-Earth3-CC_historical_r1i1p1f1_gn_201001-201012.nc|esgf.bsc.es,CMIP6.CMIP.EC-Earth-Consortium.EC-Earth3-CC.historical.r1i1p1f1.Omon.tos.gn.v20210113|esgf.bsc.es,CMIP6,CMIP,EC-Earth-Consortium,EC-Earth3-CC,historical,r1i1p1f1,Omon,mon,gn,20210113,100 km,tos,Sea Surface Temperature,degC,2010-01-01T00:00:00Z,2010-12-01T00:00:00Z,4471631,esgf.bsc.es,http://esgf.bsc.es/thredds/fileServer/esg_dataroot/a3bh-CMIP-r1/CMIP6/CMIP/EC-Earth-Consortium/EC-Earth3-CC/historical/r1i1p1f1/Omon/tos/gn/v20210113/tos_Omon_EC-Earth3-CC_historical_r1i1p1f1_gn_201001-201012.nc,hdl:21.14100/3771e965-61dd-3373-8715-6e971d551ec0,hdl:21.14100/a6e14712-637d-4ddd-95e5-3279925e3d4c,165,1850,1859,2014,2005,TRUE,decN,CMIP6.CMIP.EC-Earth-Consortium.EC-Earth3-CC.historical.r1i1p1f1.Omon.tos.gn.v20210113,CMIP6.CMIP.EC-Earth-Consortium.EC-Earth3-CC.historical.r1i1p1f1.Omon.tos.gn.v20210113.2005-2014.nc,/perm_storage/home/data/CMIP6_data/EC-Earth3-CC/historical,/perm_storage/home/data/CMIP6_data/EC-Earth3-CC/historical/CMIP6.CMIP.EC-Earth-Consortium.EC-Earth3-CC.historical.r1i1p1f1.Omon.tos.gn.v20210113.2005-2014.nc
CMIP6.CMIP.EC-Earth-Consortium.EC-Earth3-CC.historical.r1i1p1f1.Omon.tos.gn.v20210113.tos_Omon_EC-Earth3-CC_historical_r1i1p1f1_gn_201101-201112.nc|esgf.bsc.es,CMIP6.CMIP.EC-Earth-Consortium.EC-Earth3-CC.historical.r1i1p1f1.Omon.tos.gn.v20210113|esgf.bsc.es,CMIP6,CMIP,EC-Earth-Consortium,EC-Earth3-CC,historical,r1i1p1f1,Omon,mon,gn,20210113,100 km,tos,Sea Surface Temperature,degC,2011-01-01T00:00:00Z,2011-12-01T00:00:00Z,4468388,esgf.bsc.es,http://esgf.bsc.es/thredds/fileServer/esg_dataroot/a3bh-CMIP-r1/CMIP6/CMIP/EC-Earth-Consortium/EC-Earth3-CC/historical/r1i1p1f1/Omon/tos/gn/v20210113/tos_Omon_EC-Earth3-CC_historical_r1i1p1f1_gn_201101-201112.nc,hdl:21.14100/3771e965-61dd-3373-8715-6e971d551ec0,hdl:21.14100/1364e2a1-9bd3-4ebb-b444-65773ba21910,165,1850,1859,2014,2005,TRUE,decN,CMIP6.CMIP.EC-Earth-Consortium.EC-Earth3-CC.historical.r1i1p1f1.Omon.tos.gn.v20210113,CMIP6.CMIP.EC-Earth-Consortium.EC-Earth3-CC.historical.r1i1p1f1.Omon.tos.gn.v20210113.2005-2014.nc,/perm_storage/home/data/CMIP6_data/EC-Earth3-CC/historical,/perm_storage/home/data/CMIP6_data/EC-Earth3-CC/historical/CMIP6.CMIP.EC-Earth-Consortium.EC-Earth3-CC.historical.r1i1p1f1.Omon.tos.gn.v20210113.2005-2014.nc
CMIP6.CMIP.EC-Earth-Consortium.EC-Earth3-CC.historical.r1i1p1f1.Omon.tos.gn.v20210113.tos_Omon_EC-Earth3-CC_historical_r1i1p1f1_gn_201201-201212.nc|esgf.bsc.es,CMIP6.CMIP.EC-Earth-Consortium.EC-Earth3-CC.historical.r1i1p1f1.Omon.tos.gn.v20210113|esgf.bsc.es,CMIP6,CMIP,EC-Earth-Consortium,EC-Earth3-CC,historical,r1i1p1f1,Omon,mon,gn,20210113,100 km,tos,Sea Surface Temperature,degC,2012-01-01T00:00:00Z,2012-12-01T00:00:00Z,4465925,esgf.bsc.es,http://esgf.bsc.es/thredds/fileServer/esg_dataroot/a3bh-CMIP-r1/CMIP6/CMIP/EC-Earth-Consortium/EC-Earth3-CC/historical/r1i1p1f1/Omon/tos/gn/v20210113/tos_Omon_EC-Earth3-CC_historical_r1i1p1f1_gn_201201-201212.nc,hdl:21.14100/3771e965-61dd-3373-8715-6e971d551ec0,hdl:21.14100/ce055f62-53a4-4341-88a4-3d1d7be62dad,165,1850,1859,2014,2005,TRUE,decN,CMIP6.CMIP.EC-Earth-Consortium.EC-Earth3-CC.historical.r1i1p1f1.Omon.tos.gn.v20210113,CMIP6.CMIP.EC-Earth-Consortium.EC-Earth3-CC.historical.r1i1p1f1.Omon.tos.gn.v20210113.2005-2014.nc,/perm_storage/home/data/CMIP6_data/EC-Earth3-CC/historical,/perm_storage/home/data/CMIP6_data/EC-Earth3-CC/historical/CMIP6.CMIP.EC-Earth-Consortium.EC-Earth3-CC.historical.r1i1p1f1.Omon.tos.gn.v20210113.2005-2014.nc
CMIP6.CMIP.EC-Earth-Consortium.EC-Earth3-CC.historical.r1i1p1f1.Omon.tos.gn.v20210113.tos_Omon_EC-Earth3-CC_historical_r1i1p1f1_gn_201301-201312.nc|esgf.bsc.es,CMIP6.CMIP.EC-Earth-Consortium.EC-Earth3-CC.historical.r1i1p1f1.Omon.tos.gn.v20210113|esgf.bsc.es,CMIP6,CMIP,EC-Earth-Consortium,EC-Earth3-CC,historical,r1i1p1f1,Omon,mon,gn,20210113,100 km,tos,Sea Surface Temperature,degC,2013-01-01T00:00:00Z,2013-12-01T00:00:00Z,4471183,esgf.bsc.es,http://esgf.bsc.es/thredds/fileServer/esg_dataroot/a3bh-CMIP-r1/CMIP6/CMIP/EC-Earth-Consortium/EC-Earth3-CC/historical/r1i1p1f1/Omon/tos/gn/v20210113/tos_Omon_EC-Earth3-CC_historical_r1i1p1f1_gn_201301-201312.nc,hdl:21.14100/3771e965-61dd-3373-8715-6e971d551ec0,hdl:21.14100/97f10dcf-ac8e-404f-bc86-c1af626c3be2,165,1850,1859,2014,2005,TRUE,decN,CMIP6.CMIP.EC-Earth-Consortium.EC-Earth3-CC.historical.r1i1p1f1.Omon.tos.gn.v20210113,CMIP6.CMIP.EC-Earth-Consortium.EC-Earth3-CC.historical.r1i1p1f1.Omon.tos.gn.v20210113.2005-2014.nc,/perm_storage/home/data/CMIP6_data/EC-Earth3-CC/historical,/perm_storage/home/data/CMIP6_data/EC-Earth3-CC/historical/CMIP6.CMIP.EC-Earth-Consortium.EC-Earth3-CC.historical.r1i1p1f1.Omon.tos.gn.v20210113.2005-2014.nc
CMIP6.CMIP.EC-Earth-Consortium.EC-Earth3-CC.historical.r1i1p1f1.Omon.tos.gn.v20210113.tos_Omon_EC-Earth3-CC_historical_r1i1p1f1_gn_201401-201412.nc|esgf.bsc.es,CMIP6.CMIP.EC-Earth-Consortium.EC-Earth3-CC.historical.r1i1p1f1.Omon.tos.gn.v20210113|esgf.bsc.es,CMIP6,CMIP,EC-Earth-Consortium,EC-Earth3-CC,historical,r1i1p1f1,Omon,mon,gn,20210113,100 km,tos,Sea Surface Temperature,degC,2014-01-01T00:00:00Z,2014-12-01T00:00:00Z,4469534,esgf.bsc.es,http://esgf.bsc.es/thredds/fileServer/esg_dataroot/a3bh-CMIP-r1/CMIP6/CMIP/EC-Earth-Consortium/EC-Earth3-CC/historical/r1i1p1f1/Omon/tos/gn/v20210113/tos_Omon_EC-Earth3-CC_historical_r1i1p1f1_gn_201401-201412.nc,hdl:21.14100/3771e965-61dd-3373-8715-6e971d551ec0,hdl:21.14100/9c0d3524-8b8e-4711-b5a1-9c3ac832dba3,165,1850,1859,2014,2005,TRUE,decN,CMIP6.CMIP.EC-Earth-Consortium.EC-Earth3-CC.historical.r1i1p1f1.Omon.tos.gn.v20210113,CMIP6.CMIP.EC-Earth-Consortium.EC-Earth3-CC.historical.r1i1p1f1.Omon.tos.gn.v20210113.2005-2014.nc,/perm_storage/home/data/CMIP6_data/EC-Earth3-CC/historical,/perm_storage/home/data/CMIP6_data/EC-Earth3-CC/historical/CMIP6.CMIP.EC-Earth-Consortium.EC-Earth3-CC.historical.r1i1p1f1.Omon.tos.gn.v20210113.2005-2014.nc
CMIP6.CMIP.EC-Earth-Consortium.EC-Earth3-CC.historical.r1i1p1f1.Omon.intpp.gn.v20210113.intpp_Omon_EC-Earth3-CC_historical_r1i1p1f1_gn_185001-185012.nc|esgf.bsc.es,CMIP6.CMIP.EC-Earth-Consortium.EC-Earth3-CC.historical.r1i1p1f1.Omon.intpp.gn.v20210113|esgf.bsc.es,CMIP6,CMIP,EC-Earth-Consortium,EC-Earth3-CC,historical,r1i1p1f1,Omon,mon,gn,20210113,100 km,intpp,Primary Organic Carbon Production by All Types of Phytoplankton,mol m-2 s-1,1850-01-01T00:00:00Z,1850-12-01T00:00:00Z,4490738,esgf.bsc.es,http://esgf.bsc.es/thredds/fileServer/esg_dataroot/a3bh-CMIP-r1/CMIP6/CMIP/EC-Earth-Consortium/EC-Earth3-CC/historical/r1i1p1f1/Omon/intpp/gn/v20210113/intpp_Omon_EC-Earth3-CC_historical_r1i1p1f1_gn_185001-185012.nc,hdl:21.14100/f9b9eccd-d03f-3d69-9465-ff0c9ef07bfd,hdl:21.14100/3a194beb-f9c6-4379-861f-c0f0abd7fdcc,165,1850,1859,2014,2005,TRUE,dec0,CMIP6.CMIP.EC-Earth-Consortium.EC-Earth3-CC.historical.r1i1p1f1.Omon.intpp.gn.v20210113,CMIP6.CMIP.EC-Earth-Consortium.EC-Earth3-CC.historical.r1i1p1f1.Omon.intpp.gn.v20210113.1850-1859.nc,/perm_storage/home/data/CMIP6_data/EC-Earth3-CC/historical,/perm_storage/home/data/CMIP6_data/EC-Earth3-CC/historical/CMIP6.CMIP.EC-Earth-Consortium.EC-Earth3-CC.historical.r1i1p1f1.Omon.intpp.gn.v20210113.1850-1859.nc
CMIP6.CMIP.EC-Earth-Consortium.EC-Earth3-CC.historical.r1i1p1f1.Omon.intpp.gn.v20210113.intpp_Omon_EC-Earth3-CC_historical_r1i1p1f1_gn_185101-185112.nc|esgf.bsc.es,CMIP6.CMIP.EC-Earth-Consortium.EC-Earth3-CC.historical.r1i1p1f1.Omon.intpp.gn.v20210113|esgf.bsc.es,CMIP6,CMIP,EC-Earth-Consortium,EC-Earth3-CC,historical,r1i1p1f1,Omon,mon,gn,20210113,100 km,intpp,Primary Organic Carbon Production by All Types of Phytoplankton,mol m-2 s-1,1851-01-01T00:00:00Z,1851-12-01T00:00:00Z,4489465,esgf.bsc.es,http://esgf.bsc.es/thredds/fileServer/esg_dataroot/a3bh-CMIP-r1/CMIP6/CMIP/EC-Earth-Consortium/EC-Earth3-CC/historical/r1i1p1f1/Omon/intpp/gn/v20210113/intpp_Omon_EC-Earth3-CC_historical_r1i1p1f1_gn_185101-185112.nc,hdl:21.14100/f9b9eccd-d03f-3d69-9465-ff0c9ef07bfd,hdl:21.14100/863f4298-d5e7-4c73-8eaa-02ed40c55d86,165,1850,1859,2014,2005,TRUE,dec0,CMIP6.CMIP.EC-Earth-Consortium.EC-Earth3-CC.historical.r1i1p1f1.Omon.intpp.gn.v20210113,CMIP6.CMIP.EC-Earth-Consortium.EC-Earth3-CC.historical.r1i1p1f1.Omon.intpp.gn.v20210113.1850-1859.nc,/perm_storage/home/data/CMIP6_data/EC-Earth3-CC/historical,/perm_storage/home/data/CMIP6_data/EC-Earth3-CC/historical/CMIP6.CMIP.EC-Earth-Consortium.EC-Earth3-CC.historical.r1i1p1f1.Omon.intpp.gn.v20210113.1850-1859.nc
CMIP6.CMIP.EC-Earth-Consortium.EC-Earth3-CC.historical.r1i1p1f1.Omon.intpp.gn.v20210113.intpp_Omon_EC-Earth3-CC_historical_r1i1p1f1_gn_185201-185212.nc|esgf.bsc.es,CMIP6.CMIP.EC-Earth-Consortium.EC-Earth3-CC.historical.r1i1p1f1.Omon.intpp.gn.v20210113|esgf.bsc.es,CMIP6,CMIP,EC-Earth-Consortium,EC-Earth3-CC,historical,r1i1p1f1,Omon,mon,gn,20210113,100 km,intpp,Primary Organic Carbon Production by All Types of Phytoplankton,mol m-2 s-1,1852-01-01T00:00:00Z,1852-12-01T00:00:00Z,4490100,esgf.bsc.es,http://esgf.bsc.es/thredds/fileServer/esg_dataroot/a3bh-CMIP-r1/CMIP6/CMIP/EC-Earth-Consortium/EC-Earth3-CC/historical/r1i1p1f1/Omon/intpp/gn/v20210113/intpp_Omon_EC-Earth3-CC_historical_r1i1p1f1_gn_185201-185212.nc,hdl:21.14100/f9b9eccd-d03f-3d69-9465-ff0c9ef07bfd,hdl:21.14100/0e1235ad-37ce-4b1b-80d7-b17b5dc6b6e5,165,1850,1859,2014,2005,TRUE,dec0,CMIP6.CMIP.EC-Earth-Consortium.EC-Earth3-CC.historical.r1i1p1f1.Omon.intpp.gn.v20210113,CMIP6.CMIP.EC-Earth-Consortium.EC-Earth3-CC.historical.r1i1p1f1.Omon.intpp.gn.v20210113.1850-1859.nc,/perm_storage/home/data/CMIP6_data/EC-Earth3-CC/historical,/perm_storage/home/data/CMIP6_data/EC-Earth3-CC/historical/CMIP6.CMIP.EC-Earth-Consortium.EC-Earth3-CC.historical.r1i1p1f1.Omon.intpp.gn.v20210113.1850-1859.nc
CMIP6.CMIP.EC-Earth-Consortium.EC-Earth3-CC.historical.r1i1p1f1.Omon.intpp.gn.v20210113.intpp_Omon_EC-Earth3-CC_historical_r1i1p1f1_gn_185301-185312.nc|esgf.bsc.es,CMIP6.CMIP.EC-Earth-Consortium.EC-Earth3-CC.historical.r1i1p1f1.Omon.intpp.gn.v20210113|esgf.bsc.es,CMIP6,CMIP,EC-Earth-Consortium,EC-Earth3-CC,historical,r1i1p1f1,Omon,mon,gn,20210113,100 km,intpp,Primary Organic Carbon Production by All Types of Phytoplankton,mol m-2 s-1,1853-01-01T00:00:00Z,1853-12-01T00:00:00Z,4491195,esgf.bsc.es,http://esgf.bsc.es/thredds/fileServer/esg_dataroot/a3bh-CMIP-r1/CMIP6/CMIP/EC-Earth-Consortium/EC-Earth3-CC/historical/r1i1p1f1/Omon/intpp/gn/v20210113/intpp_Omon_EC-Earth3-CC_historical_r1i1p1f1_gn_185301-185312.nc,hdl:21.14100/f9b9eccd-d03f-3d69-9465-ff0c9ef07bfd,hdl:21.14100/99e1263a-b819-47e7-bdc9-3d5a56e8b928,165,1850,1859,2014,2005,TRUE,dec0,CMIP6.CMIP.EC-Earth-Consortium.EC-Earth3-CC.historical.r1i1p1f1.Omon.intpp.gn.v20210113,CMIP6.CMIP.EC-Earth-Consortium.EC-Earth3-CC.historical.r1i1p1f1.Omon.intpp.gn.v20210113.1850-1859.nc,/perm_storage/home/data/CMIP6_data/EC-Earth3-CC/historical,/perm_storage/home/data/CMIP6_data/EC-Earth3-CC/historical/CMIP6.CMIP.EC-Earth-Consortium.EC-Earth3-CC.historical.r1i1p1f1.Omon.intpp.gn.v20210113.1850-1859.nc
CMIP6.CMIP.EC-Earth-Consortium.EC-Earth3-CC.historical.r1i1p1f1.Omon.intpp.gn.v20210113.intpp_Omon_EC-Earth3-CC_historical_r1i1p1f1_gn_185401-185412.nc|esgf.bsc.es,CMIP6.CMIP.EC-Earth-Consortium.EC-Earth3-CC.historical.r1i1p1f1.Omon.intpp.gn.v20210113|esgf.bsc.es,CMIP6,CMIP,EC-Earth-Consortium,EC-Earth3-CC,historical,r1i1p1f1,Omon,mon,gn,20210113,100 km,intpp,Primary Organic Carbon Production by All Types of Phytoplankton,mol m-2 s-1,1854-01-01T00:00:00Z,1854-12-01T00:00:00Z,4489734,esgf.bsc.es,http://esgf.bsc.es/thredds/fileServer/esg_dataroot/a3bh-CMIP-r1/CMIP6/CMIP/EC-Earth-Consortium/EC-Earth3-CC/historical/r1i1p1f1/Omon/intpp/gn/v20210113/intpp_Omon_EC-Earth3-CC_historical_r1i1p1f1_gn_185401-185412.nc,hdl:21.14100/f9b9eccd-d03f-3d69-9465-ff0c9ef07bfd,hdl:21.14100/f7fe9b46-7527-448c-982f-ba1cdf1a59b7,165,1850,1859,2014,2005,TRUE,dec0,CMIP6.CMIP.EC-Earth-Consortium.EC-Earth3-CC.historical.r1i1p1f1.Omon.intpp.gn.v20210113,CMIP6.CMIP.EC-Earth-Consortium.EC-Earth3-CC.historical.r1i1p1f1.Omon.intpp.gn.v20210113.1850-1859.nc,/perm_storage/home/data/CMIP6_data/EC-Earth3-CC/historical,/perm_storage/home/data/CMIP6_data/EC-Earth3-CC/historical/CMIP6.CMIP.EC-Earth-Consortium.EC-Earth3-CC.historical.r1i1p1f1.Omon.intpp.gn.v20210113.1850-1859.nc
CMIP6.CMIP.EC-Earth-Consortium.EC-Earth3-CC.historical.r1i1p1f1.Omon.intpp.gn.v20210113.intpp_Omon_EC-Earth3-CC_historical_r1i1p1f1_gn_185501-185512.nc|esgf.bsc.es,CMIP6.CMIP.EC-Earth-Consortium.EC-Earth3-CC.historical.r1i1p1f1.Omon.intpp.gn.v20210113|esgf.bsc.es,CMIP6,CMIP,EC-Earth-Consortium,EC-Earth3-CC,historical,r1i1p1f1,Omon,mon,gn,20210113,100 km,intpp,Primary Organic Carbon Production by All Types of Phytoplankton,mol m-2 s-1,1855-01-01T00:00:00Z,1855-12-01T00:00:00Z,4490795,esgf.bsc.es,http://esgf.bsc.es/thredds/fileServer/esg_dataroot/a3bh-CMIP-r1/CMIP6/CMIP/EC-Earth-Consortium/EC-Earth3-CC/historical/r1i1p1f1/Omon/intpp/gn/v20210113/intpp_Omon_EC-Earth3-CC_historical_r1i1p1f1_gn_185501-185512.nc,hdl:21.14100/f9b9eccd-d03f-3d69-9465-ff0c9ef07bfd,hdl:21.14100/2f235297-8ce4-41de-8af8-07fe96b0bb30,165,1850,1859,2014,2005,TRUE,dec0,CMIP6.CMIP.EC-Earth-Consortium.EC-Earth3-CC.historical.r1i1p1f1.Omon.intpp.gn.v20210113,CMIP6.CMIP.EC-Earth-Consortium.EC-Earth3-CC.historical.r1i1p1f1.Omon.intpp.gn.v20210113.1850-1859.nc,/perm_storage/home/data/CMIP6_data/EC-Earth3-CC/historical,/perm_storage/home/data/CMIP6_data/EC-Earth3-CC/historical/CMIP6.CMIP.EC-Earth-Consortium.EC-Earth3-CC.historical.r1i1p1f1.Omon.intpp.gn.v20210113.1850-1859.nc
CMIP6.CMIP.EC-Earth-Consortium.EC-Earth3-CC.historical.r1i1p1f1.Omon.intpp.gn.v20210113.intpp_Omon_EC-Earth3-CC_historical_r1i1p1f1_gn_185601-185612.nc|esgf.bsc.es,CMIP6.CMIP.EC-Earth-Consortium.EC-Earth3-CC.historical.r1i1p1f1.Omon.intpp.gn.v20210113|esgf.bsc.es,CMIP6,CMIP,EC-Earth-Consortium,EC-Earth3-CC,historical,r1i1p1f1,Omon,mon,gn,20210113,100 km,intpp,Primary Organic Carbon Production by All Types of Phytoplankton,mol m-2 s-1,1856-01-01T00:00:00Z,1856-12-01T00:00:00Z,4491296,esgf.bsc.es,http://esgf.bsc.es/thredds/fileServer/esg_dataroot/a3bh-CMIP-r1/CMIP6/CMIP/EC-Earth-Consortium/EC-Earth3-CC/historical/r1i1p1f1/Omon/intpp/gn/v20210113/intpp_Omon_EC-Earth3-CC_historical_r1i1p1f1_gn_185601-185612.nc,hdl:21.14100/f9b9eccd-d03f-3d69-9465-ff0c9ef07bfd,hdl:21.14100/c4deb3f6-e657-423c-9292-194cb5f9b296,165,1850,1859,2014,2005,TRUE,dec0,CMIP6.CMIP.EC-Earth-Consortium.EC-Earth3-CC.historical.r1i1p1f1.Omon.intpp.gn.v20210113,CMIP6.CMIP.EC-Earth-Consortium.EC-Earth3-CC.historical.r1i1p1f1.Omon.intpp.gn.v20210113.1850-1859.nc,/perm_storage/home/data/CMIP6_data/EC-Earth3-CC/historical,/perm_storage/home/data/CMIP6_data/EC-Earth3-CC/historical/CMIP6.CMIP.EC-Earth-Consortium.EC-Earth3-CC.historical.r1i1p1f1.Omon.intpp.gn.v20210113.1850-1859.nc
CMIP6.CMIP.EC-Earth-Consortium.EC-Earth3-CC.historical.r1i1p1f1.Omon.intpp.gn.v20210113.intpp_Omon_EC-Earth3-CC_historical_r1i1p1f1_gn_185701-185712.nc|esgf.bsc.es,CMIP6.CMIP.EC-Earth-Consortium.EC-Earth3-CC.historical.r1i1p1f1.Omon.intpp.gn.v20210113|esgf.bsc.es,CMIP6,CMIP,EC-Earth-Consortium,EC-Earth3-CC,historical,r1i1p1f1,Omon,mon,gn,20210113,100 km,intpp,Primary Organic Carbon Production by All Types of Phytoplankton,mol m-2 s-1,1857-01-01T00:00:00Z,1857-12-01T00:00:00Z,4491696,esgf.bsc.es,http://esgf.bsc.es/thredds/fileServer/esg_dataroot/a3bh-CMIP-r1/CMIP6/CMIP/EC-Earth-Consortium/EC-Earth3-CC/historical/r1i1p1f1/Omon/intpp/gn/v20210113/intpp_Omon_EC-Earth3-CC_historical_r1i1p1f1_gn_185701-185712.nc,hdl:21.14100/f9b9eccd-d03f-3d69-9465-ff0c9ef07bfd,hdl:21.14100/6b9d1ec3-6e49-47dd-9bdc-e4ac220fc425,165,1850,1859,2014,2005,TRUE,dec0,CMIP6.CMIP.EC-Earth-Consortium.EC-Earth3-CC.historical.r1i1p1f1.Omon.intpp.gn.v20210113,CMIP6.CMIP.EC-Earth-Consortium.EC-Earth3-CC.historical.r1i1p1f1.Omon.intpp.gn.v20210113.1850-1859.nc,/perm_storage/home/data/CMIP6_data/EC-Earth3-CC/historical,/perm_storage/home/data/CMIP6_data/EC-Earth3-CC/historical/CMIP6.CMIP.EC-Earth-Consortium.EC-Earth3-CC.historical.r1i1p1f1.Omon.intpp.gn.v20210113.1850-1859.nc
CMIP6.CMIP.EC-Earth-Consortium.EC-Earth3-CC.historical.r1i1p1f1.Omon.intpp.gn.v20210113.intpp_Omon_EC-Earth3-CC_historical_r1i1p1f1_gn_185801-185812.nc|esgf.bsc.es,CMIP6.CMIP.EC-Earth-Consortium.EC-Earth3-CC.historical.r1i1p1f1.Omon.intpp.gn.v20210113|esgf.bsc.es,CMIP6,CMIP,EC-Earth-Consortium,EC-Earth3-CC,historical,r1i1p1f1,Omon,mon,gn,20210113,100 km,intpp,Primary Organic Carbon Production by All Types of Phytoplankton,mol m-2 s-1,1858-01-01T00:00:00Z,1858-12-01T00:00:00Z,4493963,esgf.bsc.es,http://esgf.bsc.es/thredds/fileServer/esg_dataroot/a3bh-CMIP-r1/CMIP6/CMIP/EC-Earth-Consortium/EC-Earth3-CC/historical/r1i1p1f1/Omon/intpp/gn/v20210113/intpp_Omon_EC-Earth3-CC_historical_r1i1p1f1_gn_185801-185812.nc,hdl:21.14100/f9b9eccd-d03f-3d69-9465-ff0c9ef07bfd,hdl:21.14100/498c0892-a1fd-4042-8af2-7c512d587cf9,165,1850,1859,2014,2005,TRUE,dec0,CMIP6.CMIP.EC-Earth-Consortium.EC-Earth3-CC.historical.r1i1p1f1.Omon.intpp.gn.v20210113,CMIP6.CMIP.EC-Earth-Consortium.EC-Earth3-CC.historical.r1i1p1f1.Omon.intpp.gn.v20210113.1850-1859.nc,/perm_storage/home/data/CMIP6_data/EC-Earth3-CC/historical,/perm_storage/home/data/CMIP6_data/EC-Earth3-CC/historical/CMIP6.CMIP.EC-Earth-Consortium.EC-Earth3-CC.historical.r1i1p1f1.Omon.intpp.gn.v20210113.1850-1859.nc
CMIP6.CMIP.EC-Earth-Consortium.EC-Earth3-CC.historical.r1i1p1f1.Omon.intpp.gn.v20210113.intpp_Omon_EC-Earth3-CC_historical_r1i1p1f1_gn_185901-185912.nc|esgf.bsc.es,CMIP6.CMIP.EC-Earth-Consortium.EC-Earth3-CC.historical.r1i1p1f1.Omon.intpp.gn.v20210113|esgf.bsc.es,CMIP6,CMIP,EC-Earth-Consortium,EC-Earth3-CC,historical,r1i1p1f1,Omon,mon,gn,20210113,100 km,intpp,Primary Organic Carbon Production by All Types of Phytoplankton,mol m-2 s-1,1859-01-01T00:00:00Z,1859-12-01T00:00:00Z,4491594,esgf.bsc.es,http://esgf.bsc.es/thredds/fileServer/esg_dataroot/a3bh-CMIP-r1/CMIP6/CMIP/EC-Earth-Consortium/EC-Earth3-CC/historical/r1i1p1f1/Omon/intpp/gn/v20210113/intpp_Omon_EC-Earth3-CC_historical_r1i1p1f1_gn_185901-185912.nc,hdl:21.14100/f9b9eccd-d03f-3d69-9465-ff0c9ef07bfd,hdl:21.14100/7d86f21b-2a9c-4aca-a317-099a63f922c9,165,1850,1859,2014,2005,TRUE,dec0,CMIP6.CMIP.EC-Earth-Consortium.EC-Earth3-CC.historical.r1i1p1f1.Omon.intpp.gn.v20210113,CMIP6.CMIP.EC-Earth-Consortium.EC-Earth3-CC.historical.r1i1p1f1.Omon.intpp.gn.v20210113.1850-1859.nc,/perm_storage/home/data/CMIP6_data/EC-Earth3-CC/historical,/perm_storage/home/data/CMIP6_data/EC-Earth3-CC/historical/CMIP6.CMIP.EC-Earth-Consortium.EC-Earth3-CC.historical.r1i1p1f1.Omon.intpp.gn.v20210113.1850-1859.nc
CMIP6.CMIP.EC-Earth-Consortium.EC-Earth3-CC.historical.r1i1p1f1.Omon.intpp.gn.v20210113.intpp_Omon_EC-Earth3-CC_historical_r1i1p1f1_gn_200501-200512.nc|esgf.bsc.es,CMIP6.CMIP.EC-Earth-Consortium.EC-Earth3-CC.historical.r1i1p1f1.Omon.intpp.gn.v20210113|esgf.bsc.es,CMIP6,CMIP,EC-Earth-Consortium,EC-Earth3-CC,historical,r1i1p1f1,Omon,mon,gn,20210113,100 km,intpp,Primary Organic Carbon Production by All Types of Phytoplankton,mol m-2 s-1,2005-01-01T00:00:00Z,2005-12-01T00:00:00Z,4490024,esgf.bsc.es,http://esgf.bsc.es/thredds/fileServer/esg_dataroot/a3bh-CMIP-r1/CMIP6/CMIP/EC-Earth-Consortium/EC-Earth3-CC/historical/r1i1p1f1/Omon/intpp/gn/v20210113/intpp_Omon_EC-Earth3-CC_historical_r1i1p1f1_gn_200501-200512.nc,hdl:21.14100/f9b9eccd-d03f-3d69-9465-ff0c9ef07bfd,hdl:21.14100/34d7b103-f0a3-4569-8ba7-cd34c04be64f,165,1850,1859,2014,2005,TRUE,decN,CMIP6.CMIP.EC-Earth-Consortium.EC-Earth3-CC.historical.r1i1p1f1.Omon.intpp.gn.v20210113,CMIP6.CMIP.EC-Earth-Consortium.EC-Earth3-CC.historical.r1i1p1f1.Omon.intpp.gn.v20210113.2005-2014.nc,/perm_storage/home/data/CMIP6_data/EC-Earth3-CC/historical,/perm_storage/home/data/CMIP6_data/EC-Earth3-CC/historical/CMIP6.CMIP.EC-Earth-Consortium.EC-Earth3-CC.historical.r1i1p1f1.Omon.intpp.gn.v20210113.2005-2014.nc
CMIP6.CMIP.EC-Earth-Consortium.EC-Earth3-CC.historical.r1i1p1f1.Omon.intpp.gn.v20210113.intpp_Omon_EC-Earth3-CC_historical_r1i1p1f1_gn_200601-200612.nc|esgf.bsc.es,CMIP6.CMIP.EC-Earth-Consortium.EC-Earth3-CC.historical.r1i1p1f1.Omon.intpp.gn.v20210113|esgf.bsc.es,CMIP6,CMIP,EC-Earth-Consortium,EC-Earth3-CC,historical,r1i1p1f1,Omon,mon,gn,20210113,100 km,intpp,Primary Organic Carbon Production by All Types of Phytoplankton,mol m-2 s-1,2006-01-01T00:00:00Z,2006-12-01T00:00:00Z,4488480,esgf.bsc.es,http://esgf.bsc.es/thredds/fileServer/esg_dataroot/a3bh-CMIP-r1/CMIP6/CMIP/EC-Earth-Consortium/EC-Earth3-CC/historical/r1i1p1f1/Omon/intpp/gn/v20210113/intpp_Omon_EC-Earth3-CC_historical_r1i1p1f1_gn_200601-200612.nc,hdl:21.14100/f9b9eccd-d03f-3d69-9465-ff0c9ef07bfd,hdl:21.14100/2348e19c-14c4-4e89-9f6c-bac7cb431ac3,165,1850,1859,2014,2005,TRUE,decN,CMIP6.CMIP.EC-Earth-Consortium.EC-Earth3-CC.historical.r1i1p1f1.Omon.intpp.gn.v20210113,CMIP6.CMIP.EC-Earth-Consortium.EC-Earth3-CC.historical.r1i1p1f1.Omon.intpp.gn.v20210113.2005-2014.nc,/perm_storage/home/data/CMIP6_data/EC-Earth3-CC/historical,/perm_storage/home/data/CMIP6_data/EC-Earth3-CC/historical/CMIP6.CMIP.EC-Earth-Consortium.EC-Earth3-CC.historical.r1i1p1f1.Omon.intpp.gn.v20210113.2005-2014.nc
CMIP6.CMIP.EC-Earth-Consortium.EC-Earth3-CC.historical.r1i1p1f1.Omon.intpp.gn.v20210113.intpp_Omon_EC-Earth3-CC_historical_r1i1p1f1_gn_200701-200712.nc|esgf.bsc.es,CMIP6.CMIP.EC-Earth-Consortium.EC-Earth3-CC.historical.r1i1p1f1.Omon.intpp.gn.v20210113|esgf.bsc.es,CMIP6,CMIP,EC-Earth-Consortium,EC-Earth3-CC,historical,r1i1p1f1,Omon,mon,gn,20210113,100 km,intpp,Primary Organic Carbon Production by All Types of Phytoplankton,mol m-2 s-1,2007-01-01T00:00:00Z,2007-12-01T00:00:00Z,4486542,esgf.bsc.es,http://esgf.bsc.es/thredds/fileServer/esg_dataroot/a3bh-CMIP-r1/CMIP6/CMIP/EC-Earth-Consortium/EC-Earth3-CC/historical/r1i1p1f1/Omon/intpp/gn/v20210113/intpp_Omon_EC-Earth3-CC_historical_r1i1p1f1_gn_200701-200712.nc,hdl:21.14100/f9b9eccd-d03f-3d69-9465-ff0c9ef07bfd,hdl:21.14100/85b40402-1fec-47e3-8d34-61b98a03e635,165,1850,1859,2014,2005,TRUE,decN,CMIP6.CMIP.EC-Earth-Consortium.EC-Earth3-CC.historical.r1i1p1f1.Omon.intpp.gn.v20210113,CMIP6.CMIP.EC-Earth-Consortium.EC-Earth3-CC.historical.r1i1p1f1.Omon.intpp.gn.v20210113.2005-2014.nc,/perm_storage/home/data/CMIP6_data/EC-Earth3-CC/historical,/perm_storage/home/data/CMIP6_data/EC-Earth3-CC/historical/CMIP6.CMIP.EC-Earth-Consortium.EC-Earth3-CC.historical.r1i1p1f1.Omon.intpp.gn.v20210113.2005-2014.nc
CMIP6.CMIP.EC-Earth-Consortium.EC-Earth3-CC.historical.r1i1p1f1.Omon.intpp.gn.v20210113.intpp_Omon_EC-Earth3-CC_historical_r1i1p1f1_gn_200801-200812.nc|esgf.bsc.es,CMIP6.CMIP.EC-Earth-Consortium.EC-Earth3-CC.historical.r1i1p1f1.Omon.intpp.gn.v20210113|esgf.bsc.es,CMIP6,CMIP,EC-Earth-Consortium,EC-Earth3-CC,historical,r1i1p1f1,Omon,mon,gn,20210113,100 km,intpp,Primary Organic Carbon Production by All Types of Phytoplankton,mol m-2 s-1,2008-01-01T00:00:00Z,2008-12-01T00:00:00Z,4487159,esgf.bsc.es,http://esgf.bsc.es/thredds/fileServer/esg_dataroot/a3bh-CMIP-r1/CMIP6/CMIP/EC-Earth-Consortium/EC-Earth3-CC/historical/r1i1p1f1/Omon/intpp/gn/v20210113/intpp_Omon_EC-Earth3-CC_historical_r1i1p1f1_gn_200801-200812.nc,hdl:21.14100/f9b9eccd-d03f-3d69-9465-ff0c9ef07bfd,hdl:21.14100/de53c6ac-36d6-4a4f-841b-d8688f0a94af,165,1850,1859,2014,2005,TRUE,decN,CMIP6.CMIP.EC-Earth-Consortium.EC-Earth3-CC.historical.r1i1p1f1.Omon.intpp.gn.v20210113,CMIP6.CMIP.EC-Earth-Consortium.EC-Earth3-CC.historical.r1i1p1f1.Omon.intpp.gn.v20210113.2005-2014.nc,/perm_storage/home/data/CMIP6_data/EC-Earth3-CC/historical,/perm_storage/home/data/CMIP6_data/EC-Earth3-CC/historical/CMIP6.CMIP.EC-Earth-Consortium.EC-Earth3-CC.historical.r1i1p1f1.Omon.intpp.gn.v20210113.2005-2014.nc
CMIP6.CMIP.EC-Earth-Consortium.EC-Earth3-CC.historical.r1i1p1f1.Omon.intpp.gn.v20210113.intpp_Omon_EC-Earth3-CC_historical_r1i1p1f1_gn_200901-200912.nc|esgf.bsc.es,CMIP6.CMIP.EC-Earth-Consortium.EC-Earth3-CC.historical.r1i1p1f1.Omon.intpp.gn.v20210113|esgf.bsc.es,CMIP6,CMIP,EC-Earth-Consortium,EC-Earth3-CC,historical,r1i1p1f1,Omon,mon,gn,20210113,100 km,intpp,Primary Organic Carbon Production by All Types of Phytoplankton,mol m-2 s-1,2009-01-01T00:00:00Z,2009-12-01T00:00:00Z,4488114,esgf.bsc.es,http://esgf.bsc.es/thredds/fileServer/esg_dataroot/a3bh-CMIP-r1/CMIP6/CMIP/EC-Earth-Consortium/EC-Earth3-CC/historical/r1i1p1f1/Omon/intpp/gn/v20210113/intpp_Omon_EC-Earth3-CC_historical_r1i1p1f1_gn_200901-200912.nc,hdl:21.14100/f9b9eccd-d03f-3d69-9465-ff0c9ef07bfd,hdl:21.14100/849a3719-67b8-4861-82f1-684f3f0a004c,165,1850,1859,2014,2005,TRUE,decN,CMIP6.CMIP.EC-Earth-Consortium.EC-Earth3-CC.historical.r1i1p1f1.Omon.intpp.gn.v20210113,CMIP6.CMIP.EC-Earth-Consortium.EC-Earth3-CC.historical.r1i1p1f1.Omon.intpp.gn.v20210113.2005-2014.nc,/perm_storage/home/data/CMIP6_data/EC-Earth3-CC/historical,/perm_storage/home/data/CMIP6_data/EC-Earth3-CC/historical/CMIP6.CMIP.EC-Earth-Consortium.EC-Earth3-CC.historical.r1i1p1f1.Omon.intpp.gn.v20210113.2005-2014.nc
CMIP6.CMIP.EC-Earth-Consortium.EC-Earth3-CC.historical.r1i1p1f1.Omon.intpp.gn.v20210113.intpp_Omon_EC-Earth3-CC_historical_r1i1p1f1_gn_201001-201012.nc|esgf.bsc.es,CMIP6.CMIP.EC-Earth-Consortium.EC-Earth3-CC.historical.r1i1p1f1.Omon.intpp.gn.v20210113|esgf.bsc.es,CMIP6,CMIP,EC-Earth-Consortium,EC-Earth3-CC,historical,r1i1p1f1,Omon,mon,gn,20210113,100 km,intpp,Primary Organic Carbon Production by All Types of Phytoplankton,mol m-2 s-1,2010-01-01T00:00:00Z,2010-12-01T00:00:00Z,4489196,esgf.bsc.es,http://esgf.bsc.es/thredds/fileServer/esg_dataroot/a3bh-CMIP-r1/CMIP6/CMIP/EC-Earth-Consortium/EC-Earth3-CC/historical/r1i1p1f1/Omon/intpp/gn/v20210113/intpp_Omon_EC-Earth3-CC_historical_r1i1p1f1_gn_201001-201012.nc,hdl:21.14100/f9b9eccd-d03f-3d69-9465-ff0c9ef07bfd,hdl:21.14100/cf31cbab-9b2d-47c0-9783-273ba3277149,165,1850,1859,2014,2005,TRUE,decN,CMIP6.CMIP.EC-Earth-Consortium.EC-Earth3-CC.historical.r1i1p1f1.Omon.intpp.gn.v20210113,CMIP6.CMIP.EC-Earth-Consortium.EC-Earth3-CC.historical.r1i1p1f1.Omon.intpp.gn.v20210113.2005-2014.nc,/perm_storage/home/data/CMIP6_data/EC-Earth3-CC/historical,/perm_storage/home/data/CMIP6_data/EC-Earth3-CC/historical/CMIP6.CMIP.EC-Earth-Consortium.EC-Earth3-CC.historical.r1i1p1f1.Omon.intpp.gn.v20210113.2005-2014.nc
CMIP6.CMIP.EC-Earth-Consortium.EC-Earth3-CC.historical.r1i1p1f1.Omon.intpp.gn.v20210113.intpp_Omon_EC-Earth3-CC_historical_r1i1p1f1_gn_201101-201112.nc|esgf.bsc.es,CMIP6.CMIP.EC-Earth-Consortium.EC-Earth3-CC.historical.r1i1p1f1.Omon.intpp.gn.v20210113|esgf.bsc.es,CMIP6,CMIP,EC-Earth-Consortium,EC-Earth3-CC,historical,r1i1p1f1,Omon,mon,gn,20210113,100 km,intpp,Primary Organic Carbon Production by All Types of Phytoplankton,mol m-2 s-1,2011-01-01T00:00:00Z,2011-12-01T00:00:00Z,4487545,esgf.bsc.es,http://esgf.bsc.es/thredds/fileServer/esg_dataroot/a3bh-CMIP-r1/CMIP6/CMIP/EC-Earth-Consortium/EC-Earth3-CC/historical/r1i1p1f1/Omon/intpp/gn/v20210113/intpp_Omon_EC-Earth3-CC_historical_r1i1p1f1_gn_201101-201112.nc,hdl:21.14100/f9b9eccd-d03f-3d69-9465-ff0c9ef07bfd,hdl:21.14100/02302862-e6f1-4c42-bbc0-5976ed2a37ab,165,1850,1859,2014,2005,TRUE,decN,CMIP6.CMIP.EC-Earth-Consortium.EC-Earth3-CC.historical.r1i1p1f1.Omon.intpp.gn.v20210113,CMIP6.CMIP.EC-Earth-Consortium.EC-Earth3-CC.historical.r1i1p1f1.Omon.intpp.gn.v20210113.2005-2014.nc,/perm_storage/home/data/CMIP6_data/EC-Earth3-CC/historical,/perm_storage/home/data/CMIP6_data/EC-Earth3-CC/historical/CMIP6.CMIP.EC-Earth-Consortium.EC-Earth3-CC.historical.r1i1p1f1.Omon.intpp.gn.v20210113.2005-2014.nc
CMIP6.CMIP.EC-Earth-Consortium.EC-Earth3-CC.historical.r1i1p1f1.Omon.intpp.gn.v20210113.intpp_Omon_EC-Earth3-CC_historical_r1i1p1f1_gn_201201-201212.nc|esgf.bsc.es,CMIP6.CMIP.EC-Earth-Consortium.EC-Earth3-CC.historical.r1i1p1f1.Omon.intpp.gn.v20210113|esgf.bsc.es,CMIP6,CMIP,EC-Earth-Consortium,EC-Earth3-CC,historical,r1i1p1f1,Omon,mon,gn,20210113,100 km,intpp,Primary Organic Carbon Production by All Types of Phytoplankton,mol m-2 s-1,2012-01-01T00:00:00Z,2012-12-01T00:00:00Z,4489331,esgf.bsc.es,http://esgf.bsc.es/thredds/fileServer/esg_dataroot/a3bh-CMIP-r1/CMIP6/CMIP/EC-Earth-Consortium/EC-Earth3-CC/historical/r1i1p1f1/Omon/intpp/gn/v20210113/intpp_Omon_EC-Earth3-CC_historical_r1i1p1f1_gn_201201-201212.nc,hdl:21.14100/f9b9eccd-d03f-3d69-9465-ff0c9ef07bfd,hdl:21.14100/58e14c37-fd9a-4336-a3bd-3f2c246897ef,165,1850,1859,2014,2005,TRUE,decN,CMIP6.CMIP.EC-Earth-Consortium.EC-Earth3-CC.historical.r1i1p1f1.Omon.intpp.gn.v20210113,CMIP6.CMIP.EC-Earth-Consortium.EC-Earth3-CC.historical.r1i1p1f1.Omon.intpp.gn.v20210113.2005-2014.nc,/perm_storage/home/data/CMIP6_data/EC-Earth3-CC/historical,/perm_storage/home/data/CMIP6_data/EC-Earth3-CC/historical/CMIP6.CMIP.EC-Earth-Consortium.EC-Earth3-CC.historical.r1i1p1f1.Omon.intpp.gn.v20210113.2005-2014.nc
CMIP6.CMIP.EC-Earth-Consortium.EC-Earth3-CC.historical.r1i1p1f1.Omon.intpp.gn.v20210113.intpp_Omon_EC-Earth3-CC_historical_r1i1p1f1_gn_201301-201312.nc|esgf.bsc.es,CMIP6.CMIP.EC-Earth-Consortium.EC-Earth3-CC.historical.r1i1p1f1.Omon.intpp.gn.v20210113|esgf.bsc.es,CMIP6,CMIP,EC-Earth-Consortium,EC-Earth3-CC,historical,r1i1p1f1,Omon,mon,gn,20210113,100 km,intpp,Primary Organic Carbon Production by All Types of Phytoplankton,mol m-2 s-1,2013-01-01T00:00:00Z,2013-12-01T00:00:00Z,4488418,esgf.bsc.es,http://esgf.bsc.es/thredds/fileServer/esg_dataroot/a3bh-CMIP-r1/CMIP6/CMIP/EC-Earth-Consortium/EC-Earth3-CC/historical/r1i1p1f1/Omon/intpp/gn/v20210113/intpp_Omon_EC-Earth3-CC_historical_r1i1p1f1_gn_201301-201312.nc,hdl:21.14100/f9b9eccd-d03f-3d69-9465-ff0c9ef07bfd,hdl:21.14100/fcc1f59a-377d-4ac9-8915-f598ea39abbc,165,1850,1859,2014,2005,TRUE,decN,CMIP6.CMIP.EC-Earth-Consortium.EC-Earth3-CC.historical.r1i1p1f1.Omon.intpp.gn.v20210113,CMIP6.CMIP.EC-Earth-Consortium.EC-Earth3-CC.historical.r1i1p1f1.Omon.intpp.gn.v20210113.2005-2014.nc,/perm_storage/home/data/CMIP6_data/EC-Earth3-CC/historical,/perm_storage/home/data/CMIP6_data/EC-Earth3-CC/historical/CMIP6.CMIP.EC-Earth-Consortium.EC-Earth3-CC.historical.r1i1p1f1.Omon.intpp.gn.v20210113.2005-2014.nc
CMIP6.CMIP.EC-Earth-Consortium.EC-Earth3-CC.historical.r1i1p1f1.Omon.intpp.gn.v20210113.intpp_Omon_EC-Earth3-CC_historical_r1i1p1f1_gn_201401-201412.nc|esgf.bsc.es,CMIP6.CMIP.EC-Earth-Consortium.EC-Earth3-CC.historical.r1i1p1f1.Omon.intpp.gn.v20210113|esgf.bsc.es,CMIP6,CMIP,EC-Earth-Consortium,EC-Earth3-CC,historical,r1i1p1f1,Omon,mon,gn,20210113,100 km,intpp,Primary Organic Carbon Production by All Types of Phytoplankton,mol m-2 s-1,2014-01-01T00:00:00Z,2014-12-01T00:00:00Z,4487695,esgf.bsc.es,http://esgf.bsc.es/thredds/fileServer/esg_dataroot/a3bh-CMIP-r1/CMIP6/CMIP/EC-Earth-Consortium/EC-Earth3-CC/historical/r1i1p1f1/Omon/intpp/gn/v20210113/intpp_Omon_EC-Earth3-CC_historical_r1i1p1f1_gn_201401-201412.nc,hdl:21.14100/f9b9eccd-d03f-3d69-9465-ff0c9ef07bfd,hdl:21.14100/5fb8772e-1526-4f64-9eef-e44e3984dc14,165,1850,1859,2014,2005,TRUE,decN,CMIP6.CMIP.EC-Earth-Consortium.EC-Earth3-CC.historical.r1i1p1f1.Omon.intpp.gn.v20210113,CMIP6.CMIP.EC-Earth-Consortium.EC-Earth3-CC.historical.r1i1p1f1.Omon.intpp.gn.v20210113.2005-2014.nc,/perm_storage/home/data/CMIP6_data/EC-Earth3-CC/historical,/perm_storage/home/data/CMIP6_data/EC-Earth3-CC/historical/CMIP6.CMIP.EC-Earth-Consortium.EC-Earth3-CC.historical.r1i1p1f1.Omon.intpp.gn.v20210113.2005-2014.nc
CMIP6.ScenarioMIP.EC-Earth-Consortium.EC-Earth3-CC.ssp585.r1i1p1f1.Omon.intpp.gn.v20210113.intpp_Omon_EC-Earth3-CC_ssp585_r1i1p1f1_gn_201501-201512.nc|esgf.bsc.es,CMIP6.ScenarioMIP.EC-Earth-Consortium.EC-Earth3-CC.ssp585.r1i1p1f1.Omon.intpp.gn.v20210113|esgf.bsc.es,CMIP6,ScenarioMIP,EC-Earth-Consortium,EC-Earth3-CC,ssp585,r1i1p1f1,Omon,mon,gn,20210113,100 km,intpp,Primary Organic Carbon Production by All Types of Phytoplankton,mol m-2 s-1,2015-01-01T00:00:00Z,2015-12-01T00:00:00Z,4488574,esgf.bsc.es,http://esgf.bsc.es/thredds/fileServer/esg_dataroot/a3dm-ScenarioMIP-r1/CMIP6/ScenarioMIP/EC-Earth-Consortium/EC-Earth3-CC/ssp585/r1i1p1f1/Omon/intpp/gn/v20210113/intpp_Omon_EC-Earth3-CC_ssp585_r1i1p1f1_gn_201501-201512.nc,hdl:21.14100/d7cc5105-c91a-3ddc-9777-75f38b0eaa73,hdl:21.14100/766e9f8a-2539-4ed8-b610-cdc65cf9ea03,86,2015,2024,2100,2091,TRUE,dec0,CMIP6.ScenarioMIP.EC-Earth-Consortium.EC-Earth3-CC.ssp585.r1i1p1f1.Omon.intpp.gn.v20210113,CMIP6.ScenarioMIP.EC-Earth-Consortium.EC-Earth3-CC.ssp585.r1i1p1f1.Omon.intpp.gn.v20210113.2015-2024.nc,/perm_storage/home/data/CMIP6_data/EC-Earth3-CC/ssp585,/perm_storage/home/data/CMIP6_data/EC-Earth3-CC/ssp585/CMIP6.ScenarioMIP.EC-Earth-Consortium.EC-Earth3-CC.ssp585.r1i1p1f1.Omon.intpp.gn.v20210113.2015-2024.nc
CMIP6.ScenarioMIP.EC-Earth-Consortium.EC-Earth3-CC.ssp585.r1i1p1f1.Omon.intpp.gn.v20210113.intpp_Omon_EC-Earth3-CC_ssp585_r1i1p1f1_gn_201601-201612.nc|esgf.bsc.es,CMIP6.ScenarioMIP.EC-Earth-Consortium.EC-Earth3-CC.ssp585.r1i1p1f1.Omon.intpp.gn.v20210113|esgf.bsc.es,CMIP6,ScenarioMIP,EC-Earth-Consortium,EC-Earth3-CC,ssp585,r1i1p1f1,Omon,mon,gn,20210113,100 km,intpp,Primary Organic Carbon Production by All Types of Phytoplankton,mol m-2 s-1,2016-01-01T00:00:00Z,2016-12-01T00:00:00Z,4489177,esgf.bsc.es,http://esgf.bsc.es/thredds/fileServer/esg_dataroot/a3dm-ScenarioMIP-r1/CMIP6/ScenarioMIP/EC-Earth-Consortium/EC-Earth3-CC/ssp585/r1i1p1f1/Omon/intpp/gn/v20210113/intpp_Omon_EC-Earth3-CC_ssp585_r1i1p1f1_gn_201601-201612.nc,hdl:21.14100/d7cc5105-c91a-3ddc-9777-75f38b0eaa73,hdl:21.14100/d54fe6bd-7c4b-4e31-be2f-ffbc221f76e9,86,2015,2024,2100,2091,TRUE,dec0,CMIP6.ScenarioMIP.EC-Earth-Consortium.EC-Earth3-CC.ssp585.r1i1p1f1.Omon.intpp.gn.v20210113,CMIP6.ScenarioMIP.EC-Earth-Consortium.EC-Earth3-CC.ssp585.r1i1p1f1.Omon.intpp.gn.v20210113.2015-2024.nc,/perm_storage/home/data/CMIP6_data/EC-Earth3-CC/ssp585,/perm_storage/home/data/CMIP6_data/EC-Earth3-CC/ssp585/CMIP6.ScenarioMIP.EC-Earth-Consortium.EC-Earth3-CC.ssp585.r1i1p1f1.Omon.intpp.gn.v20210113.2015-2024.nc
CMIP6.ScenarioMIP.EC-Earth-Consortium.EC-Earth3-CC.ssp585.r1i1p1f1.Omon.intpp.gn.v20210113.intpp_Omon_EC-Earth3-CC_ssp585_r1i1p1f1_gn_201701-201712.nc|esgf.bsc.es,CMIP6.ScenarioMIP.EC-Earth-Consortium.EC-Earth3-CC.ssp585.r1i1p1f1.Omon.intpp.gn.v20210113|esgf.bsc.es,CMIP6,ScenarioMIP,EC-Earth-Consortium,EC-Earth3-CC,ssp585,r1i1p1f1,Omon,mon,gn,20210113,100 km,intpp,Primary Organic Carbon Production by All Types of Phytoplankton,mol m-2 s-1,2017-01-01T00:00:00Z,2017-12-01T00:00:00Z,4489634,esgf.bsc.es,http://esgf.bsc.es/thredds/fileServer/esg_dataroot/a3dm-ScenarioMIP-r1/CMIP6/ScenarioMIP/EC-Earth-Consortium/EC-Earth3-CC/ssp585/r1i1p1f1/Omon/intpp/gn/v20210113/intpp_Omon_EC-Earth3-CC_ssp585_r1i1p1f1_gn_201701-201712.nc,hdl:21.14100/d7cc5105-c91a-3ddc-9777-75f38b0eaa73,hdl:21.14100/3f8ac587-49f3-4c0a-b429-4b4506378343,86,2015,2024,2100,2091,TRUE,dec0,CMIP6.ScenarioMIP.EC-Earth-Consortium.EC-Earth3-CC.ssp585.r1i1p1f1.Omon.intpp.gn.v20210113,CMIP6.ScenarioMIP.EC-Earth-Consortium.EC-Earth3-CC.ssp585.r1i1p1f1.Omon.intpp.gn.v20210113.2015-2024.nc,/perm_storage/home/data/CMIP6_data/EC-Earth3-CC/ssp585,/perm_storage/home/data/CMIP6_data/EC-Earth3-CC/ssp585/CMIP6.ScenarioMIP.EC-Earth-Consortium.EC-Earth3-CC.ssp585.r1i1p1f1.Omon.intpp.gn.v20210113.2015-2024.nc
CMIP6.ScenarioMIP.EC-Earth-Consortium.EC-Earth3-CC.ssp585.r1i1p1f1.Omon.intpp.gn.v20210113.intpp_Omon_EC-Earth3-CC_ssp585_r1i1p1f1_gn_201801-201812.nc|esgf.bsc.es,CMIP6.ScenarioMIP.EC-Earth-Consortium.EC-Earth3-CC.ssp585.r1i1p1f1.Omon.intpp.gn.v20210113|esgf.bsc.es,CMIP6,ScenarioMIP,EC-Earth-Consortium,EC-Earth3-CC,ssp585,r1i1p1f1,Omon,mon,gn,20210113,100 km,intpp,Primary Organic Carbon Production by All Types of Phytoplankton,mol m-2 s-1,2018-01-01T00:00:00Z,2018-12-01T00:00:00Z,4488481,esgf.bsc.es,http://esgf.bsc.es/thredds/fileServer/esg_dataroot/a3dm-ScenarioMIP-r1/CMIP6/ScenarioMIP/EC-Earth-Consortium/EC-Earth3-CC/ssp585/r1i1p1f1/Omon/intpp/gn/v20210113/intpp_Omon_EC-Earth3-CC_ssp585_r1i1p1f1_gn_201801-201812.nc,hdl:21.14100/d7cc5105-c91a-3ddc-9777-75f38b0eaa73,hdl:21.14100/e4e52869-03c3-404b-bdeb-51cbbf77aede,86,2015,2024,2100,2091,TRUE,dec0,CMIP6.ScenarioMIP.EC-Earth-Consortium.EC-Earth3-CC.ssp585.r1i1p1f1.Omon.intpp.gn.v20210113,CMIP6.ScenarioMIP.EC-Earth-Consortium.EC-Earth3-CC.ssp585.r1i1p1f1.Omon.intpp.gn.v20210113.2015-2024.nc,/perm_storage/home/data/CMIP6_data/EC-Earth3-CC/ssp585,/perm_storage/home/data/CMIP6_data/EC-Earth3-CC/ssp585/CMIP6.ScenarioMIP.EC-Earth-Consortium.EC-Earth3-CC.ssp585.r1i1p1f1.Omon.intpp.gn.v20210113.2015-2024.nc
CMIP6.ScenarioMIP.EC-Earth-Consortium.EC-Earth3-CC.ssp585.r1i1p1f1.Omon.intpp.gn.v20210113.intpp_Omon_EC-Earth3-CC_ssp585_r1i1p1f1_gn_201901-201912.nc|esgf.bsc.es,CMIP6.ScenarioMIP.EC-Earth-Consortium.EC-Earth3-CC.ssp585.r1i1p1f1.Omon.intpp.gn.v20210113|esgf.bsc.es,CMIP6,ScenarioMIP,EC-Earth-Consortium,EC-Earth3-CC,ssp585,r1i1p1f1,Omon,mon,gn,20210113,100 km,intpp,Primary Organic Carbon Production by All Types of Phytoplankton,mol m-2 s-1,2019-01-01T00:00:00Z,2019-12-01T00:00:00Z,4487912,esgf.bsc.es,http://esgf.bsc.es/thredds/fileServer/esg_dataroot/a3dm-ScenarioMIP-r1/CMIP6/ScenarioMIP/EC-Earth-Consortium/EC-Earth3-CC/ssp585/r1i1p1f1/Omon/intpp/gn/v20210113/intpp_Omon_EC-Earth3-CC_ssp585_r1i1p1f1_gn_201901-201912.nc,hdl:21.14100/d7cc5105-c91a-3ddc-9777-75f38b0eaa73,hdl:21.14100/2ffcaf47-e6a7-4210-b539-a7cbe577af6c,86,2015,2024,2100,2091,TRUE,dec0,CMIP6.ScenarioMIP.EC-Earth-Consortium.EC-Earth3-CC.ssp585.r1i1p1f1.Omon.intpp.gn.v20210113,CMIP6.ScenarioMIP.EC-Earth-Consortium.EC-Earth3-CC.ssp585.r1i1p1f1.Omon.intpp.gn.v20210113.2015-2024.nc,/perm_storage/home/data/CMIP6_data/EC-Earth3-CC/ssp585,/perm_storage/home/data/CMIP6_data/EC-Earth3-CC/ssp585/CMIP6.ScenarioMIP.EC-Earth-Consortium.EC-Earth3-CC.ssp585.r1i1p1f1.Omon.intpp.gn.v20210113.2015-2024.nc
CMIP6.ScenarioMIP.EC-Earth-Consortium.EC-Earth3-CC.ssp585.r1i1p1f1.Omon.intpp.gn.v20210113.intpp_Omon_EC-Earth3-CC_ssp585_r1i1p1f1_gn_202001-202012.nc|esgf.bsc.es,CMIP6.ScenarioMIP.EC-Earth-Consortium.EC-Earth3-CC.ssp585.r1i1p1f1.Omon.intpp.gn.v20210113|esgf.bsc.es,CMIP6,ScenarioMIP,EC-Earth-Consortium,EC-Earth3-CC,ssp585,r1i1p1f1,Omon,mon,gn,20210113,100 km,intpp,Primary Organic Carbon Production by All Types of Phytoplankton,mol m-2 s-1,2020-01-01T00:00:00Z,2020-12-01T00:00:00Z,4491544,esgf.bsc.es,http://esgf.bsc.es/thredds/fileServer/esg_dataroot/a3dm-ScenarioMIP-r1/CMIP6/ScenarioMIP/EC-Earth-Consortium/EC-Earth3-CC/ssp585/r1i1p1f1/Omon/intpp/gn/v20210113/intpp_Omon_EC-Earth3-CC_ssp585_r1i1p1f1_gn_202001-202012.nc,hdl:21.14100/d7cc5105-c91a-3ddc-9777-75f38b0eaa73,hdl:21.14100/bebe7043-9f24-4e58-af94-f17c2f123640,86,2015,2024,2100,2091,TRUE,dec0,CMIP6.ScenarioMIP.EC-Earth-Consortium.EC-Earth3-CC.ssp585.r1i1p1f1.Omon.intpp.gn.v20210113,CMIP6.ScenarioMIP.EC-Earth-Consortium.EC-Earth3-CC.ssp585.r1i1p1f1.Omon.intpp.gn.v20210113.2015-2024.nc,/perm_storage/home/data/CMIP6_data/EC-Earth3-CC/ssp585,/perm_storage/home/data/CMIP6_data/EC-Earth3-CC/ssp585/CMIP6.ScenarioMIP.EC-Earth-Consortium.EC-Earth3-CC.ssp585.r1i1p1f1.Omon.intpp.gn.v20210113.2015-2024.nc
CMIP6.ScenarioMIP.EC-Earth-Consortium.EC-Earth3-CC.ssp585.r1i1p1f1.Omon.intpp.gn.v20210113.intpp_Omon_EC-Earth3-CC_ssp585_r1i1p1f1_gn_202101-202112.nc|esgf.bsc.es,CMIP6.ScenarioMIP.EC-Earth-Consortium.EC-Earth3-CC.ssp585.r1i1p1f1.Omon.intpp.gn.v20210113|esgf.bsc.es,CMIP6,ScenarioMIP,EC-Earth-Consortium,EC-Earth3-CC,ssp585,r1i1p1f1,Omon,mon,gn,20210113,100 km,intpp,Primary Organic Carbon Production by All Types of Phytoplankton,mol m-2 s-1,2021-01-01T00:00:00Z,2021-12-01T00:00:00Z,4490239,esgf.bsc.es,http://esgf.bsc.es/thredds/fileServer/esg_dataroot/a3dm-ScenarioMIP-r1/CMIP6/ScenarioMIP/EC-Earth-Consortium/EC-Earth3-CC/ssp585/r1i1p1f1/Omon/intpp/gn/v20210113/intpp_Omon_EC-Earth3-CC_ssp585_r1i1p1f1_gn_202101-202112.nc,hdl:21.14100/d7cc5105-c91a-3ddc-9777-75f38b0eaa73,hdl:21.14100/1af0c726-f9c7-464a-a578-057fe786f69e,86,2015,2024,2100,2091,TRUE,dec0,CMIP6.ScenarioMIP.EC-Earth-Consortium.EC-Earth3-CC.ssp585.r1i1p1f1.Omon.intpp.gn.v20210113,CMIP6.ScenarioMIP.EC-Earth-Consortium.EC-Earth3-CC.ssp585.r1i1p1f1.Omon.intpp.gn.v20210113.2015-2024.nc,/perm_storage/home/data/CMIP6_data/EC-Earth3-CC/ssp585,/perm_storage/home/data/CMIP6_data/EC-Earth3-CC/ssp585/CMIP6.ScenarioMIP.EC-Earth-Consortium.EC-Earth3-CC.ssp585.r1i1p1f1.Omon.intpp.gn.v20210113.2015-2024.nc
CMIP6.ScenarioMIP.EC-Earth-Consortium.EC-Earth3-CC.ssp585.r1i1p1f1.Omon.intpp.gn.v20210113.intpp_Omon_EC-Earth3-CC_ssp585_r1i1p1f1_gn_202201-202212.nc|esgf.bsc.es,CMIP6.ScenarioMIP.EC-Earth-Consortium.EC-Earth3-CC.ssp585.r1i1p1f1.Omon.intpp.gn.v20210113|esgf.bsc.es,CMIP6,ScenarioMIP,EC-Earth-Consortium,EC-Earth3-CC,ssp585,r1i1p1f1,Omon,mon,gn,20210113,100 km,intpp,Primary Organic Carbon Production by All Types of Phytoplankton,mol m-2 s-1,2022-01-01T00:00:00Z,2022-12-01T00:00:00Z,4487950,esgf.bsc.es,http://esgf.bsc.es/thredds/fileServer/esg_dataroot/a3dm-ScenarioMIP-r1/CMIP6/ScenarioMIP/EC-Earth-Consortium/EC-Earth3-CC/ssp585/r1i1p1f1/Omon/intpp/gn/v20210113/intpp_Omon_EC-Earth3-CC_ssp585_r1i1p1f1_gn_202201-202212.nc,hdl:21.14100/d7cc5105-c91a-3ddc-9777-75f38b0eaa73,hdl:21.14100/73d3ecbb-a163-4425-a0fe-0f8e52ddd084,86,2015,2024,2100,2091,TRUE,dec0,CMIP6.ScenarioMIP.EC-Earth-Consortium.EC-Earth3-CC.ssp585.r1i1p1f1.Omon.intpp.gn.v20210113,CMIP6.ScenarioMIP.EC-Earth-Consortium.EC-Earth3-CC.ssp585.r1i1p1f1.Omon.intpp.gn.v20210113.2015-2024.nc,/perm_storage/home/data/CMIP6_data/EC-Earth3-CC/ssp585,/perm_storage/home/data/CMIP6_data/EC-Earth3-CC/ssp585/CMIP6.ScenarioMIP.EC-Earth-Consortium.EC-Earth3-CC.ssp585.r1i1p1f1.Omon.intpp.gn.v20210113.2015-2024.nc
CMIP6.ScenarioMIP.EC-Earth-Consortium.EC-Earth3-CC.ssp585.r1i1p1f1.Omon.intpp.gn.v20210113.intpp_Omon_EC-Earth3-CC_ssp585_r1i1p1f1_gn_202301-202312.nc|esgf.bsc.es,CMIP6.ScenarioMIP.EC-Earth-Consortium.EC-Earth3-CC.ssp585.r1i1p1f1.Omon.intpp.gn.v20210113|esgf.bsc.es,CMIP6,ScenarioMIP,EC-Earth-Consortium,EC-Earth3-CC,ssp585,r1i1p1f1,Omon,mon,gn,20210113,100 km,intpp,Primary Organic Carbon Production by All Types of Phytoplankton,mol m-2 s-1,2023-01-01T00:00:00Z,2023-12-01T00:00:00Z,4490487,esgf.bsc.es,http://esgf.bsc.es/thredds/fileServer/esg_dataroot/a3dm-ScenarioMIP-r1/CMIP6/ScenarioMIP/EC-Earth-Consortium/EC-Earth3-CC/ssp585/r1i1p1f1/Omon/intpp/gn/v20210113/intpp_Omon_EC-Earth3-CC_ssp585_r1i1p1f1_gn_202301-202312.nc,hdl:21.14100/d7cc5105-c91a-3ddc-9777-75f38b0eaa73,hdl:21.14100/1c2a149b-d313-4927-8822-ea213de9f614,86,2015,2024,2100,2091,TRUE,dec0,CMIP6.ScenarioMIP.EC-Earth-Consortium.EC-Earth3-CC.ssp585.r1i1p1f1.Omon.intpp.gn.v20210113,CMIP6.ScenarioMIP.EC-Earth-Consortium.EC-Earth3-CC.ssp585.r1i1p1f1.Omon.intpp.gn.v20210113.2015-2024.nc,/perm_storage/home/data/CMIP6_data/EC-Earth3-CC/ssp585,/perm_storage/home/data/CMIP6_data/EC-Earth3-CC/ssp585/CMIP6.ScenarioMIP.EC-Earth-Consortium.EC-Earth3-CC.ssp585.r1i1p1f1.Omon.intpp.gn.v20210113.2015-2024.nc
CMIP6.ScenarioMIP.EC-Earth-Consortium.EC-Earth3-CC.ssp585.r1i1p1f1.Omon.intpp.gn.v20210113.intpp_Omon_EC-Earth3-CC_ssp585_r1i1p1f1_gn_202401-202412.nc|esgf.bsc.es,CMIP6.ScenarioMIP.EC-Earth-Consortium.EC-Earth3-CC.ssp585.r1i1p1f1.Omon.intpp.gn.v20210113|esgf.bsc.es,CMIP6,ScenarioMIP,EC-Earth-Consortium,EC-Earth3-CC,ssp585,r1i1p1f1,Omon,mon,gn,20210113,100 km,intpp,Primary Organic Carbon Production by All Types of Phytoplankton,mol m-2 s-1,2024-01-01T00:00:00Z,2024-12-01T00:00:00Z,4490213,esgf.bsc.es,http://esgf.bsc.es/thredds/fileServer/esg_dataroot/a3dm-ScenarioMIP-r1/CMIP6/ScenarioMIP/EC-Earth-Consortium/EC-Earth3-CC/ssp585/r1i1p1f1/Omon/intpp/gn/v20210113/intpp_Omon_EC-Earth3-CC_ssp585_r1i1p1f1_gn_202401-202412.nc,hdl:21.14100/d7cc5105-c91a-3ddc-9777-75f38b0eaa73,hdl:21.14100/a8f84ce1-55f9-4dd4-9c66-77c194018acf,86,2015,2024,2100,2091,TRUE,dec0,CMIP6.ScenarioMIP.EC-Earth-Consortium.EC-Earth3-CC.ssp585.r1i1p1f1.Omon.intpp.gn.v20210113,CMIP6.ScenarioMIP.EC-Earth-Consortium.EC-Earth3-CC.ssp585.r1i1p1f1.Omon.intpp.gn.v20210113.2015-2024.nc,/perm_storage/home/data/CMIP6_data/EC-Earth3-CC/ssp585,/perm_storage/home/data/CMIP6_data/EC-Earth3-CC/ssp585/CMIP6.ScenarioMIP.EC-Earth-Consortium.EC-Earth3-CC.ssp585.r1i1p1f1.Omon.intpp.gn.v20210113.2015-2024.nc
CMIP6.ScenarioMIP.EC-Earth-Consortium.EC-Earth3-CC.ssp585.r1i1p1f1.Omon.intpp.gn.v20210113.intpp_Omon_EC-Earth3-CC_ssp585_r1i1p1f1_gn_209101-209112.nc|esgf.bsc.es,CMIP6.ScenarioMIP.EC-Earth-Consortium.EC-Earth3-CC.ssp585.r1i1p1f1.Omon.intpp.gn.v20210113|esgf.bsc.es,CMIP6,ScenarioMIP,EC-Earth-Consortium,EC-Earth3-CC,ssp585,r1i1p1f1,Omon,mon,gn,20210113,100 km,intpp,Primary Organic Carbon Production by All Types of Phytoplankton,mol m-2 s-1,2091-01-01T00:00:00Z,2091-12-01T00:00:00Z,4482776,esgf.bsc.es,http://esgf.bsc.es/thredds/fileServer/esg_dataroot/a3dm-ScenarioMIP-r1/CMIP6/ScenarioMIP/EC-Earth-Consortium/EC-Earth3-CC/ssp585/r1i1p1f1/Omon/intpp/gn/v20210113/intpp_Omon_EC-Earth3-CC_ssp585_r1i1p1f1_gn_209101-209112.nc,hdl:21.14100/d7cc5105-c91a-3ddc-9777-75f38b0eaa73,hdl:21.14100/c8d45fc2-2f47-4cf7-a994-e5a3a0ff9cca,86,2015,2024,2100,2091,TRUE,decN,CMIP6.ScenarioMIP.EC-Earth-Consortium.EC-Earth3-CC.ssp585.r1i1p1f1.Omon.intpp.gn.v20210113,CMIP6.ScenarioMIP.EC-Earth-Consortium.EC-Earth3-CC.ssp585.r1i1p1f1.Omon.intpp.gn.v20210113.2091-2100.nc,/perm_storage/home/data/CMIP6_data/EC-Earth3-CC/ssp585,/perm_storage/home/data/CMIP6_data/EC-Earth3-CC/ssp585/CMIP6.ScenarioMIP.EC-Earth-Consortium.EC-Earth3-CC.ssp585.r1i1p1f1.Omon.intpp.gn.v20210113.2091-2100.nc
CMIP6.ScenarioMIP.EC-Earth-Consortium.EC-Earth3-CC.ssp585.r1i1p1f1.Omon.intpp.gn.v20210113.intpp_Omon_EC-Earth3-CC_ssp585_r1i1p1f1_gn_209201-209212.nc|esgf.bsc.es,CMIP6.ScenarioMIP.EC-Earth-Consortium.EC-Earth3-CC.ssp585.r1i1p1f1.Omon.intpp.gn.v20210113|esgf.bsc.es,CMIP6,ScenarioMIP,EC-Earth-Consortium,EC-Earth3-CC,ssp585,r1i1p1f1,Omon,mon,gn,20210113,100 km,intpp,Primary Organic Carbon Production by All Types of Phytoplankton,mol m-2 s-1,2092-01-01T00:00:00Z,2092-12-01T00:00:00Z,4484232,esgf.bsc.es,http://esgf.bsc.es/thredds/fileServer/esg_dataroot/a3dm-ScenarioMIP-r1/CMIP6/ScenarioMIP/EC-Earth-Consortium/EC-Earth3-CC/ssp585/r1i1p1f1/Omon/intpp/gn/v20210113/intpp_Omon_EC-Earth3-CC_ssp585_r1i1p1f1_gn_209201-209212.nc,hdl:21.14100/d7cc5105-c91a-3ddc-9777-75f38b0eaa73,hdl:21.14100/b37f36cd-2e03-4606-94b3-44915ac022b4,86,2015,2024,2100,2091,TRUE,decN,CMIP6.ScenarioMIP.EC-Earth-Consortium.EC-Earth3-CC.ssp585.r1i1p1f1.Omon.intpp.gn.v20210113,CMIP6.ScenarioMIP.EC-Earth-Consortium.EC-Earth3-CC.ssp585.r1i1p1f1.Omon.intpp.gn.v20210113.2091-2100.nc,/perm_storage/home/data/CMIP6_data/EC-Earth3-CC/ssp585,/perm_storage/home/data/CMIP6_data/EC-Earth3-CC/ssp585/CMIP6.ScenarioMIP.EC-Earth-Consortium.EC-Earth3-CC.ssp585.r1i1p1f1.Omon.intpp.gn.v20210113.2091-2100.nc
CMIP6.ScenarioMIP.EC-Earth-Consortium.EC-Earth3-CC.ssp585.r1i1p1f1.Omon.intpp.gn.v20210113.intpp_Omon_EC-Earth3-CC_ssp585_r1i1p1f1_gn_209301-209312.nc|esgf.bsc.es,CMIP6.ScenarioMIP.EC-Earth-Consortium.EC-Earth3-CC.ssp585.r1i1p1f1.Omon.intpp.gn.v20210113|esgf.bsc.es,CMIP6,ScenarioMIP,EC-Earth-Consortium,EC-Earth3-CC,ssp585,r1i1p1f1,Omon,mon,gn,20210113,100 km,intpp,Primary Organic Carbon Production by All Types of Phytoplankton,mol m-2 s-1,2093-01-01T00:00:00Z,2093-12-01T00:00:00Z,4483773,esgf.bsc.es,http://esgf.bsc.es/thredds/fileServer/esg_dataroot/a3dm-ScenarioMIP-r1/CMIP6/ScenarioMIP/EC-Earth-Consortium/EC-Earth3-CC/ssp585/r1i1p1f1/Omon/intpp/gn/v20210113/intpp_Omon_EC-Earth3-CC_ssp585_r1i1p1f1_gn_209301-209312.nc,hdl:21.14100/d7cc5105-c91a-3ddc-9777-75f38b0eaa73,hdl:21.14100/a4079592-d219-4f07-9762-0d770ac1b40f,86,2015,2024,2100,2091,TRUE,decN,CMIP6.ScenarioMIP.EC-Earth-Consortium.EC-Earth3-CC.ssp585.r1i1p1f1.Omon.intpp.gn.v20210113,CMIP6.ScenarioMIP.EC-Earth-Consortium.EC-Earth3-CC.ssp585.r1i1p1f1.Omon.intpp.gn.v20210113.2091-2100.nc,/perm_storage/home/data/CMIP6_data/EC-Earth3-CC/ssp585,/perm_storage/home/data/CMIP6_data/EC-Earth3-CC/ssp585/CMIP6.ScenarioMIP.EC-Earth-Consortium.EC-Earth3-CC.ssp585.r1i1p1f1.Omon.intpp.gn.v20210113.2091-2100.nc
CMIP6.ScenarioMIP.EC-Earth-Consortium.EC-Earth3-CC.ssp585.r1i1p1f1.Omon.intpp.gn.v20210113.intpp_Omon_EC-Earth3-CC_ssp585_r1i1p1f1_gn_209401-209412.nc|esgf.bsc.es,CMIP6.ScenarioMIP.EC-Earth-Consortium.EC-Earth3-CC.ssp585.r1i1p1f1.Omon.intpp.gn.v20210113|esgf.bsc.es,CMIP6,ScenarioMIP,EC-Earth-Consortium,EC-Earth3-CC,ssp585,r1i1p1f1,Omon,mon,gn,20210113,100 km,intpp,Primary Organic Carbon Production by All Types of Phytoplankton,mol m-2 s-1,2094-01-01T00:00:00Z,2094-12-01T00:00:00Z,4483445,esgf.bsc.es,http://esgf.bsc.es/thredds/fileServer/esg_dataroot/a3dm-ScenarioMIP-r1/CMIP6/ScenarioMIP/EC-Earth-Consortium/EC-Earth3-CC/ssp585/r1i1p1f1/Omon/intpp/gn/v20210113/intpp_Omon_EC-Earth3-CC_ssp585_r1i1p1f1_gn_209401-209412.nc,hdl:21.14100/d7cc5105-c91a-3ddc-9777-75f38b0eaa73,hdl:21.14100/8e731b62-7a4c-4bab-8c28-43fab9069cf1,86,2015,2024,2100,2091,TRUE,decN,CMIP6.ScenarioMIP.EC-Earth-Consortium.EC-Earth3-CC.ssp585.r1i1p1f1.Omon.intpp.gn.v20210113,CMIP6.ScenarioMIP.EC-Earth-Consortium.EC-Earth3-CC.ssp585.r1i1p1f1.Omon.intpp.gn.v20210113.2091-2100.nc,/perm_storage/home/data/CMIP6_data/EC-Earth3-CC/ssp585,/perm_storage/home/data/CMIP6_data/EC-Earth3-CC/ssp585/CMIP6.ScenarioMIP.EC-Earth-Consortium.EC-Earth3-CC.ssp585.r1i1p1f1.Omon.intpp.gn.v20210113.2091-2100.nc
CMIP6.ScenarioMIP.EC-Earth-Consortium.EC-Earth3-CC.ssp585.r1i1p1f1.Omon.intpp.gn.v20210113.intpp_Omon_EC-Earth3-CC_ssp585_r1i1p1f1_gn_209501-209512.nc|esgf.bsc.es,CMIP6.ScenarioMIP.EC-Earth-Consortium.EC-Earth3-CC.ssp585.r1i1p1f1.Omon.intpp.gn.v20210113|esgf.bsc.es,CMIP6,ScenarioMIP,EC-Earth-Consortium,EC-Earth3-CC,ssp585,r1i1p1f1,Omon,mon,gn,20210113,100 km,intpp,Primary Organic Carbon Production by All Types of Phytoplankton,mol m-2 s-1,2095-01-01T00:00:00Z,2095-12-01T00:00:00Z,4483726,esgf.bsc.es,http://esgf.bsc.es/thredds/fileServer/esg_dataroot/a3dm-ScenarioMIP-r1/CMIP6/ScenarioMIP/EC-Earth-Consortium/EC-Earth3-CC/ssp585/r1i1p1f1/Omon/intpp/gn/v20210113/intpp_Omon_EC-Earth3-CC_ssp585_r1i1p1f1_gn_209501-209512.nc,hdl:21.14100/d7cc5105-c91a-3ddc-9777-75f38b0eaa73,hdl:21.14100/54ceacd0-3a5c-4cb2-817a-67ab4591efcb,86,2015,2024,2100,2091,TRUE,decN,CMIP6.ScenarioMIP.EC-Earth-Consortium.EC-Earth3-CC.ssp585.r1i1p1f1.Omon.intpp.gn.v20210113,CMIP6.ScenarioMIP.EC-Earth-Consortium.EC-Earth3-CC.ssp585.r1i1p1f1.Omon.intpp.gn.v20210113.2091-2100.nc,/perm_storage/home/data/CMIP6_data/EC-Earth3-CC/ssp585,/perm_storage/home/data/CMIP6_data/EC-Earth3-CC/ssp585/CMIP6.ScenarioMIP.EC-Earth-Consortium.EC-Earth3-CC.ssp585.r1i1p1f1.Omon.intpp.gn.v20210113.2091-2100.nc
CMIP6.ScenarioMIP.EC-Earth-Consortium.EC-Earth3-CC.ssp585.r1i1p1f1.Omon.intpp.gn.v20210113.intpp_Omon_EC-Earth3-CC_ssp585_r1i1p1f1_gn_209601-209612.nc|esgf.bsc.es,CMIP6.ScenarioMIP.EC-Earth-Consortium.EC-Earth3-CC.ssp585.r1i1p1f1.Omon.intpp.gn.v20210113|esgf.bsc.es,CMIP6,ScenarioMIP,EC-Earth-Consortium,EC-Earth3-CC,ssp585,r1i1p1f1,Omon,mon,gn,20210113,100 km,intpp,Primary Organic Carbon Production by All Types of Phytoplankton,mol m-2 s-1,2096-01-01T00:00:00Z,2096-12-01T00:00:00Z,4483285,esgf.bsc.es,http://esgf.bsc.es/thredds/fileServer/esg_dataroot/a3dm-ScenarioMIP-r1/CMIP6/ScenarioMIP/EC-Earth-Consortium/EC-Earth3-CC/ssp585/r1i1p1f1/Omon/intpp/gn/v20210113/intpp_Omon_EC-Earth3-CC_ssp585_r1i1p1f1_gn_209601-209612.nc,hdl:21.14100/d7cc5105-c91a-3ddc-9777-75f38b0eaa73,hdl:21.14100/146ae5bc-cc34-4467-b73c-09d2d9818fa2,86,2015,2024,2100,2091,TRUE,decN,CMIP6.ScenarioMIP.EC-Earth-Consortium.EC-Earth3-CC.ssp585.r1i1p1f1.Omon.intpp.gn.v20210113,CMIP6.ScenarioMIP.EC-Earth-Consortium.EC-Earth3-CC.ssp585.r1i1p1f1.Omon.intpp.gn.v20210113.2091-2100.nc,/perm_storage/home/data/CMIP6_data/EC-Earth3-CC/ssp585,/perm_storage/home/data/CMIP6_data/EC-Earth3-CC/ssp585/CMIP6.ScenarioMIP.EC-Earth-Consortium.EC-Earth3-CC.ssp585.r1i1p1f1.Omon.intpp.gn.v20210113.2091-2100.nc
CMIP6.ScenarioMIP.EC-Earth-Consortium.EC-Earth3-CC.ssp585.r1i1p1f1.Omon.intpp.gn.v20210113.intpp_Omon_EC-Earth3-CC_ssp585_r1i1p1f1_gn_209701-209712.nc|esgf.bsc.es,CMIP6.ScenarioMIP.EC-Earth-Consortium.EC-Earth3-CC.ssp585.r1i1p1f1.Omon.intpp.gn.v20210113|esgf.bsc.es,CMIP6,ScenarioMIP,EC-Earth-Consortium,EC-Earth3-CC,ssp585,r1i1p1f1,Omon,mon,gn,20210113,100 km,intpp,Primary Organic Carbon Production by All Types of Phytoplankton,mol m-2 s-1,2097-01-01T00:00:00Z,2097-12-01T00:00:00Z,4484303,esgf.bsc.es,http://esgf.bsc.es/thredds/fileServer/esg_dataroot/a3dm-ScenarioMIP-r1/CMIP6/ScenarioMIP/EC-Earth-Consortium/EC-Earth3-CC/ssp585/r1i1p1f1/Omon/intpp/gn/v20210113/intpp_Omon_EC-Earth3-CC_ssp585_r1i1p1f1_gn_209701-209712.nc,hdl:21.14100/d7cc5105-c91a-3ddc-9777-75f38b0eaa73,hdl:21.14100/036d5255-300a-4047-931c-608ccc083c3b,86,2015,2024,2100,2091,TRUE,decN,CMIP6.ScenarioMIP.EC-Earth-Consortium.EC-Earth3-CC.ssp585.r1i1p1f1.Omon.intpp.gn.v20210113,CMIP6.ScenarioMIP.EC-Earth-Consortium.EC-Earth3-CC.ssp585.r1i1p1f1.Omon.intpp.gn.v20210113.2091-2100.nc,/perm_storage/home/data/CMIP6_data/EC-Earth3-CC/ssp585,/perm_storage/home/data/CMIP6_data/EC-Earth3-CC/ssp585/CMIP6.ScenarioMIP.EC-Earth-Consortium.EC-Earth3-CC.ssp585.r1i1p1f1.Omon.intpp.gn.v20210113.2091-2100.nc
CMIP6.ScenarioMIP.EC-Earth-Consortium.EC-Earth3-CC.ssp585.r1i1p1f1.Omon.intpp.gn.v20210113.intpp_Omon_EC-Earth3-CC_ssp585_r1i1p1f1_gn_209801-209812.nc|esgf.bsc.es,CMIP6.ScenarioMIP.EC-Earth-Consortium.EC-Earth3-CC.ssp585.r1i1p1f1.Omon.intpp.gn.v20210113|esgf.bsc.es,CMIP6,ScenarioMIP,EC-Earth-Consortium,EC-Earth3-CC,ssp585,r1i1p1f1,Omon,mon,gn,20210113,100 km,intpp,Primary Organic Carbon Production by All Types of Phytoplankton,mol m-2 s-1,2098-01-01T00:00:00Z,2098-12-01T00:00:00Z,4484280,esgf.bsc.es,http://esgf.bsc.es/thredds/fileServer/esg_dataroot/a3dm-ScenarioMIP-r1/CMIP6/ScenarioMIP/EC-Earth-Consortium/EC-Earth3-CC/ssp585/r1i1p1f1/Omon/intpp/gn/v20210113/intpp_Omon_EC-Earth3-CC_ssp585_r1i1p1f1_gn_209801-209812.nc,hdl:21.14100/d7cc5105-c91a-3ddc-9777-75f38b0eaa73,hdl:21.14100/29e71265-63ed-404d-ad37-369d1e6cf36f,86,2015,2024,2100,2091,TRUE,decN,CMIP6.ScenarioMIP.EC-Earth-Consortium.EC-Earth3-CC.ssp585.r1i1p1f1.Omon.intpp.gn.v20210113,CMIP6.ScenarioMIP.EC-Earth-Consortium.EC-Earth3-CC.ssp585.r1i1p1f1.Omon.intpp.gn.v20210113.2091-2100.nc,/perm_storage/home/data/CMIP6_data/EC-Earth3-CC/ssp585,/perm_storage/home/data/CMIP6_data/EC-Earth3-CC/ssp585/CMIP6.ScenarioMIP.EC-Earth-Consortium.EC-Earth3-CC.ssp585.r1i1p1f1.Omon.intpp.gn.v20210113.2091-2100.nc
CMIP6.ScenarioMIP.EC-Earth-Consortium.EC-Earth3-CC.ssp585.r1i1p1f1.Omon.intpp.gn.v20210113.intpp_Omon_EC-Earth3-CC_ssp585_r1i1p1f1_gn_209901-209912.nc|esgf.bsc.es,CMIP6.ScenarioMIP.EC-Earth-Consortium.EC-Earth3-CC.ssp585.r1i1p1f1.Omon.intpp.gn.v20210113|esgf.bsc.es,CMIP6,ScenarioMIP,EC-Earth-Consortium,EC-Earth3-CC,ssp585,r1i1p1f1,Omon,mon,gn,20210113,100 km,intpp,Primary Organic Carbon Production by All Types of Phytoplankton,mol m-2 s-1,2099-01-01T00:00:00Z,2099-12-01T00:00:00Z,4484115,esgf.bsc.es,http://esgf.bsc.es/thredds/fileServer/esg_dataroot/a3dm-ScenarioMIP-r1/CMIP6/ScenarioMIP/EC-Earth-Consortium/EC-Earth3-CC/ssp585/r1i1p1f1/Omon/intpp/gn/v20210113/intpp_Omon_EC-Earth3-CC_ssp585_r1i1p1f1_gn_209901-209912.nc,hdl:21.14100/d7cc5105-c91a-3ddc-9777-75f38b0eaa73,hdl:21.14100/638d31ae-295a-4224-afc3-0994670e4f15,86,2015,2024,2100,2091,TRUE,decN,CMIP6.ScenarioMIP.EC-Earth-Consortium.EC-Earth3-CC.ssp585.r1i1p1f1.Omon.intpp.gn.v20210113,CMIP6.ScenarioMIP.EC-Earth-Consortium.EC-Earth3-CC.ssp585.r1i1p1f1.Omon.intpp.gn.v20210113.2091-2100.nc,/perm_storage/home/data/CMIP6_data/EC-Earth3-CC/ssp585,/perm_storage/home/data/CMIP6_data/EC-Earth3-CC/ssp585/CMIP6.ScenarioMIP.EC-Earth-Consortium.EC-Earth3-CC.ssp585.r1i1p1f1.Omon.intpp.gn.v20210113.2091-2100.nc
CMIP6.ScenarioMIP.EC-Earth-Consortium.EC-Earth3-CC.ssp585.r1i1p1f1.Omon.intpp.gn.v20210113.intpp_Omon_EC-Earth3-CC_ssp585_r1i1p1f1_gn_210001-210012.nc|esgf.bsc.es,CMIP6.ScenarioMIP.EC-Earth-Consortium.EC-Earth3-CC.ssp585.r1i1p1f1.Omon.intpp.gn.v20210113|esgf.bsc.es,CMIP6,ScenarioMIP,EC-Earth-Consortium,EC-Earth3-CC,ssp585,r1i1p1f1,Omon,mon,gn,20210113,100 km,intpp,Primary Organic Carbon Production by All Types of Phytoplankton,mol m-2 s-1,2100-01-01T00:00:00Z,2100-12-01T00:00:00Z,4482731,esgf.bsc.es,http://esgf.bsc.es/thredds/fileServer/esg_dataroot/a3dm-ScenarioMIP-r1/CMIP6/ScenarioMIP/EC-Earth-Consortium/EC-Earth3-CC/ssp585/r1i1p1f1/Omon/intpp/gn/v20210113/intpp_Omon_EC-Earth3-CC_ssp585_r1i1p1f1_gn_210001-210012.nc,hdl:21.14100/d7cc5105-c91a-3ddc-9777-75f38b0eaa73,hdl:21.14100/9bba60ee-7d50-4513-9dcf-4377a02837c8,86,2015,2024,2100,2091,TRUE,decN,CMIP6.ScenarioMIP.EC-Earth-Consortium.EC-Earth3-CC.ssp585.r1i1p1f1.Omon.intpp.gn.v20210113,CMIP6.ScenarioMIP.EC-Earth-Consortium.EC-Earth3-CC.ssp585.r1i1p1f1.Omon.intpp.gn.v20210113.2091-2100.nc,/perm_storage/home/data/CMIP6_data/EC-Earth3-CC/ssp585,/perm_storage/home/data/CMIP6_data/EC-Earth3-CC/ssp585/CMIP6.ScenarioMIP.EC-Earth-Consortium.EC-Earth3-CC.ssp585.r1i1p1f1.Omon.intpp.gn.v20210113.2091-2100.nc
CMIP6.ScenarioMIP.EC-Earth-Consortium.EC-Earth3-CC.ssp585.r1i1p1f1.Omon.tos.gn.v20210113.tos_Omon_EC-Earth3-CC_ssp585_r1i1p1f1_gn_201501-201512.nc|esgf.bsc.es,CMIP6.ScenarioMIP.EC-Earth-Consortium.EC-Earth3-CC.ssp585.r1i1p1f1.Omon.tos.gn.v20210113|esgf.bsc.es,CMIP6,ScenarioMIP,EC-Earth-Consortium,EC-Earth3-CC,ssp585,r1i1p1f1,Omon,mon,gn,20210113,100 km,tos,Sea Surface Temperature,degC,2015-01-01T00:00:00Z,2015-12-01T00:00:00Z,4467967,esgf.bsc.es,http://esgf.bsc.es/thredds/fileServer/esg_dataroot/a3dm-ScenarioMIP-r1/CMIP6/ScenarioMIP/EC-Earth-Consortium/EC-Earth3-CC/ssp585/r1i1p1f1/Omon/tos/gn/v20210113/tos_Omon_EC-Earth3-CC_ssp585_r1i1p1f1_gn_201501-201512.nc,hdl:21.14100/b810fc92-479e-3643-b804-7f76c8cfd50d,hdl:21.14100/70ca7297-223a-47d1-b341-e1b6f283ef0f,86,2015,2024,2100,2091,TRUE,dec0,CMIP6.ScenarioMIP.EC-Earth-Consortium.EC-Earth3-CC.ssp585.r1i1p1f1.Omon.tos.gn.v20210113,CMIP6.ScenarioMIP.EC-Earth-Consortium.EC-Earth3-CC.ssp585.r1i1p1f1.Omon.tos.gn.v20210113.2015-2024.nc,/perm_storage/home/data/CMIP6_data/EC-Earth3-CC/ssp585,/perm_storage/home/data/CMIP6_data/EC-Earth3-CC/ssp585/CMIP6.ScenarioMIP.EC-Earth-Consortium.EC-Earth3-CC.ssp585.r1i1p1f1.Omon.tos.gn.v20210113.2015-2024.nc
CMIP6.ScenarioMIP.EC-Earth-Consortium.EC-Earth3-CC.ssp585.r1i1p1f1.Omon.tos.gn.v20210113.tos_Omon_EC-Earth3-CC_ssp585_r1i1p1f1_gn_201601-201612.nc|esgf.bsc.es,CMIP6.ScenarioMIP.EC-Earth-Consortium.EC-Earth3-CC.ssp585.r1i1p1f1.Omon.tos.gn.v20210113|esgf.bsc.es,CMIP6,ScenarioMIP,EC-Earth-Consortium,EC-Earth3-CC,ssp585,r1i1p1f1,Omon,mon,gn,20210113,100 km,tos,Sea Surface Temperature,degC,2016-01-01T00:00:00Z,2016-12-01T00:00:00Z,4467998,esgf.bsc.es,http://esgf.bsc.es/thredds/fileServer/esg_dataroot/a3dm-ScenarioMIP-r1/CMIP6/ScenarioMIP/EC-Earth-Consortium/EC-Earth3-CC/ssp585/r1i1p1f1/Omon/tos/gn/v20210113/tos_Omon_EC-Earth3-CC_ssp585_r1i1p1f1_gn_201601-201612.nc,hdl:21.14100/b810fc92-479e-3643-b804-7f76c8cfd50d,hdl:21.14100/2194c277-2c0d-4456-8365-44b84e0b7a67,86,2015,2024,2100,2091,TRUE,dec0,CMIP6.ScenarioMIP.EC-Earth-Consortium.EC-Earth3-CC.ssp585.r1i1p1f1.Omon.tos.gn.v20210113,CMIP6.ScenarioMIP.EC-Earth-Consortium.EC-Earth3-CC.ssp585.r1i1p1f1.Omon.tos.gn.v20210113.2015-2024.nc,/perm_storage/home/data/CMIP6_data/EC-Earth3-CC/ssp585,/perm_storage/home/data/CMIP6_data/EC-Earth3-CC/ssp585/CMIP6.ScenarioMIP.EC-Earth-Consortium.EC-Earth3-CC.ssp585.r1i1p1f1.Omon.tos.gn.v20210113.2015-2024.nc
CMIP6.ScenarioMIP.EC-Earth-Consortium.EC-Earth3-CC.ssp585.r1i1p1f1.Omon.tos.gn.v20210113.tos_Omon_EC-Earth3-CC_ssp585_r1i1p1f1_gn_201701-201712.nc|esgf.bsc.es,CMIP6.ScenarioMIP.EC-Earth-Consortium.EC-Earth3-CC.ssp585.r1i1p1f1.Omon.tos.gn.v20210113|esgf.bsc.es,CMIP6,ScenarioMIP,EC-Earth-Consortium,EC-Earth3-CC,ssp585,r1i1p1f1,Omon,mon,gn,20210113,100 km,tos,Sea Surface Temperature,degC,2017-01-01T00:00:00Z,2017-12-01T00:00:00Z,4473689,esgf.bsc.es,http://esgf.bsc.es/thredds/fileServer/esg_dataroot/a3dm-ScenarioMIP-r1/CMIP6/ScenarioMIP/EC-Earth-Consortium/EC-Earth3-CC/ssp585/r1i1p1f1/Omon/tos/gn/v20210113/tos_Omon_EC-Earth3-CC_ssp585_r1i1p1f1_gn_201701-201712.nc,hdl:21.14100/b810fc92-479e-3643-b804-7f76c8cfd50d,hdl:21.14100/b9229529-609b-4aed-b82f-4ef1cce8feeb,86,2015,2024,2100,2091,TRUE,dec0,CMIP6.ScenarioMIP.EC-Earth-Consortium.EC-Earth3-CC.ssp585.r1i1p1f1.Omon.tos.gn.v20210113,CMIP6.ScenarioMIP.EC-Earth-Consortium.EC-Earth3-CC.ssp585.r1i1p1f1.Omon.tos.gn.v20210113.2015-2024.nc,/perm_storage/home/data/CMIP6_data/EC-Earth3-CC/ssp585,/perm_storage/home/data/CMIP6_data/EC-Earth3-CC/ssp585/CMIP6.ScenarioMIP.EC-Earth-Consortium.EC-Earth3-CC.ssp585.r1i1p1f1.Omon.tos.gn.v20210113.2015-2024.nc
CMIP6.ScenarioMIP.EC-Earth-Consortium.EC-Earth3-CC.ssp585.r1i1p1f1.Omon.tos.gn.v20210113.tos_Omon_EC-Earth3-CC_ssp585_r1i1p1f1_gn_201801-201812.nc|esgf.bsc.es,CMIP6.ScenarioMIP.EC-Earth-Consortium.EC-Earth3-CC.ssp585.r1i1p1f1.Omon.tos.gn.v20210113|esgf.bsc.es,CMIP6,ScenarioMIP,EC-Earth-Consortium,EC-Earth3-CC,ssp585,r1i1p1f1,Omon,mon,gn,20210113,100 km,tos,Sea Surface Temperature,degC,2018-01-01T00:00:00Z,2018-12-01T00:00:00Z,4473871,esgf.bsc.es,http://esgf.bsc.es/thredds/fileServer/esg_dataroot/a3dm-ScenarioMIP-r1/CMIP6/ScenarioMIP/EC-Earth-Consortium/EC-Earth3-CC/ssp585/r1i1p1f1/Omon/tos/gn/v20210113/tos_Omon_EC-Earth3-CC_ssp585_r1i1p1f1_gn_201801-201812.nc,hdl:21.14100/b810fc92-479e-3643-b804-7f76c8cfd50d,hdl:21.14100/bd59bad3-3d74-47ad-a735-d06fca4378d3,86,2015,2024,2100,2091,TRUE,dec0,CMIP6.ScenarioMIP.EC-Earth-Consortium.EC-Earth3-CC.ssp585.r1i1p1f1.Omon.tos.gn.v20210113,CMIP6.ScenarioMIP.EC-Earth-Consortium.EC-Earth3-CC.ssp585.r1i1p1f1.Omon.tos.gn.v20210113.2015-2024.nc,/perm_storage/home/data/CMIP6_data/EC-Earth3-CC/ssp585,/perm_storage/home/data/CMIP6_data/EC-Earth3-CC/ssp585/CMIP6.ScenarioMIP.EC-Earth-Consortium.EC-Earth3-CC.ssp585.r1i1p1f1.Omon.tos.gn.v20210113.2015-2024.nc
CMIP6.ScenarioMIP.EC-Earth-Consortium.EC-Earth3-CC.ssp585.r1i1p1f1.Omon.tos.gn.v20210113.tos_Omon_EC-Earth3-CC_ssp585_r1i1p1f1_gn_201901-201912.nc|esgf.bsc.es,CMIP6.ScenarioMIP.EC-Earth-Consortium.EC-Earth3-CC.ssp585.r1i1p1f1.Omon.tos.gn.v20210113|esgf.bsc.es,CMIP6,ScenarioMIP,EC-Earth-Consortium,EC-Earth3-CC,ssp585,r1i1p1f1,Omon,mon,gn,20210113,100 km,tos,Sea Surface Temperature,degC,2019-01-01T00:00:00Z,2019-12-01T00:00:00Z,4469714,esgf.bsc.es,http://esgf.bsc.es/thredds/fileServer/esg_dataroot/a3dm-ScenarioMIP-r1/CMIP6/ScenarioMIP/EC-Earth-Consortium/EC-Earth3-CC/ssp585/r1i1p1f1/Omon/tos/gn/v20210113/tos_Omon_EC-Earth3-CC_ssp585_r1i1p1f1_gn_201901-201912.nc,hdl:21.14100/b810fc92-479e-3643-b804-7f76c8cfd50d,hdl:21.14100/b9e387e9-62fc-4f0a-a2e9-dbc1e382566c,86,2015,2024,2100,2091,TRUE,dec0,CMIP6.ScenarioMIP.EC-Earth-Consortium.EC-Earth3-CC.ssp585.r1i1p1f1.Omon.tos.gn.v20210113,CMIP6.ScenarioMIP.EC-Earth-Consortium.EC-Earth3-CC.ssp585.r1i1p1f1.Omon.tos.gn.v20210113.2015-2024.nc,/perm_storage/home/data/CMIP6_data/EC-Earth3-CC/ssp585,/perm_storage/home/data/CMIP6_data/EC-Earth3-CC/ssp585/CMIP6.ScenarioMIP.EC-Earth-Consortium.EC-Earth3-CC.ssp585.r1i1p1f1.Omon.tos.gn.v20210113.2015-2024.nc
CMIP6.ScenarioMIP.EC-Earth-Consortium.EC-Earth3-CC.ssp585.r1i1p1f1.Omon.tos.gn.v20210113.tos_Omon_EC-Earth3-CC_ssp585_r1i1p1f1_gn_202001-202012.nc|esgf.bsc.es,CMIP6.ScenarioMIP.EC-Earth-Consortium.EC-Earth3-CC.ssp585.r1i1p1f1.Omon.tos.gn.v20210113|esgf.bsc.es,CMIP6,ScenarioMIP,EC-Earth-Consortium,EC-Earth3-CC,ssp585,r1i1p1f1,Omon,mon,gn,20210113,100 km,tos,Sea Surface Temperature,degC,2020-01-01T00:00:00Z,2020-12-01T00:00:00Z,4470894,esgf.bsc.es,http://esgf.bsc.es/thredds/fileServer/esg_dataroot/a3dm-ScenarioMIP-r1/CMIP6/ScenarioMIP/EC-Earth-Consortium/EC-Earth3-CC/ssp585/r1i1p1f1/Omon/tos/gn/v20210113/tos_Omon_EC-Earth3-CC_ssp585_r1i1p1f1_gn_202001-202012.nc,hdl:21.14100/b810fc92-479e-3643-b804-7f76c8cfd50d,hdl:21.14100/582f52aa-829b-4175-93c5-71e21055689b,86,2015,2024,2100,2091,TRUE,dec0,CMIP6.ScenarioMIP.EC-Earth-Consortium.EC-Earth3-CC.ssp585.r1i1p1f1.Omon.tos.gn.v20210113,CMIP6.ScenarioMIP.EC-Earth-Consortium.EC-Earth3-CC.ssp585.r1i1p1f1.Omon.tos.gn.v20210113.2015-2024.nc,/perm_storage/home/data/CMIP6_data/EC-Earth3-CC/ssp585,/perm_storage/home/data/CMIP6_data/EC-Earth3-CC/ssp585/CMIP6.ScenarioMIP.EC-Earth-Consortium.EC-Earth3-CC.ssp585.r1i1p1f1.Omon.tos.gn.v20210113.2015-2024.nc
CMIP6.ScenarioMIP.EC-Earth-Consortium.EC-Earth3-CC.ssp585.r1i1p1f1.Omon.tos.gn.v20210113.tos_Omon_EC-Earth3-CC_ssp585_r1i1p1f1_gn_202101-202112.nc|esgf.bsc.es,CMIP6.ScenarioMIP.EC-Earth-Consortium.EC-Earth3-CC.ssp585.r1i1p1f1.Omon.tos.gn.v20210113|esgf.bsc.es,CMIP6,ScenarioMIP,EC-Earth-Consortium,EC-Earth3-CC,ssp585,r1i1p1f1,Omon,mon,gn,20210113,100 km,tos,Sea Surface Temperature,degC,2021-01-01T00:00:00Z,2021-12-01T00:00:00Z,4466478,esgf.bsc.es,http://esgf.bsc.es/thredds/fileServer/esg_dataroot/a3dm-ScenarioMIP-r1/CMIP6/ScenarioMIP/EC-Earth-Consortium/EC-Earth3-CC/ssp585/r1i1p1f1/Omon/tos/gn/v20210113/tos_Omon_EC-Earth3-CC_ssp585_r1i1p1f1_gn_202101-202112.nc,hdl:21.14100/b810fc92-479e-3643-b804-7f76c8cfd50d,hdl:21.14100/257e2b96-f57e-49c4-9703-34a1e1622bdf,86,2015,2024,2100,2091,TRUE,dec0,CMIP6.ScenarioMIP.EC-Earth-Consortium.EC-Earth3-CC.ssp585.r1i1p1f1.Omon.tos.gn.v20210113,CMIP6.ScenarioMIP.EC-Earth-Consortium.EC-Earth3-CC.ssp585.r1i1p1f1.Omon.tos.gn.v20210113.2015-2024.nc,/perm_storage/home/data/CMIP6_data/EC-Earth3-CC/ssp585,/perm_storage/home/data/CMIP6_data/EC-Earth3-CC/ssp585/CMIP6.ScenarioMIP.EC-Earth-Consortium.EC-Earth3-CC.ssp585.r1i1p1f1.Omon.tos.gn.v20210113.2015-2024.nc
CMIP6.ScenarioMIP.EC-Earth-Consortium.EC-Earth3-CC.ssp585.r1i1p1f1.Omon.tos.gn.v20210113.tos_Omon_EC-Earth3-CC_ssp585_r1i1p1f1_gn_202201-202212.nc|esgf.bsc.es,CMIP6.ScenarioMIP.EC-Earth-Consortium.EC-Earth3-CC.ssp585.r1i1p1f1.Omon.tos.gn.v20210113|esgf.bsc.es,CMIP6,ScenarioMIP,EC-Earth-Consortium,EC-Earth3-CC,ssp585,r1i1p1f1,Omon,mon,gn,20210113,100 km,tos,Sea Surface Temperature,degC,2022-01-01T00:00:00Z,2022-12-01T00:00:00Z,4468795,esgf.bsc.es,http://esgf.bsc.es/thredds/fileServer/esg_dataroot/a3dm-ScenarioMIP-r1/CMIP6/ScenarioMIP/EC-Earth-Consortium/EC-Earth3-CC/ssp585/r1i1p1f1/Omon/tos/gn/v20210113/tos_Omon_EC-Earth3-CC_ssp585_r1i1p1f1_gn_202201-202212.nc,hdl:21.14100/b810fc92-479e-3643-b804-7f76c8cfd50d,hdl:21.14100/8951546b-aa43-4063-af64-9db2f1150c42,86,2015,2024,2100,2091,TRUE,dec0,CMIP6.ScenarioMIP.EC-Earth-Consortium.EC-Earth3-CC.ssp585.r1i1p1f1.Omon.tos.gn.v20210113,CMIP6.ScenarioMIP.EC-Earth-Consortium.EC-Earth3-CC.ssp585.r1i1p1f1.Omon.tos.gn.v20210113.2015-2024.nc,/perm_storage/home/data/CMIP6_data/EC-Earth3-CC/ssp585,/perm_storage/home/data/CMIP6_data/EC-Earth3-CC/ssp585/CMIP6.ScenarioMIP.EC-Earth-Consortium.EC-Earth3-CC.ssp585.r1i1p1f1.Omon.tos.gn.v20210113.2015-2024.nc
CMIP6.ScenarioMIP.EC-Earth-Consortium.EC-Earth3-CC.ssp585.r1i1p1f1.Omon.tos.gn.v20210113.tos_Omon_EC-Earth3-CC_ssp585_r1i1p1f1_gn_202301-202312.nc|esgf.bsc.es,CMIP6.ScenarioMIP.EC-Earth-Consortium.EC-Earth3-CC.ssp585.r1i1p1f1.Omon.tos.gn.v20210113|esgf.bsc.es,CMIP6,ScenarioMIP,EC-Earth-Consortium,EC-Earth3-CC,ssp585,r1i1p1f1,Omon,mon,gn,20210113,100 km,tos,Sea Surface Temperature,degC,2023-01-01T00:00:00Z,2023-12-01T00:00:00Z,4469309,esgf.bsc.es,http://esgf.bsc.es/thredds/fileServer/esg_dataroot/a3dm-ScenarioMIP-r1/CMIP6/ScenarioMIP/EC-Earth-Consortium/EC-Earth3-CC/ssp585/r1i1p1f1/Omon/tos/gn/v20210113/tos_Omon_EC-Earth3-CC_ssp585_r1i1p1f1_gn_202301-202312.nc,hdl:21.14100/b810fc92-479e-3643-b804-7f76c8cfd50d,hdl:21.14100/d4e949e6-f6a1-42a6-b45e-02ec2e2f1b8b,86,2015,2024,2100,2091,TRUE,dec0,CMIP6.ScenarioMIP.EC-Earth-Consortium.EC-Earth3-CC.ssp585.r1i1p1f1.Omon.tos.gn.v20210113,CMIP6.ScenarioMIP.EC-Earth-Consortium.EC-Earth3-CC.ssp585.r1i1p1f1.Omon.tos.gn.v20210113.2015-2024.nc,/perm_storage/home/data/CMIP6_data/EC-Earth3-CC/ssp585,/perm_storage/home/data/CMIP6_data/EC-Earth3-CC/ssp585/CMIP6.ScenarioMIP.EC-Earth-Consortium.EC-Earth3-CC.ssp585.r1i1p1f1.Omon.tos.gn.v20210113.2015-2024.nc
CMIP6.ScenarioMIP.EC-Earth-Consortium.EC-Earth3-CC.ssp585.r1i1p1f1.Omon.tos.gn.v20210113.tos_Omon_EC-Earth3-CC_ssp585_r1i1p1f1_gn_202401-202412.nc|esgf.bsc.es,CMIP6.ScenarioMIP.EC-Earth-Consortium.EC-Earth3-CC.ssp585.r1i1p1f1.Omon.tos.gn.v20210113|esgf.bsc.es,CMIP6,ScenarioMIP,EC-Earth-Consortium,EC-Earth3-CC,ssp585,r1i1p1f1,Omon,mon,gn,20210113,100 km,tos,Sea Surface Temperature,degC,2024-01-01T00:00:00Z,2024-12-01T00:00:00Z,4468570,esgf.bsc.es,http://esgf.bsc.es/thredds/fileServer/esg_dataroot/a3dm-ScenarioMIP-r1/CMIP6/ScenarioMIP/EC-Earth-Consortium/EC-Earth3-CC/ssp585/r1i1p1f1/Omon/tos/gn/v20210113/tos_Omon_EC-Earth3-CC_ssp585_r1i1p1f1_gn_202401-202412.nc,hdl:21.14100/b810fc92-479e-3643-b804-7f76c8cfd50d,hdl:21.14100/37e02e1b-4290-4191-af54-b1f7b13b1c65,86,2015,2024,2100,2091,TRUE,dec0,CMIP6.ScenarioMIP.EC-Earth-Consortium.EC-Earth3-CC.ssp585.r1i1p1f1.Omon.tos.gn.v20210113,CMIP6.ScenarioMIP.EC-Earth-Consortium.EC-Earth3-CC.ssp585.r1i1p1f1.Omon.tos.gn.v20210113.2015-2024.nc,/perm_storage/home/data/CMIP6_data/EC-Earth3-CC/ssp585,/perm_storage/home/data/CMIP6_data/EC-Earth3-CC/ssp585/CMIP6.ScenarioMIP.EC-Earth-Consortium.EC-Earth3-CC.ssp585.r1i1p1f1.Omon.tos.gn.v20210113.2015-2024.nc
CMIP6.ScenarioMIP.EC-Earth-Consortium.EC-Earth3-CC.ssp585.r1i1p1f1.Omon.tos.gn.v20210113.tos_Omon_EC-Earth3-CC_ssp585_r1i1p1f1_gn_209101-209112.nc|esgf.bsc.es,CMIP6.ScenarioMIP.EC-Earth-Consortium.EC-Earth3-CC.ssp585.r1i1p1f1.Omon.tos.gn.v20210113|esgf.bsc.es,CMIP6,ScenarioMIP,EC-Earth-Consortium,EC-Earth3-CC,ssp585,r1i1p1f1,Omon,mon,gn,20210113,100 km,tos,Sea Surface Temperature,degC,2091-01-01T00:00:00Z,2091-12-01T00:00:00Z,4462467,esgf.bsc.es,http://esgf.bsc.es/thredds/fileServer/esg_dataroot/a3dm-ScenarioMIP-r1/CMIP6/ScenarioMIP/EC-Earth-Consortium/EC-Earth3-CC/ssp585/r1i1p1f1/Omon/tos/gn/v20210113/tos_Omon_EC-Earth3-CC_ssp585_r1i1p1f1_gn_209101-209112.nc,hdl:21.14100/b810fc92-479e-3643-b804-7f76c8cfd50d,hdl:21.14100/8a8afd23-fb29-4b5e-a084-637e849fdffc,86,2015,2024,2100,2091,TRUE,decN,CMIP6.ScenarioMIP.EC-Earth-Consortium.EC-Earth3-CC.ssp585.r1i1p1f1.Omon.tos.gn.v20210113,CMIP6.ScenarioMIP.EC-Earth-Consortium.EC-Earth3-CC.ssp585.r1i1p1f1.Omon.tos.gn.v20210113.2091-2100.nc,/perm_storage/home/data/CMIP6_data/EC-Earth3-CC/ssp585,/perm_storage/home/data/CMIP6_data/EC-Earth3-CC/ssp585/CMIP6.ScenarioMIP.EC-Earth-Consortium.EC-Earth3-CC.ssp585.r1i1p1f1.Omon.tos.gn.v20210113.2091-2100.nc
CMIP6.ScenarioMIP.EC-Earth-Consortium.EC-Earth3-CC.ssp585.r1i1p1f1.Omon.tos.gn.v20210113.tos_Omon_EC-Earth3-CC_ssp585_r1i1p1f1_gn_209201-209212.nc|esgf.bsc.es,CMIP6.ScenarioMIP.EC-Earth-Consortium.EC-Earth3-CC.ssp585.r1i1p1f1.Omon.tos.gn.v20210113|esgf.bsc.es,CMIP6,ScenarioMIP,EC-Earth-Consortium,EC-Earth3-CC,ssp585,r1i1p1f1,Omon,mon,gn,20210113,100 km,tos,Sea Surface Temperature,degC,2092-01-01T00:00:00Z,2092-12-01T00:00:00Z,4453839,esgf.bsc.es,http://esgf.bsc.es/thredds/fileServer/esg_dataroot/a3dm-ScenarioMIP-r1/CMIP6/ScenarioMIP/EC-Earth-Consortium/EC-Earth3-CC/ssp585/r1i1p1f1/Omon/tos/gn/v20210113/tos_Omon_EC-Earth3-CC_ssp585_r1i1p1f1_gn_209201-209212.nc,hdl:21.14100/b810fc92-479e-3643-b804-7f76c8cfd50d,hdl:21.14100/b54c17b6-dc6c-413b-8e83-11beec54a301,86,2015,2024,2100,2091,TRUE,decN,CMIP6.ScenarioMIP.EC-Earth-Consortium.EC-Earth3-CC.ssp585.r1i1p1f1.Omon.tos.gn.v20210113,CMIP6.ScenarioMIP.EC-Earth-Consortium.EC-Earth3-CC.ssp585.r1i1p1f1.Omon.tos.gn.v20210113.2091-2100.nc,/perm_storage/home/data/CMIP6_data/EC-Earth3-CC/ssp585,/perm_storage/home/data/CMIP6_data/EC-Earth3-CC/ssp585/CMIP6.ScenarioMIP.EC-Earth-Consortium.EC-Earth3-CC.ssp585.r1i1p1f1.Omon.tos.gn.v20210113.2091-2100.nc
CMIP6.ScenarioMIP.EC-Earth-Consortium.EC-Earth3-CC.ssp585.r1i1p1f1.Omon.tos.gn.v20210113.tos_Omon_EC-Earth3-CC_ssp585_r1i1p1f1_gn_209301-209312.nc|esgf.bsc.es,CMIP6.ScenarioMIP.EC-Earth-Consortium.EC-Earth3-CC.ssp585.r1i1p1f1.Omon.tos.gn.v20210113|esgf.bsc.es,CMIP6,ScenarioMIP,EC-Earth-Consortium,EC-Earth3-CC,ssp585,r1i1p1f1,Omon,mon,gn,20210113,100 km,tos,Sea Surface Temperature,degC,2093-01-01T00:00:00Z,2093-12-01T00:00:00Z,4454312,esgf.bsc.es,http://esgf.bsc.es/thredds/fileServer/esg_dataroot/a3dm-ScenarioMIP-r1/CMIP6/ScenarioMIP/EC-Earth-Consortium/EC-Earth3-CC/ssp585/r1i1p1f1/Omon/tos/gn/v20210113/tos_Omon_EC-Earth3-CC_ssp585_r1i1p1f1_gn_209301-209312.nc,hdl:21.14100/b810fc92-479e-3643-b804-7f76c8cfd50d,hdl:21.14100/d903b927-c7a9-4a65-a4ed-cede73482d5c,86,2015,2024,2100,2091,TRUE,decN,CMIP6.ScenarioMIP.EC-Earth-Consortium.EC-Earth3-CC.ssp585.r1i1p1f1.Omon.tos.gn.v20210113,CMIP6.ScenarioMIP.EC-Earth-Consortium.EC-Earth3-CC.ssp585.r1i1p1f1.Omon.tos.gn.v20210113.2091-2100.nc,/perm_storage/home/data/CMIP6_data/EC-Earth3-CC/ssp585,/perm_storage/home/data/CMIP6_data/EC-Earth3-CC/ssp585/CMIP6.ScenarioMIP.EC-Earth-Consortium.EC-Earth3-CC.ssp585.r1i1p1f1.Omon.tos.gn.v20210113.2091-2100.nc
CMIP6.ScenarioMIP.EC-Earth-Consortium.EC-Earth3-CC.ssp585.r1i1p1f1.Omon.tos.gn.v20210113.tos_Omon_EC-Earth3-CC_ssp585_r1i1p1f1_gn_209401-209412.nc|esgf.bsc.es,CMIP6.ScenarioMIP.EC-Earth-Consortium.EC-Earth3-CC.ssp585.r1i1p1f1.Omon.tos.gn.v20210113|esgf.bsc.es,CMIP6,ScenarioMIP,EC-Earth-Consortium,EC-Earth3-CC,ssp585,r1i1p1f1,Omon,mon,gn,20210113,100 km,tos,Sea Surface Temperature,degC,2094-01-01T00:00:00Z,2094-12-01T00:00:00Z,4467485,esgf.bsc.es,http://esgf.bsc.es/thredds/fileServer/esg_dataroot/a3dm-ScenarioMIP-r1/CMIP6/ScenarioMIP/EC-Earth-Consortium/EC-Earth3-CC/ssp585/r1i1p1f1/Omon/tos/gn/v20210113/tos_Omon_EC-Earth3-CC_ssp585_r1i1p1f1_gn_209401-209412.nc,hdl:21.14100/b810fc92-479e-3643-b804-7f76c8cfd50d,hdl:21.14100/59085630-3dbf-4a49-ac5f-70e7c20ffe48,86,2015,2024,2100,2091,TRUE,decN,CMIP6.ScenarioMIP.EC-Earth-Consortium.EC-Earth3-CC.ssp585.r1i1p1f1.Omon.tos.gn.v20210113,CMIP6.ScenarioMIP.EC-Earth-Consortium.EC-Earth3-CC.ssp585.r1i1p1f1.Omon.tos.gn.v20210113.2091-2100.nc,/perm_storage/home/data/CMIP6_data/EC-Earth3-CC/ssp585,/perm_storage/home/data/CMIP6_data/EC-Earth3-CC/ssp585/CMIP6.ScenarioMIP.EC-Earth-Consortium.EC-Earth3-CC.ssp585.r1i1p1f1.Omon.tos.gn.v20210113.2091-2100.nc
CMIP6.ScenarioMIP.EC-Earth-Consortium.EC-Earth3-CC.ssp585.r1i1p1f1.Omon.tos.gn.v20210113.tos_Omon_EC-Earth3-CC_ssp585_r1i1p1f1_gn_209501-209512.nc|esgf.bsc.es,CMIP6.ScenarioMIP.EC-Earth-Consortium.EC-Earth3-CC.ssp585.r1i1p1f1.Omon.tos.gn.v20210113|esgf.bsc.es,CMIP6,ScenarioMIP,EC-Earth-Consortium,EC-Earth3-CC,ssp585,r1i1p1f1,Omon,mon,gn,20210113,100 km,tos,Sea Surface Temperature,degC,2095-01-01T00:00:00Z,2095-12-01T00:00:00Z,4460560,esgf.bsc.es,http://esgf.bsc.es/thredds/fileServer/esg_dataroot/a3dm-ScenarioMIP-r1/CMIP6/ScenarioMIP/EC-Earth-Consortium/EC-Earth3-CC/ssp585/r1i1p1f1/Omon/tos/gn/v20210113/tos_Omon_EC-Earth3-CC_ssp585_r1i1p1f1_gn_209501-209512.nc,hdl:21.14100/b810fc92-479e-3643-b804-7f76c8cfd50d,hdl:21.14100/e5723cd2-38b1-43d9-8547-3829b4926b11,86,2015,2024,2100,2091,TRUE,decN,CMIP6.ScenarioMIP.EC-Earth-Consortium.EC-Earth3-CC.ssp585.r1i1p1f1.Omon.tos.gn.v20210113,CMIP6.ScenarioMIP.EC-Earth-Consortium.EC-Earth3-CC.ssp585.r1i1p1f1.Omon.tos.gn.v20210113.2091-2100.nc,/perm_storage/home/data/CMIP6_data/EC-Earth3-CC/ssp585,/perm_storage/home/data/CMIP6_data/EC-Earth3-CC/ssp585/CMIP6.ScenarioMIP.EC-Earth-Consortium.EC-Earth3-CC.ssp585.r1i1p1f1.Omon.tos.gn.v20210113.2091-2100.nc
CMIP6.ScenarioMIP.EC-Earth-Consortium.EC-Earth3-CC.ssp585.r1i1p1f1.Omon.tos.gn.v20210113.tos_Omon_EC-Earth3-CC_ssp585_r1i1p1f1_gn_209601-209612.nc|esgf.bsc.es,CMIP6.ScenarioMIP.EC-Earth-Consortium.EC-Earth3-CC.ssp585.r1i1p1f1.Omon.tos.gn.v20210113|esgf.bsc.es,CMIP6,ScenarioMIP,EC-Earth-Consortium,EC-Earth3-CC,ssp585,r1i1p1f1,Omon,mon,gn,20210113,100 km,tos,Sea Surface Temperature,degC,2096-01-01T00:00:00Z,2096-12-01T00:00:00Z,4458820,esgf.bsc.es,http://esgf.bsc.es/thredds/fileServer/esg_dataroot/a3dm-ScenarioMIP-r1/CMIP6/ScenarioMIP/EC-Earth-Consortium/EC-Earth3-CC/ssp585/r1i1p1f1/Omon/tos/gn/v20210113/tos_Omon_EC-Earth3-CC_ssp585_r1i1p1f1_gn_209601-209612.nc,hdl:21.14100/b810fc92-479e-3643-b804-7f76c8cfd50d,hdl:21.14100/2551f938-08e4-4057-a174-4928984899f3,86,2015,2024,2100,2091,TRUE,decN,CMIP6.ScenarioMIP.EC-Earth-Consortium.EC-Earth3-CC.ssp585.r1i1p1f1.Omon.tos.gn.v20210113,CMIP6.ScenarioMIP.EC-Earth-Consortium.EC-Earth3-CC.ssp585.r1i1p1f1.Omon.tos.gn.v20210113.2091-2100.nc,/perm_storage/home/data/CMIP6_data/EC-Earth3-CC/ssp585,/perm_storage/home/data/CMIP6_data/EC-Earth3-CC/ssp585/CMIP6.ScenarioMIP.EC-Earth-Consortium.EC-Earth3-CC.ssp585.r1i1p1f1.Omon.tos.gn.v20210113.2091-2100.nc
CMIP6.ScenarioMIP.EC-Earth-Consortium.EC-Earth3-CC.ssp585.r1i1p1f1.Omon.tos.gn.v20210113.tos_Omon_EC-Earth3-CC_ssp585_r1i1p1f1_gn_209701-209712.nc|esgf.bsc.es,CMIP6.ScenarioMIP.EC-Earth-Consortium.EC-Earth3-CC.ssp585.r1i1p1f1.Omon.tos.gn.v20210113|esgf.bsc.es,CMIP6,ScenarioMIP,EC-Earth-Consortium,EC-Earth3-CC,ssp585,r1i1p1f1,Omon,mon,gn,20210113,100 km,tos,Sea Surface Temperature,degC,2097-01-01T00:00:00Z,2097-12-01T00:00:00Z,4456296,esgf.bsc.es,http://esgf.bsc.es/thredds/fileServer/esg_dataroot/a3dm-ScenarioMIP-r1/CMIP6/ScenarioMIP/EC-Earth-Consortium/EC-Earth3-CC/ssp585/r1i1p1f1/Omon/tos/gn/v20210113/tos_Omon_EC-Earth3-CC_ssp585_r1i1p1f1_gn_209701-209712.nc,hdl:21.14100/b810fc92-479e-3643-b804-7f76c8cfd50d,hdl:21.14100/3d978692-3e86-49a4-82a8-7c8e15e50a20,86,2015,2024,2100,2091,TRUE,decN,CMIP6.ScenarioMIP.EC-Earth-Consortium.EC-Earth3-CC.ssp585.r1i1p1f1.Omon.tos.gn.v20210113,CMIP6.ScenarioMIP.EC-Earth-Consortium.EC-Earth3-CC.ssp585.r1i1p1f1.Omon.tos.gn.v20210113.2091-2100.nc,/perm_storage/home/data/CMIP6_data/EC-Earth3-CC/ssp585,/perm_storage/home/data/CMIP6_data/EC-Earth3-CC/ssp585/CMIP6.ScenarioMIP.EC-Earth-Consortium.EC-Earth3-CC.ssp585.r1i1p1f1.Omon.tos.gn.v20210113.2091-2100.nc
CMIP6.ScenarioMIP.EC-Earth-Consortium.EC-Earth3-CC.ssp585.r1i1p1f1.Omon.tos.gn.v20210113.tos_Omon_EC-Earth3-CC_ssp585_r1i1p1f1_gn_209801-209812.nc|esgf.bsc.es,CMIP6.ScenarioMIP.EC-Earth-Consortium.EC-Earth3-CC.ssp585.r1i1p1f1.Omon.tos.gn.v20210113|esgf.bsc.es,CMIP6,ScenarioMIP,EC-Earth-Consortium,EC-Earth3-CC,ssp585,r1i1p1f1,Omon,mon,gn,20210113,100 km,tos,Sea Surface Temperature,degC,2098-01-01T00:00:00Z,2098-12-01T00:00:00Z,4454516,esgf.bsc.es,http://esgf.bsc.es/thredds/fileServer/esg_dataroot/a3dm-ScenarioMIP-r1/CMIP6/ScenarioMIP/EC-Earth-Consortium/EC-Earth3-CC/ssp585/r1i1p1f1/Omon/tos/gn/v20210113/tos_Omon_EC-Earth3-CC_ssp585_r1i1p1f1_gn_209801-209812.nc,hdl:21.14100/b810fc92-479e-3643-b804-7f76c8cfd50d,hdl:21.14100/0a1a5583-8386-4657-aea5-a7a832d902a6,86,2015,2024,2100,2091,TRUE,decN,CMIP6.ScenarioMIP.EC-Earth-Consortium.EC-Earth3-CC.ssp585.r1i1p1f1.Omon.tos.gn.v20210113,CMIP6.ScenarioMIP.EC-Earth-Consortium.EC-Earth3-CC.ssp585.r1i1p1f1.Omon.tos.gn.v20210113.2091-2100.nc,/perm_storage/home/data/CMIP6_data/EC-Earth3-CC/ssp585,/perm_storage/home/data/CMIP6_data/EC-Earth3-CC/ssp585/CMIP6.ScenarioMIP.EC-Earth-Consortium.EC-Earth3-CC.ssp585.r1i1p1f1.Omon.tos.gn.v20210113.2091-2100.nc
CMIP6.ScenarioMIP.EC-Earth-Consortium.EC-Earth3-CC.ssp585.r1i1p1f1.Omon.tos.gn.v20210113.tos_Omon_EC-Earth3-CC_ssp585_r1i1p1f1_gn_209901-209912.nc|esgf.bsc.es,CMIP6.ScenarioMIP.EC-Earth-Consortium.EC-Earth3-CC.ssp585.r1i1p1f1.Omon.tos.gn.v20210113|esgf.bsc.es,CMIP6,ScenarioMIP,EC-Earth-Consortium,EC-Earth3-CC,ssp585,r1i1p1f1,Omon,mon,gn,20210113,100 km,tos,Sea Surface Temperature,degC,2099-01-01T00:00:00Z,2099-12-01T00:00:00Z,4460441,esgf.bsc.es,http://esgf.bsc.es/thredds/fileServer/esg_dataroot/a3dm-ScenarioMIP-r1/CMIP6/ScenarioMIP/EC-Earth-Consortium/EC-Earth3-CC/ssp585/r1i1p1f1/Omon/tos/gn/v20210113/tos_Omon_EC-Earth3-CC_ssp585_r1i1p1f1_gn_209901-209912.nc,hdl:21.14100/b810fc92-479e-3643-b804-7f76c8cfd50d,hdl:21.14100/ebfdf73b-1111-4fa4-a4ab-5bae06e6ce9d,86,2015,2024,2100,2091,TRUE,decN,CMIP6.ScenarioMIP.EC-Earth-Consortium.EC-Earth3-CC.ssp585.r1i1p1f1.Omon.tos.gn.v20210113,CMIP6.ScenarioMIP.EC-Earth-Consortium.EC-Earth3-CC.ssp585.r1i1p1f1.Omon.tos.gn.v20210113.2091-2100.nc,/perm_storage/home/data/CMIP6_data/EC-Earth3-CC/ssp585,/perm_storage/home/data/CMIP6_data/EC-Earth3-CC/ssp585/CMIP6.ScenarioMIP.EC-Earth-Consortium.EC-Earth3-CC.ssp585.r1i1p1f1.Omon.tos.gn.v20210113.2091-2100.nc
CMIP6.ScenarioMIP.EC-Earth-Consortium.EC-Earth3-CC.ssp585.r1i1p1f1.Omon.tos.gn.v20210113.tos_Omon_EC-Earth3-CC_ssp585_r1i1p1f1_gn_210001-210012.nc|esgf.bsc.es,CMIP6.ScenarioMIP.EC-Earth-Consortium.EC-Earth3-CC.ssp585.r1i1p1f1.Omon.tos.gn.v20210113|esgf.bsc.es,CMIP6,ScenarioMIP,EC-Earth-Consortium,EC-Earth3-CC,ssp585,r1i1p1f1,Omon,mon,gn,20210113,100 km,tos,Sea Surface Temperature,degC,2100-01-01T00:00:00Z,2100-12-01T00:00:00Z,4459430,esgf.bsc.es,http://esgf.bsc.es/thredds/fileServer/esg_dataroot/a3dm-ScenarioMIP-r1/CMIP6/ScenarioMIP/EC-Earth-Consortium/EC-Earth3-CC/ssp585/r1i1p1f1/Omon/tos/gn/v20210113/tos_Omon_EC-Earth3-CC_ssp585_r1i1p1f1_gn_210001-210012.nc,hdl:21.14100/b810fc92-479e-3643-b804-7f76c8cfd50d,hdl:21.14100/09da305d-f85a-400f-95d4-3afd2b35a4bd,86,2015,2024,2100,2091,TRUE,decN,CMIP6.ScenarioMIP.EC-Earth-Consortium.EC-Earth3-CC.ssp585.r1i1p1f1.Omon.tos.gn.v20210113,CMIP6.ScenarioMIP.EC-Earth-Consortium.EC-Earth3-CC.ssp585.r1i1p1f1.Omon.tos.gn.v20210113.2091-2100.nc,/perm_storage/home/data/CMIP6_data/EC-Earth3-CC/ssp585,/perm_storage/home/data/CMIP6_data/EC-Earth3-CC/ssp585/CMIP6.ScenarioMIP.EC-Earth-Consortium.EC-Earth3-CC.ssp585.r1i1p1f1.Omon.tos.gn.v20210113.2091-2100.nc
CMIP6.ScenarioMIP.EC-Earth-Consortium.EC-Earth3-CC.ssp245.r1i1p1f1.SImon.siconc.gn.v20210113.siconc_SImon_EC-Earth3-CC_ssp245_r1i1p1f1_gn_201501-201512.nc|esgf.bsc.es,CMIP6.ScenarioMIP.EC-Earth-Consortium.EC-Earth3-CC.ssp245.r1i1p1f1.SImon.siconc.gn.v20210113|esgf.bsc.es,CMIP6,ScenarioMIP,EC-Earth-Consortium,EC-Earth3-CC,ssp245,r1i1p1f1,SImon,mon,gn,20210113,100 km,siconc,Sea-Ice Area Percentage (Ocean Grid),%,2015-01-01T00:00:00Z,2015-12-01T00:00:00Z,2215258,esgf.bsc.es,http://esgf.bsc.es/thredds/fileServer/esg_dataroot/a3dn-ScenarioMIP-r1/CMIP6/ScenarioMIP/EC-Earth-Consortium/EC-Earth3-CC/ssp245/r1i1p1f1/SImon/siconc/gn/v20210113/siconc_SImon_EC-Earth3-CC_ssp245_r1i1p1f1_gn_201501-201512.nc,hdl:21.14100/a43d45d4-cdab-3106-accc-1760ae5d98de,hdl:21.14100/6548c5a8-112a-458a-bc1d-76f07608e55b,86,2015,2024,2100,2091,TRUE,dec0,CMIP6.ScenarioMIP.EC-Earth-Consortium.EC-Earth3-CC.ssp245.r1i1p1f1.SImon.siconc.gn.v20210113,CMIP6.ScenarioMIP.EC-Earth-Consortium.EC-Earth3-CC.ssp245.r1i1p1f1.SImon.siconc.gn.v20210113.2015-2024.nc,/perm_storage/home/data/CMIP6_data/EC-Earth3-CC/ssp245,/perm_storage/home/data/CMIP6_data/EC-Earth3-CC/ssp245/CMIP6.ScenarioMIP.EC-Earth-Consortium.EC-Earth3-CC.ssp245.r1i1p1f1.SImon.siconc.gn.v20210113.2015-2024.nc
CMIP6.ScenarioMIP.EC-Earth-Consortium.EC-Earth3-CC.ssp245.r1i1p1f1.SImon.siconc.gn.v20210113.siconc_SImon_EC-Earth3-CC_ssp245_r1i1p1f1_gn_201601-201612.nc|esgf.bsc.es,CMIP6.ScenarioMIP.EC-Earth-Consortium.EC-Earth3-CC.ssp245.r1i1p1f1.SImon.siconc.gn.v20210113|esgf.bsc.es,CMIP6,ScenarioMIP,EC-Earth-Consortium,EC-Earth3-CC,ssp245,r1i1p1f1,SImon,mon,gn,20210113,100 km,siconc,Sea-Ice Area Percentage (Ocean Grid),%,2016-01-01T00:00:00Z,2016-12-01T00:00:00Z,2211913,esgf.bsc.es,http://esgf.bsc.es/thredds/fileServer/esg_dataroot/a3dn-ScenarioMIP-r1/CMIP6/ScenarioMIP/EC-Earth-Consortium/EC-Earth3-CC/ssp245/r1i1p1f1/SImon/siconc/gn/v20210113/siconc_SImon_EC-Earth3-CC_ssp245_r1i1p1f1_gn_201601-201612.nc,hdl:21.14100/a43d45d4-cdab-3106-accc-1760ae5d98de,hdl:21.14100/ccd10665-b275-4131-b95c-a0ae2514e3e9,86,2015,2024,2100,2091,TRUE,dec0,CMIP6.ScenarioMIP.EC-Earth-Consortium.EC-Earth3-CC.ssp245.r1i1p1f1.SImon.siconc.gn.v20210113,CMIP6.ScenarioMIP.EC-Earth-Consortium.EC-Earth3-CC.ssp245.r1i1p1f1.SImon.siconc.gn.v20210113.2015-2024.nc,/perm_storage/home/data/CMIP6_data/EC-Earth3-CC/ssp245,/perm_storage/home/data/CMIP6_data/EC-Earth3-CC/ssp245/CMIP6.ScenarioMIP.EC-Earth-Consortium.EC-Earth3-CC.ssp245.r1i1p1f1.SImon.siconc.gn.v20210113.2015-2024.nc
CMIP6.ScenarioMIP.EC-Earth-Consortium.EC-Earth3-CC.ssp245.r1i1p1f1.SImon.siconc.gn.v20210113.siconc_SImon_EC-Earth3-CC_ssp245_r1i1p1f1_gn_201701-201712.nc|esgf.bsc.es,CMIP6.ScenarioMIP.EC-Earth-Consortium.EC-Earth3-CC.ssp245.r1i1p1f1.SImon.siconc.gn.v20210113|esgf.bsc.es,CMIP6,ScenarioMIP,EC-Earth-Consortium,EC-Earth3-CC,ssp245,r1i1p1f1,SImon,mon,gn,20210113,100 km,siconc,Sea-Ice Area Percentage (Ocean Grid),%,2017-01-01T00:00:00Z,2017-12-01T00:00:00Z,2220450,esgf.bsc.es,http://esgf.bsc.es/thredds/fileServer/esg_dataroot/a3dn-ScenarioMIP-r1/CMIP6/ScenarioMIP/EC-Earth-Consortium/EC-Earth3-CC/ssp245/r1i1p1f1/SImon/siconc/gn/v20210113/siconc_SImon_EC-Earth3-CC_ssp245_r1i1p1f1_gn_201701-201712.nc,hdl:21.14100/a43d45d4-cdab-3106-accc-1760ae5d98de,hdl:21.14100/dcb36949-03da-4be8-81e8-e9c9c7b2001d,86,2015,2024,2100,2091,TRUE,dec0,CMIP6.ScenarioMIP.EC-Earth-Consortium.EC-Earth3-CC.ssp245.r1i1p1f1.SImon.siconc.gn.v20210113,CMIP6.ScenarioMIP.EC-Earth-Consortium.EC-Earth3-CC.ssp245.r1i1p1f1.SImon.siconc.gn.v20210113.2015-2024.nc,/perm_storage/home/data/CMIP6_data/EC-Earth3-CC/ssp245,/perm_storage/home/data/CMIP6_data/EC-Earth3-CC/ssp245/CMIP6.ScenarioMIP.EC-Earth-Consortium.EC-Earth3-CC.ssp245.r1i1p1f1.SImon.siconc.gn.v20210113.2015-2024.nc
CMIP6.ScenarioMIP.EC-Earth-Consortium.EC-Earth3-CC.ssp245.r1i1p1f1.SImon.siconc.gn.v20210113.siconc_SImon_EC-Earth3-CC_ssp245_r1i1p1f1_gn_201801-201812.nc|esgf.bsc.es,CMIP6.ScenarioMIP.EC-Earth-Consortium.EC-Earth3-CC.ssp245.r1i1p1f1.SImon.siconc.gn.v20210113|esgf.bsc.es,CMIP6,ScenarioMIP,EC-Earth-Consortium,EC-Earth3-CC,ssp245,r1i1p1f1,SImon,mon,gn,20210113,100 km,siconc,Sea-Ice Area Percentage (Ocean Grid),%,2018-01-01T00:00:00Z,2018-12-01T00:00:00Z,2222894,esgf.bsc.es,http://esgf.bsc.es/thredds/fileServer/esg_dataroot/a3dn-ScenarioMIP-r1/CMIP6/ScenarioMIP/EC-Earth-Consortium/EC-Earth3-CC/ssp245/r1i1p1f1/SImon/siconc/gn/v20210113/siconc_SImon_EC-Earth3-CC_ssp245_r1i1p1f1_gn_201801-201812.nc,hdl:21.14100/a43d45d4-cdab-3106-accc-1760ae5d98de,hdl:21.14100/260d4ce8-33b4-45a5-9d00-983106ab9552,86,2015,2024,2100,2091,TRUE,dec0,CMIP6.ScenarioMIP.EC-Earth-Consortium.EC-Earth3-CC.ssp245.r1i1p1f1.SImon.siconc.gn.v20210113,CMIP6.ScenarioMIP.EC-Earth-Consortium.EC-Earth3-CC.ssp245.r1i1p1f1.SImon.siconc.gn.v20210113.2015-2024.nc,/perm_storage/home/data/CMIP6_data/EC-Earth3-CC/ssp245,/perm_storage/home/data/CMIP6_data/EC-Earth3-CC/ssp245/CMIP6.ScenarioMIP.EC-Earth-Consortium.EC-Earth3-CC.ssp245.r1i1p1f1.SImon.siconc.gn.v20210113.2015-2024.nc
CMIP6.ScenarioMIP.EC-Earth-Consortium.EC-Earth3-CC.ssp245.r1i1p1f1.SImon.siconc.gn.v20210113.siconc_SImon_EC-Earth3-CC_ssp245_r1i1p1f1_gn_201901-201912.nc|esgf.bsc.es,CMIP6.ScenarioMIP.EC-Earth-Consortium.EC-Earth3-CC.ssp245.r1i1p1f1.SImon.siconc.gn.v20210113|esgf.bsc.es,CMIP6,ScenarioMIP,EC-Earth-Consortium,EC-Earth3-CC,ssp245,r1i1p1f1,SImon,mon,gn,20210113,100 km,siconc,Sea-Ice Area Percentage (Ocean Grid),%,2019-01-01T00:00:00Z,2019-12-01T00:00:00Z,2205448,esgf.bsc.es,http://esgf.bsc.es/thredds/fileServer/esg_dataroot/a3dn-ScenarioMIP-r1/CMIP6/ScenarioMIP/EC-Earth-Consortium/EC-Earth3-CC/ssp245/r1i1p1f1/SImon/siconc/gn/v20210113/siconc_SImon_EC-Earth3-CC_ssp245_r1i1p1f1_gn_201901-201912.nc,hdl:21.14100/a43d45d4-cdab-3106-accc-1760ae5d98de,hdl:21.14100/0dc1248b-4513-4fbe-aaac-0f709ed051ba,86,2015,2024,2100,2091,TRUE,dec0,CMIP6.ScenarioMIP.EC-Earth-Consortium.EC-Earth3-CC.ssp245.r1i1p1f1.SImon.siconc.gn.v20210113,CMIP6.ScenarioMIP.EC-Earth-Consortium.EC-Earth3-CC.ssp245.r1i1p1f1.SImon.siconc.gn.v20210113.2015-2024.nc,/perm_storage/home/data/CMIP6_data/EC-Earth3-CC/ssp245,/perm_storage/home/data/CMIP6_data/EC-Earth3-CC/ssp245/CMIP6.ScenarioMIP.EC-Earth-Consortium.EC-Earth3-CC.ssp245.r1i1p1f1.SImon.siconc.gn.v20210113.2015-2024.nc
CMIP6.ScenarioMIP.EC-Earth-Consortium.EC-Earth3-CC.ssp245.r1i1p1f1.SImon.siconc.gn.v20210113.siconc_SImon_EC-Earth3-CC_ssp245_r1i1p1f1_gn_202001-202012.nc|esgf.bsc.es,CMIP6.ScenarioMIP.EC-Earth-Consortium.EC-Earth3-CC.ssp245.r1i1p1f1.SImon.siconc.gn.v20210113|esgf.bsc.es,CMIP6,ScenarioMIP,EC-Earth-Consortium,EC-Earth3-CC,ssp245,r1i1p1f1,SImon,mon,gn,20210113,100 km,siconc,Sea-Ice Area Percentage (Ocean Grid),%,2020-01-01T00:00:00Z,2020-12-01T00:00:00Z,2221385,esgf.bsc.es,http://esgf.bsc.es/thredds/fileServer/esg_dataroot/a3dn-ScenarioMIP-r1/CMIP6/ScenarioMIP/EC-Earth-Consortium/EC-Earth3-CC/ssp245/r1i1p1f1/SImon/siconc/gn/v20210113/siconc_SImon_EC-Earth3-CC_ssp245_r1i1p1f1_gn_202001-202012.nc,hdl:21.14100/a43d45d4-cdab-3106-accc-1760ae5d98de,hdl:21.14100/e24383aa-d44b-4ee4-922f-bfec6f512a2d,86,2015,2024,2100,2091,TRUE,dec0,CMIP6.ScenarioMIP.EC-Earth-Consortium.EC-Earth3-CC.ssp245.r1i1p1f1.SImon.siconc.gn.v20210113,CMIP6.ScenarioMIP.EC-Earth-Consortium.EC-Earth3-CC.ssp245.r1i1p1f1.SImon.siconc.gn.v20210113.2015-2024.nc,/perm_storage/home/data/CMIP6_data/EC-Earth3-CC/ssp245,/perm_storage/home/data/CMIP6_data/EC-Earth3-CC/ssp245/CMIP6.ScenarioMIP.EC-Earth-Consortium.EC-Earth3-CC.ssp245.r1i1p1f1.SImon.siconc.gn.v20210113.2015-2024.nc
CMIP6.ScenarioMIP.EC-Earth-Consortium.EC-Earth3-CC.ssp245.r1i1p1f1.SImon.siconc.gn.v20210113.siconc_SImon_EC-Earth3-CC_ssp245_r1i1p1f1_gn_202101-202112.nc|esgf.bsc.es,CMIP6.ScenarioMIP.EC-Earth-Consortium.EC-Earth3-CC.ssp245.r1i1p1f1.SImon.siconc.gn.v20210113|esgf.bsc.es,CMIP6,ScenarioMIP,EC-Earth-Consortium,EC-Earth3-CC,ssp245,r1i1p1f1,SImon,mon,gn,20210113,100 km,siconc,Sea-Ice Area Percentage (Ocean Grid),%,2021-01-01T00:00:00Z,2021-12-01T00:00:00Z,2233614,esgf.bsc.es,http://esgf.bsc.es/thredds/fileServer/esg_dataroot/a3dn-ScenarioMIP-r1/CMIP6/ScenarioMIP/EC-Earth-Consortium/EC-Earth3-CC/ssp245/r1i1p1f1/SImon/siconc/gn/v20210113/siconc_SImon_EC-Earth3-CC_ssp245_r1i1p1f1_gn_202101-202112.nc,hdl:21.14100/a43d45d4-cdab-3106-accc-1760ae5d98de,hdl:21.14100/188b538a-8f55-45ca-b308-925d8ccec967,86,2015,2024,2100,2091,TRUE,dec0,CMIP6.ScenarioMIP.EC-Earth-Consortium.EC-Earth3-CC.ssp245.r1i1p1f1.SImon.siconc.gn.v20210113,CMIP6.ScenarioMIP.EC-Earth-Consortium.EC-Earth3-CC.ssp245.r1i1p1f1.SImon.siconc.gn.v20210113.2015-2024.nc,/perm_storage/home/data/CMIP6_data/EC-Earth3-CC/ssp245,/perm_storage/home/data/CMIP6_data/EC-Earth3-CC/ssp245/CMIP6.ScenarioMIP.EC-Earth-Consortium.EC-Earth3-CC.ssp245.r1i1p1f1.SImon.siconc.gn.v20210113.2015-2024.nc
CMIP6.ScenarioMIP.EC-Earth-Consortium.EC-Earth3-CC.ssp245.r1i1p1f1.SImon.siconc.gn.v20210113.siconc_SImon_EC-Earth3-CC_ssp245_r1i1p1f1_gn_202201-202212.nc|esgf.bsc.es,CMIP6.ScenarioMIP.EC-Earth-Consortium.EC-Earth3-CC.ssp245.r1i1p1f1.SImon.siconc.gn.v20210113|esgf.bsc.es,CMIP6,ScenarioMIP,EC-Earth-Consortium,EC-Earth3-CC,ssp245,r1i1p1f1,SImon,mon,gn,20210113,100 km,siconc,Sea-Ice Area Percentage (Ocean Grid),%,2022-01-01T00:00:00Z,2022-12-01T00:00:00Z,2238584,esgf.bsc.es,http://esgf.bsc.es/thredds/fileServer/esg_dataroot/a3dn-ScenarioMIP-r1/CMIP6/ScenarioMIP/EC-Earth-Consortium/EC-Earth3-CC/ssp245/r1i1p1f1/SImon/siconc/gn/v20210113/siconc_SImon_EC-Earth3-CC_ssp245_r1i1p1f1_gn_202201-202212.nc,hdl:21.14100/a43d45d4-cdab-3106-accc-1760ae5d98de,hdl:21.14100/8e13d1f1-2a9a-46cb-b47b-4ae6b21fa187,86,2015,2024,2100,2091,TRUE,dec0,CMIP6.ScenarioMIP.EC-Earth-Consortium.EC-Earth3-CC.ssp245.r1i1p1f1.SImon.siconc.gn.v20210113,CMIP6.ScenarioMIP.EC-Earth-Consortium.EC-Earth3-CC.ssp245.r1i1p1f1.SImon.siconc.gn.v20210113.2015-2024.nc,/perm_storage/home/data/CMIP6_data/EC-Earth3-CC/ssp245,/perm_storage/home/data/CMIP6_data/EC-Earth3-CC/ssp245/CMIP6.ScenarioMIP.EC-Earth-Consortium.EC-Earth3-CC.ssp245.r1i1p1f1.SImon.siconc.gn.v20210113.2015-2024.nc
CMIP6.ScenarioMIP.EC-Earth-Consortium.EC-Earth3-CC.ssp245.r1i1p1f1.SImon.siconc.gn.v20210113.siconc_SImon_EC-Earth3-CC_ssp245_r1i1p1f1_gn_202301-202312.nc|esgf.bsc.es,CMIP6.ScenarioMIP.EC-Earth-Consortium.EC-Earth3-CC.ssp245.r1i1p1f1.SImon.siconc.gn.v20210113|esgf.bsc.es,CMIP6,ScenarioMIP,EC-Earth-Consortium,EC-Earth3-CC,ssp245,r1i1p1f1,SImon,mon,gn,20210113,100 km,siconc,Sea-Ice Area Percentage (Ocean Grid),%,2023-01-01T00:00:00Z,2023-12-01T00:00:00Z,2223231,esgf.bsc.es,http://esgf.bsc.es/thredds/fileServer/esg_dataroot/a3dn-ScenarioMIP-r1/CMIP6/ScenarioMIP/EC-Earth-Consortium/EC-Earth3-CC/ssp245/r1i1p1f1/SImon/siconc/gn/v20210113/siconc_SImon_EC-Earth3-CC_ssp245_r1i1p1f1_gn_202301-202312.nc,hdl:21.14100/a43d45d4-cdab-3106-accc-1760ae5d98de,hdl:21.14100/9232c2f2-012a-4204-9e34-cdba46a7e56a,86,2015,2024,2100,2091,TRUE,dec0,CMIP6.ScenarioMIP.EC-Earth-Consortium.EC-Earth3-CC.ssp245.r1i1p1f1.SImon.siconc.gn.v20210113,CMIP6.ScenarioMIP.EC-Earth-Consortium.EC-Earth3-CC.ssp245.r1i1p1f1.SImon.siconc.gn.v20210113.2015-2024.nc,/perm_storage/home/data/CMIP6_data/EC-Earth3-CC/ssp245,/perm_storage/home/data/CMIP6_data/EC-Earth3-CC/ssp245/CMIP6.ScenarioMIP.EC-Earth-Consortium.EC-Earth3-CC.ssp245.r1i1p1f1.SImon.siconc.gn.v20210113.2015-2024.nc
CMIP6.ScenarioMIP.EC-Earth-Consortium.EC-Earth3-CC.ssp245.r1i1p1f1.SImon.siconc.gn.v20210113.siconc_SImon_EC-Earth3-CC_ssp245_r1i1p1f1_gn_202401-202412.nc|esgf.bsc.es,CMIP6.ScenarioMIP.EC-Earth-Consortium.EC-Earth3-CC.ssp245.r1i1p1f1.SImon.siconc.gn.v20210113|esgf.bsc.es,CMIP6,ScenarioMIP,EC-Earth-Consortium,EC-Earth3-CC,ssp245,r1i1p1f1,SImon,mon,gn,20210113,100 km,siconc,Sea-Ice Area Percentage (Ocean Grid),%,2024-01-01T00:00:00Z,2024-12-01T00:00:00Z,2199632,esgf.bsc.es,http://esgf.bsc.es/thredds/fileServer/esg_dataroot/a3dn-ScenarioMIP-r1/CMIP6/ScenarioMIP/EC-Earth-Consortium/EC-Earth3-CC/ssp245/r1i1p1f1/SImon/siconc/gn/v20210113/siconc_SImon_EC-Earth3-CC_ssp245_r1i1p1f1_gn_202401-202412.nc,hdl:21.14100/a43d45d4-cdab-3106-accc-1760ae5d98de,hdl:21.14100/eb4306b1-f88c-4cbe-ac0c-1ac1a03c25c8,86,2015,2024,2100,2091,TRUE,dec0,CMIP6.ScenarioMIP.EC-Earth-Consortium.EC-Earth3-CC.ssp245.r1i1p1f1.SImon.siconc.gn.v20210113,CMIP6.ScenarioMIP.EC-Earth-Consortium.EC-Earth3-CC.ssp245.r1i1p1f1.SImon.siconc.gn.v20210113.2015-2024.nc,/perm_storage/home/data/CMIP6_data/EC-Earth3-CC/ssp245,/perm_storage/home/data/CMIP6_data/EC-Earth3-CC/ssp245/CMIP6.ScenarioMIP.EC-Earth-Consortium.EC-Earth3-CC.ssp245.r1i1p1f1.SImon.siconc.gn.v20210113.2015-2024.nc
CMIP6.ScenarioMIP.EC-Earth-Consortium.EC-Earth3-CC.ssp245.r1i1p1f1.SImon.siconc.gn.v20210113.siconc_SImon_EC-Earth3-CC_ssp245_r1i1p1f1_gn_209101-209112.nc|esgf.bsc.es,CMIP6.ScenarioMIP.EC-Earth-Consortium.EC-Earth3-CC.ssp245.r1i1p1f1.SImon.siconc.gn.v20210113|esgf.bsc.es,CMIP6,ScenarioMIP,EC-Earth-Consortium,EC-Earth3-CC,ssp245,r1i1p1f1,SImon,mon,gn,20210113,100 km,siconc,Sea-Ice Area Percentage (Ocean Grid),%,2091-01-01T00:00:00Z,2091-12-01T00:00:00Z,2151263,esgf.bsc.es,http://esgf.bsc.es/thredds/fileServer/esg_dataroot/a3dn-ScenarioMIP-r1/CMIP6/ScenarioMIP/EC-Earth-Consortium/EC-Earth3-CC/ssp245/r1i1p1f1/SImon/siconc/gn/v20210113/siconc_SImon_EC-Earth3-CC_ssp245_r1i1p1f1_gn_209101-209112.nc,hdl:21.14100/a43d45d4-cdab-3106-accc-1760ae5d98de,hdl:21.14100/0375842b-1904-4b6e-878d-aa77e115ef0b,86,2015,2024,2100,2091,TRUE,decN,CMIP6.ScenarioMIP.EC-Earth-Consortium.EC-Earth3-CC.ssp245.r1i1p1f1.SImon.siconc.gn.v20210113,CMIP6.ScenarioMIP.EC-Earth-Consortium.EC-Earth3-CC.ssp245.r1i1p1f1.SImon.siconc.gn.v20210113.2091-2100.nc,/perm_storage/home/data/CMIP6_data/EC-Earth3-CC/ssp245,/perm_storage/home/data/CMIP6_data/EC-Earth3-CC/ssp245/CMIP6.ScenarioMIP.EC-Earth-Consortium.EC-Earth3-CC.ssp245.r1i1p1f1.SImon.siconc.gn.v20210113.2091-2100.nc
CMIP6.ScenarioMIP.EC-Earth-Consortium.EC-Earth3-CC.ssp245.r1i1p1f1.SImon.siconc.gn.v20210113.siconc_SImon_EC-Earth3-CC_ssp245_r1i1p1f1_gn_209201-209212.nc|esgf.bsc.es,CMIP6.ScenarioMIP.EC-Earth-Consortium.EC-Earth3-CC.ssp245.r1i1p1f1.SImon.siconc.gn.v20210113|esgf.bsc.es,CMIP6,ScenarioMIP,EC-Earth-Consortium,EC-Earth3-CC,ssp245,r1i1p1f1,SImon,mon,gn,20210113,100 km,siconc,Sea-Ice Area Percentage (Ocean Grid),%,2092-01-01T00:00:00Z,2092-12-01T00:00:00Z,2139072,esgf.bsc.es,http://esgf.bsc.es/thredds/fileServer/esg_dataroot/a3dn-ScenarioMIP-r1/CMIP6/ScenarioMIP/EC-Earth-Consortium/EC-Earth3-CC/ssp245/r1i1p1f1/SImon/siconc/gn/v20210113/siconc_SImon_EC-Earth3-CC_ssp245_r1i1p1f1_gn_209201-209212.nc,hdl:21.14100/a43d45d4-cdab-3106-accc-1760ae5d98de,hdl:21.14100/f1027757-80f8-477f-bb1b-178b0cecf89f,86,2015,2024,2100,2091,TRUE,decN,CMIP6.ScenarioMIP.EC-Earth-Consortium.EC-Earth3-CC.ssp245.r1i1p1f1.SImon.siconc.gn.v20210113,CMIP6.ScenarioMIP.EC-Earth-Consortium.EC-Earth3-CC.ssp245.r1i1p1f1.SImon.siconc.gn.v20210113.2091-2100.nc,/perm_storage/home/data/CMIP6_data/EC-Earth3-CC/ssp245,/perm_storage/home/data/CMIP6_data/EC-Earth3-CC/ssp245/CMIP6.ScenarioMIP.EC-Earth-Consortium.EC-Earth3-CC.ssp245.r1i1p1f1.SImon.siconc.gn.v20210113.2091-2100.nc
CMIP6.ScenarioMIP.EC-Earth-Consortium.EC-Earth3-CC.ssp245.r1i1p1f1.SImon.siconc.gn.v20210113.siconc_SImon_EC-Earth3-CC_ssp245_r1i1p1f1_gn_209301-209312.nc|esgf.bsc.es,CMIP6.ScenarioMIP.EC-Earth-Consortium.EC-Earth3-CC.ssp245.r1i1p1f1.SImon.siconc.gn.v20210113|esgf.bsc.es,CMIP6,ScenarioMIP,EC-Earth-Consortium,EC-Earth3-CC,ssp245,r1i1p1f1,SImon,mon,gn,20210113,100 km,siconc,Sea-Ice Area Percentage (Ocean Grid),%,2093-01-01T00:00:00Z,2093-12-01T00:00:00Z,2145874,esgf.bsc.es,http://esgf.bsc.es/thredds/fileServer/esg_dataroot/a3dn-ScenarioMIP-r1/CMIP6/ScenarioMIP/EC-Earth-Consortium/EC-Earth3-CC/ssp245/r1i1p1f1/SImon/siconc/gn/v20210113/siconc_SImon_EC-Earth3-CC_ssp245_r1i1p1f1_gn_209301-209312.nc,hdl:21.14100/a43d45d4-cdab-3106-accc-1760ae5d98de,hdl:21.14100/12b2adec-34a2-44ed-9b49-260fec4ca16b,86,2015,2024,2100,2091,TRUE,decN,CMIP6.ScenarioMIP.EC-Earth-Consortium.EC-Earth3-CC.ssp245.r1i1p1f1.SImon.siconc.gn.v20210113,CMIP6.ScenarioMIP.EC-Earth-Consortium.EC-Earth3-CC.ssp245.r1i1p1f1.SImon.siconc.gn.v20210113.2091-2100.nc,/perm_storage/home/data/CMIP6_data/EC-Earth3-CC/ssp245,/perm_storage/home/data/CMIP6_data/EC-Earth3-CC/ssp245/CMIP6.ScenarioMIP.EC-Earth-Consortium.EC-Earth3-CC.ssp245.r1i1p1f1.SImon.siconc.gn.v20210113.2091-2100.nc
CMIP6.ScenarioMIP.EC-Earth-Consortium.EC-Earth3-CC.ssp245.r1i1p1f1.SImon.siconc.gn.v20210113.siconc_SImon_EC-Earth3-CC_ssp245_r1i1p1f1_gn_209401-209412.nc|esgf.bsc.es,CMIP6.ScenarioMIP.EC-Earth-Consortium.EC-Earth3-CC.ssp245.r1i1p1f1.SImon.siconc.gn.v20210113|esgf.bsc.es,CMIP6,ScenarioMIP,EC-Earth-Consortium,EC-Earth3-CC,ssp245,r1i1p1f1,SImon,mon,gn,20210113,100 km,siconc,Sea-Ice Area Percentage (Ocean Grid),%,2094-01-01T00:00:00Z,2094-12-01T00:00:00Z,2126495,esgf.bsc.es,http://esgf.bsc.es/thredds/fileServer/esg_dataroot/a3dn-ScenarioMIP-r1/CMIP6/ScenarioMIP/EC-Earth-Consortium/EC-Earth3-CC/ssp245/r1i1p1f1/SImon/siconc/gn/v20210113/siconc_SImon_EC-Earth3-CC_ssp245_r1i1p1f1_gn_209401-209412.nc,hdl:21.14100/a43d45d4-cdab-3106-accc-1760ae5d98de,hdl:21.14100/065d84dc-f2f3-4ea0-9219-a651c6978c78,86,2015,2024,2100,2091,TRUE,decN,CMIP6.ScenarioMIP.EC-Earth-Consortium.EC-Earth3-CC.ssp245.r1i1p1f1.SImon.siconc.gn.v20210113,CMIP6.ScenarioMIP.EC-Earth-Consortium.EC-Earth3-CC.ssp245.r1i1p1f1.SImon.siconc.gn.v20210113.2091-2100.nc,/perm_storage/home/data/CMIP6_data/EC-Earth3-CC/ssp245,/perm_storage/home/data/CMIP6_data/EC-Earth3-CC/ssp245/CMIP6.ScenarioMIP.EC-Earth-Consortium.EC-Earth3-CC.ssp245.r1i1p1f1.SImon.siconc.gn.v20210113.2091-2100.nc
CMIP6.ScenarioMIP.EC-Earth-Consortium.EC-Earth3-CC.ssp245.r1i1p1f1.SImon.siconc.gn.v20210113.siconc_SImon_EC-Earth3-CC_ssp245_r1i1p1f1_gn_209501-209512.nc|esgf.bsc.es,CMIP6.ScenarioMIP.EC-Earth-Consortium.EC-Earth3-CC.ssp245.r1i1p1f1.SImon.siconc.gn.v20210113|esgf.bsc.es,CMIP6,ScenarioMIP,EC-Earth-Consortium,EC-Earth3-CC,ssp245,r1i1p1f1,SImon,mon,gn,20210113,100 km,siconc,Sea-Ice Area Percentage (Ocean Grid),%,2095-01-01T00:00:00Z,2095-12-01T00:00:00Z,2098414,esgf.bsc.es,http://esgf.bsc.es/thredds/fileServer/esg_dataroot/a3dn-ScenarioMIP-r1/CMIP6/ScenarioMIP/EC-Earth-Consortium/EC-Earth3-CC/ssp245/r1i1p1f1/SImon/siconc/gn/v20210113/siconc_SImon_EC-Earth3-CC_ssp245_r1i1p1f1_gn_209501-209512.nc,hdl:21.14100/a43d45d4-cdab-3106-accc-1760ae5d98de,hdl:21.14100/5c938200-9202-49f0-98a8-da4224e7b10f,86,2015,2024,2100,2091,TRUE,decN,CMIP6.ScenarioMIP.EC-Earth-Consortium.EC-Earth3-CC.ssp245.r1i1p1f1.SImon.siconc.gn.v20210113,CMIP6.ScenarioMIP.EC-Earth-Consortium.EC-Earth3-CC.ssp245.r1i1p1f1.SImon.siconc.gn.v20210113.2091-2100.nc,/perm_storage/home/data/CMIP6_data/EC-Earth3-CC/ssp245,/perm_storage/home/data/CMIP6_data/EC-Earth3-CC/ssp245/CMIP6.ScenarioMIP.EC-Earth-Consortium.EC-Earth3-CC.ssp245.r1i1p1f1.SImon.siconc.gn.v20210113.2091-2100.nc
CMIP6.ScenarioMIP.EC-Earth-Consortium.EC-Earth3-CC.ssp245.r1i1p1f1.SImon.siconc.gn.v20210113.siconc_SImon_EC-Earth3-CC_ssp245_r1i1p1f1_gn_209601-209612.nc|esgf.bsc.es,CMIP6.ScenarioMIP.EC-Earth-Consortium.EC-Earth3-CC.ssp245.r1i1p1f1.SImon.siconc.gn.v20210113|esgf.bsc.es,CMIP6,ScenarioMIP,EC-Earth-Consortium,EC-Earth3-CC,ssp245,r1i1p1f1,SImon,mon,gn,20210113,100 km,siconc,Sea-Ice Area Percentage (Ocean Grid),%,2096-01-01T00:00:00Z,2096-12-01T00:00:00Z,2115550,esgf.bsc.es,http://esgf.bsc.es/thredds/fileServer/esg_dataroot/a3dn-ScenarioMIP-r1/CMIP6/ScenarioMIP/EC-Earth-Consortium/EC-Earth3-CC/ssp245/r1i1p1f1/SImon/siconc/gn/v20210113/siconc_SImon_EC-Earth3-CC_ssp245_r1i1p1f1_gn_209601-209612.nc,hdl:21.14100/a43d45d4-cdab-3106-accc-1760ae5d98de,hdl:21.14100/0779c384-f605-4d9f-85c6-f0db189c25c1,86,2015,2024,2100,2091,TRUE,decN,CMIP6.ScenarioMIP.EC-Earth-Consortium.EC-Earth3-CC.ssp245.r1i1p1f1.SImon.siconc.gn.v20210113,CMIP6.ScenarioMIP.EC-Earth-Consortium.EC-Earth3-CC.ssp245.r1i1p1f1.SImon.siconc.gn.v20210113.2091-2100.nc,/perm_storage/home/data/CMIP6_data/EC-Earth3-CC/ssp245,/perm_storage/home/data/CMIP6_data/EC-Earth3-CC/ssp245/CMIP6.ScenarioMIP.EC-Earth-Consortium.EC-Earth3-CC.ssp245.r1i1p1f1.SImon.siconc.gn.v20210113.2091-2100.nc
CMIP6.ScenarioMIP.EC-Earth-Consortium.EC-Earth3-CC.ssp245.r1i1p1f1.SImon.siconc.gn.v20210113.siconc_SImon_EC-Earth3-CC_ssp245_r1i1p1f1_gn_209701-209712.nc|esgf.bsc.es,CMIP6.ScenarioMIP.EC-Earth-Consortium.EC-Earth3-CC.ssp245.r1i1p1f1.SImon.siconc.gn.v20210113|esgf.bsc.es,CMIP6,ScenarioMIP,EC-Earth-Consortium,EC-Earth3-CC,ssp245,r1i1p1f1,SImon,mon,gn,20210113,100 km,siconc,Sea-Ice Area Percentage (Ocean Grid),%,2097-01-01T00:00:00Z,2097-12-01T00:00:00Z,2107002,esgf.bsc.es,http://esgf.bsc.es/thredds/fileServer/esg_dataroot/a3dn-ScenarioMIP-r1/CMIP6/ScenarioMIP/EC-Earth-Consortium/EC-Earth3-CC/ssp245/r1i1p1f1/SImon/siconc/gn/v20210113/siconc_SImon_EC-Earth3-CC_ssp245_r1i1p1f1_gn_209701-209712.nc,hdl:21.14100/a43d45d4-cdab-3106-accc-1760ae5d98de,hdl:21.14100/a5e44412-da16-4221-bb46-32020e1b64c8,86,2015,2024,2100,2091,TRUE,decN,CMIP6.ScenarioMIP.EC-Earth-Consortium.EC-Earth3-CC.ssp245.r1i1p1f1.SImon.siconc.gn.v20210113,CMIP6.ScenarioMIP.EC-Earth-Consortium.EC-Earth3-CC.ssp245.r1i1p1f1.SImon.siconc.gn.v20210113.2091-2100.nc,/perm_storage/home/data/CMIP6_data/EC-Earth3-CC/ssp245,/perm_storage/home/data/CMIP6_data/EC-Earth3-CC/ssp245/CMIP6.ScenarioMIP.EC-Earth-Consortium.EC-Earth3-CC.ssp245.r1i1p1f1.SImon.siconc.gn.v20210113.2091-2100.nc
CMIP6.ScenarioMIP.EC-Earth-Consortium.EC-Earth3-CC.ssp245.r1i1p1f1.SImon.siconc.gn.v20210113.siconc_SImon_EC-Earth3-CC_ssp245_r1i1p1f1_gn_209801-209812.nc|esgf.bsc.es,CMIP6.ScenarioMIP.EC-Earth-Consortium.EC-Earth3-CC.ssp245.r1i1p1f1.SImon.siconc.gn.v20210113|esgf.bsc.es,CMIP6,ScenarioMIP,EC-Earth-Consortium,EC-Earth3-CC,ssp245,r1i1p1f1,SImon,mon,gn,20210113,100 km,siconc,Sea-Ice Area Percentage (Ocean Grid),%,2098-01-01T00:00:00Z,2098-12-01T00:00:00Z,2096580,esgf.bsc.es,http://esgf.bsc.es/thredds/fileServer/esg_dataroot/a3dn-ScenarioMIP-r1/CMIP6/ScenarioMIP/EC-Earth-Consortium/EC-Earth3-CC/ssp245/r1i1p1f1/SImon/siconc/gn/v20210113/siconc_SImon_EC-Earth3-CC_ssp245_r1i1p1f1_gn_209801-209812.nc,hdl:21.14100/a43d45d4-cdab-3106-accc-1760ae5d98de,hdl:21.14100/18f30478-1a72-4e6b-8294-7b71db84fca1,86,2015,2024,2100,2091,TRUE,decN,CMIP6.ScenarioMIP.EC-Earth-Consortium.EC-Earth3-CC.ssp245.r1i1p1f1.SImon.siconc.gn.v20210113,CMIP6.ScenarioMIP.EC-Earth-Consortium.EC-Earth3-CC.ssp245.r1i1p1f1.SImon.siconc.gn.v20210113.2091-2100.nc,/perm_storage/home/data/CMIP6_data/EC-Earth3-CC/ssp245,/perm_storage/home/data/CMIP6_data/EC-Earth3-CC/ssp245/CMIP6.ScenarioMIP.EC-Earth-Consortium.EC-Earth3-CC.ssp245.r1i1p1f1.SImon.siconc.gn.v20210113.2091-2100.nc
CMIP6.ScenarioMIP.EC-Earth-Consortium.EC-Earth3-CC.ssp245.r1i1p1f1.SImon.siconc.gn.v20210113.siconc_SImon_EC-Earth3-CC_ssp245_r1i1p1f1_gn_209901-209912.nc|esgf.bsc.es,CMIP6.ScenarioMIP.EC-Earth-Consortium.EC-Earth3-CC.ssp245.r1i1p1f1.SImon.siconc.gn.v20210113|esgf.bsc.es,CMIP6,ScenarioMIP,EC-Earth-Consortium,EC-Earth3-CC,ssp245,r1i1p1f1,SImon,mon,gn,20210113,100 km,siconc,Sea-Ice Area Percentage (Ocean Grid),%,2099-01-01T00:00:00Z,2099-12-01T00:00:00Z,2093736,esgf.bsc.es,http://esgf.bsc.es/thredds/fileServer/esg_dataroot/a3dn-ScenarioMIP-r1/CMIP6/ScenarioMIP/EC-Earth-Consortium/EC-Earth3-CC/ssp245/r1i1p1f1/SImon/siconc/gn/v20210113/siconc_SImon_EC-Earth3-CC_ssp245_r1i1p1f1_gn_209901-209912.nc,hdl:21.14100/a43d45d4-cdab-3106-accc-1760ae5d98de,hdl:21.14100/c50df10f-7bd7-4cb4-8eb9-ef1d867e2afd,86,2015,2024,2100,2091,TRUE,decN,CMIP6.ScenarioMIP.EC-Earth-Consortium.EC-Earth3-CC.ssp245.r1i1p1f1.SImon.siconc.gn.v20210113,CMIP6.ScenarioMIP.EC-Earth-Consortium.EC-Earth3-CC.ssp245.r1i1p1f1.SImon.siconc.gn.v20210113.2091-2100.nc,/perm_storage/home/data/CMIP6_data/EC-Earth3-CC/ssp245,/perm_storage/home/data/CMIP6_data/EC-Earth3-CC/ssp245/CMIP6.ScenarioMIP.EC-Earth-Consortium.EC-Earth3-CC.ssp245.r1i1p1f1.SImon.siconc.gn.v20210113.2091-2100.nc
CMIP6.ScenarioMIP.EC-Earth-Consortium.EC-Earth3-CC.ssp245.r1i1p1f1.SImon.siconc.gn.v20210113.siconc_SImon_EC-Earth3-CC_ssp245_r1i1p1f1_gn_210001-210012.nc|esgf.bsc.es,CMIP6.ScenarioMIP.EC-Earth-Consortium.EC-Earth3-CC.ssp245.r1i1p1f1.SImon.siconc.gn.v20210113|esgf.bsc.es,CMIP6,ScenarioMIP,EC-Earth-Consortium,EC-Earth3-CC,ssp245,r1i1p1f1,SImon,mon,gn,20210113,100 km,siconc,Sea-Ice Area Percentage (Ocean Grid),%,2100-01-01T00:00:00Z,2100-12-01T00:00:00Z,2077534,esgf.bsc.es,http://esgf.bsc.es/thredds/fileServer/esg_dataroot/a3dn-ScenarioMIP-r1/CMIP6/ScenarioMIP/EC-Earth-Consortium/EC-Earth3-CC/ssp245/r1i1p1f1/SImon/siconc/gn/v20210113/siconc_SImon_EC-Earth3-CC_ssp245_r1i1p1f1_gn_210001-210012.nc,hdl:21.14100/a43d45d4-cdab-3106-accc-1760ae5d98de,hdl:21.14100/db21051d-43c3-4d15-b6c3-39ead612d77b,86,2015,2024,2100,2091,TRUE,decN,CMIP6.ScenarioMIP.EC-Earth-Consortium.EC-Earth3-CC.ssp245.r1i1p1f1.SImon.siconc.gn.v20210113,CMIP6.ScenarioMIP.EC-Earth-Consortium.EC-Earth3-CC.ssp245.r1i1p1f1.SImon.siconc.gn.v20210113.2091-2100.nc,/perm_storage/home/data/CMIP6_data/EC-Earth3-CC/ssp245,/perm_storage/home/data/CMIP6_data/EC-Earth3-CC/ssp245/CMIP6.ScenarioMIP.EC-Earth-Consortium.EC-Earth3-CC.ssp245.r1i1p1f1.SImon.siconc.gn.v20210113.2091-2100.nc
CMIP6.ScenarioMIP.EC-Earth-Consortium.EC-Earth3-CC.ssp245.r1i1p1f1.Omon.intpp.gn.v20210113.intpp_Omon_EC-Earth3-CC_ssp245_r1i1p1f1_gn_201501-201512.nc|esgf.bsc.es,CMIP6.ScenarioMIP.EC-Earth-Consortium.EC-Earth3-CC.ssp245.r1i1p1f1.Omon.intpp.gn.v20210113|esgf.bsc.es,CMIP6,ScenarioMIP,EC-Earth-Consortium,EC-Earth3-CC,ssp245,r1i1p1f1,Omon,mon,gn,20210113,100 km,intpp,Primary Organic Carbon Production by All Types of Phytoplankton,mol m-2 s-1,2015-01-01T00:00:00Z,2015-12-01T00:00:00Z,4488647,esgf.bsc.es,http://esgf.bsc.es/thredds/fileServer/esg_dataroot/a3dn-ScenarioMIP-r1/CMIP6/ScenarioMIP/EC-Earth-Consortium/EC-Earth3-CC/ssp245/r1i1p1f1/Omon/intpp/gn/v20210113/intpp_Omon_EC-Earth3-CC_ssp245_r1i1p1f1_gn_201501-201512.nc,hdl:21.14100/7f24a785-b992-392a-b3bd-e7eae84247bd,hdl:21.14100/da1cdbee-6ea4-4230-984c-036d929e7a70,86,2015,2024,2100,2091,TRUE,dec0,CMIP6.ScenarioMIP.EC-Earth-Consortium.EC-Earth3-CC.ssp245.r1i1p1f1.Omon.intpp.gn.v20210113,CMIP6.ScenarioMIP.EC-Earth-Consortium.EC-Earth3-CC.ssp245.r1i1p1f1.Omon.intpp.gn.v20210113.2015-2024.nc,/perm_storage/home/data/CMIP6_data/EC-Earth3-CC/ssp245,/perm_storage/home/data/CMIP6_data/EC-Earth3-CC/ssp245/CMIP6.ScenarioMIP.EC-Earth-Consortium.EC-Earth3-CC.ssp245.r1i1p1f1.Omon.intpp.gn.v20210113.2015-2024.nc
CMIP6.ScenarioMIP.EC-Earth-Consortium.EC-Earth3-CC.ssp245.r1i1p1f1.Omon.intpp.gn.v20210113.intpp_Omon_EC-Earth3-CC_ssp245_r1i1p1f1_gn_201601-201612.nc|esgf.bsc.es,CMIP6.ScenarioMIP.EC-Earth-Consortium.EC-Earth3-CC.ssp245.r1i1p1f1.Omon.intpp.gn.v20210113|esgf.bsc.es,CMIP6,ScenarioMIP,EC-Earth-Consortium,EC-Earth3-CC,ssp245,r1i1p1f1,Omon,mon,gn,20210113,100 km,intpp,Primary Organic Carbon Production by All Types of Phytoplankton,mol m-2 s-1,2016-01-01T00:00:00Z,2016-12-01T00:00:00Z,4489115,esgf.bsc.es,http://esgf.bsc.es/thredds/fileServer/esg_dataroot/a3dn-ScenarioMIP-r1/CMIP6/ScenarioMIP/EC-Earth-Consortium/EC-Earth3-CC/ssp245/r1i1p1f1/Omon/intpp/gn/v20210113/intpp_Omon_EC-Earth3-CC_ssp245_r1i1p1f1_gn_201601-201612.nc,hdl:21.14100/7f24a785-b992-392a-b3bd-e7eae84247bd,hdl:21.14100/99bf1a03-d4a3-4495-98d4-611689e805c8,86,2015,2024,2100,2091,TRUE,dec0,CMIP6.ScenarioMIP.EC-Earth-Consortium.EC-Earth3-CC.ssp245.r1i1p1f1.Omon.intpp.gn.v20210113,CMIP6.ScenarioMIP.EC-Earth-Consortium.EC-Earth3-CC.ssp245.r1i1p1f1.Omon.intpp.gn.v20210113.2015-2024.nc,/perm_storage/home/data/CMIP6_data/EC-Earth3-CC/ssp245,/perm_storage/home/data/CMIP6_data/EC-Earth3-CC/ssp245/CMIP6.ScenarioMIP.EC-Earth-Consortium.EC-Earth3-CC.ssp245.r1i1p1f1.Omon.intpp.gn.v20210113.2015-2024.nc
CMIP6.ScenarioMIP.EC-Earth-Consortium.EC-Earth3-CC.ssp245.r1i1p1f1.Omon.intpp.gn.v20210113.intpp_Omon_EC-Earth3-CC_ssp245_r1i1p1f1_gn_201701-201712.nc|esgf.bsc.es,CMIP6.ScenarioMIP.EC-Earth-Consortium.EC-Earth3-CC.ssp245.r1i1p1f1.Omon.intpp.gn.v20210113|esgf.bsc.es,CMIP6,ScenarioMIP,EC-Earth-Consortium,EC-Earth3-CC,ssp245,r1i1p1f1,Omon,mon,gn,20210113,100 km,intpp,Primary Organic Carbon Production by All Types of Phytoplankton,mol m-2 s-1,2017-01-01T00:00:00Z,2017-12-01T00:00:00Z,4490533,esgf.bsc.es,http://esgf.bsc.es/thredds/fileServer/esg_dataroot/a3dn-ScenarioMIP-r1/CMIP6/ScenarioMIP/EC-Earth-Consortium/EC-Earth3-CC/ssp245/r1i1p1f1/Omon/intpp/gn/v20210113/intpp_Omon_EC-Earth3-CC_ssp245_r1i1p1f1_gn_201701-201712.nc,hdl:21.14100/7f24a785-b992-392a-b3bd-e7eae84247bd,hdl:21.14100/66772cd5-48e0-4614-8a9d-1226f98cfd47,86,2015,2024,2100,2091,TRUE,dec0,CMIP6.ScenarioMIP.EC-Earth-Consortium.EC-Earth3-CC.ssp245.r1i1p1f1.Omon.intpp.gn.v20210113,CMIP6.ScenarioMIP.EC-Earth-Consortium.EC-Earth3-CC.ssp245.r1i1p1f1.Omon.intpp.gn.v20210113.2015-2024.nc,/perm_storage/home/data/CMIP6_data/EC-Earth3-CC/ssp245,/perm_storage/home/data/CMIP6_data/EC-Earth3-CC/ssp245/CMIP6.ScenarioMIP.EC-Earth-Consortium.EC-Earth3-CC.ssp245.r1i1p1f1.Omon.intpp.gn.v20210113.2015-2024.nc
CMIP6.ScenarioMIP.EC-Earth-Consortium.EC-Earth3-CC.ssp245.r1i1p1f1.Omon.intpp.gn.v20210113.intpp_Omon_EC-Earth3-CC_ssp245_r1i1p1f1_gn_201801-201812.nc|esgf.bsc.es,CMIP6.ScenarioMIP.EC-Earth-Consortium.EC-Earth3-CC.ssp245.r1i1p1f1.Omon.intpp.gn.v20210113|esgf.bsc.es,CMIP6,ScenarioMIP,EC-Earth-Consortium,EC-Earth3-CC,ssp245,r1i1p1f1,Omon,mon,gn,20210113,100 km,intpp,Primary Organic Carbon Production by All Types of Phytoplankton,mol m-2 s-1,2018-01-01T00:00:00Z,2018-12-01T00:00:00Z,4488761,esgf.bsc.es,http://esgf.bsc.es/thredds/fileServer/esg_dataroot/a3dn-ScenarioMIP-r1/CMIP6/ScenarioMIP/EC-Earth-Consortium/EC-Earth3-CC/ssp245/r1i1p1f1/Omon/intpp/gn/v20210113/intpp_Omon_EC-Earth3-CC_ssp245_r1i1p1f1_gn_201801-201812.nc,hdl:21.14100/7f24a785-b992-392a-b3bd-e7eae84247bd,hdl:21.14100/02ec0bb0-d0de-4b26-b0b3-c4eaacfa974d,86,2015,2024,2100,2091,TRUE,dec0,CMIP6.ScenarioMIP.EC-Earth-Consortium.EC-Earth3-CC.ssp245.r1i1p1f1.Omon.intpp.gn.v20210113,CMIP6.ScenarioMIP.EC-Earth-Consortium.EC-Earth3-CC.ssp245.r1i1p1f1.Omon.intpp.gn.v20210113.2015-2024.nc,/perm_storage/home/data/CMIP6_data/EC-Earth3-CC/ssp245,/perm_storage/home/data/CMIP6_data/EC-Earth3-CC/ssp245/CMIP6.ScenarioMIP.EC-Earth-Consortium.EC-Earth3-CC.ssp245.r1i1p1f1.Omon.intpp.gn.v20210113.2015-2024.nc
CMIP6.ScenarioMIP.EC-Earth-Consortium.EC-Earth3-CC.ssp245.r1i1p1f1.Omon.intpp.gn.v20210113.intpp_Omon_EC-Earth3-CC_ssp245_r1i1p1f1_gn_201901-201912.nc|esgf.bsc.es,CMIP6.ScenarioMIP.EC-Earth-Consortium.EC-Earth3-CC.ssp245.r1i1p1f1.Omon.intpp.gn.v20210113|esgf.bsc.es,CMIP6,ScenarioMIP,EC-Earth-Consortium,EC-Earth3-CC,ssp245,r1i1p1f1,Omon,mon,gn,20210113,100 km,intpp,Primary Organic Carbon Production by All Types of Phytoplankton,mol m-2 s-1,2019-01-01T00:00:00Z,2019-12-01T00:00:00Z,4487898,esgf.bsc.es,http://esgf.bsc.es/thredds/fileServer/esg_dataroot/a3dn-ScenarioMIP-r1/CMIP6/ScenarioMIP/EC-Earth-Consortium/EC-Earth3-CC/ssp245/r1i1p1f1/Omon/intpp/gn/v20210113/intpp_Omon_EC-Earth3-CC_ssp245_r1i1p1f1_gn_201901-201912.nc,hdl:21.14100/7f24a785-b992-392a-b3bd-e7eae84247bd,hdl:21.14100/9bd7aad3-9a47-435f-bcfc-eb2550a9df93,86,2015,2024,2100,2091,TRUE,dec0,CMIP6.ScenarioMIP.EC-Earth-Consortium.EC-Earth3-CC.ssp245.r1i1p1f1.Omon.intpp.gn.v20210113,CMIP6.ScenarioMIP.EC-Earth-Consortium.EC-Earth3-CC.ssp245.r1i1p1f1.Omon.intpp.gn.v20210113.2015-2024.nc,/perm_storage/home/data/CMIP6_data/EC-Earth3-CC/ssp245,/perm_storage/home/data/CMIP6_data/EC-Earth3-CC/ssp245/CMIP6.ScenarioMIP.EC-Earth-Consortium.EC-Earth3-CC.ssp245.r1i1p1f1.Omon.intpp.gn.v20210113.2015-2024.nc
CMIP6.ScenarioMIP.EC-Earth-Consortium.EC-Earth3-CC.ssp245.r1i1p1f1.Omon.intpp.gn.v20210113.intpp_Omon_EC-Earth3-CC_ssp245_r1i1p1f1_gn_202001-202012.nc|esgf.bsc.es,CMIP6.ScenarioMIP.EC-Earth-Consortium.EC-Earth3-CC.ssp245.r1i1p1f1.Omon.intpp.gn.v20210113|esgf.bsc.es,CMIP6,ScenarioMIP,EC-Earth-Consortium,EC-Earth3-CC,ssp245,r1i1p1f1,Omon,mon,gn,20210113,100 km,intpp,Primary Organic Carbon Production by All Types of Phytoplankton,mol m-2 s-1,2020-01-01T00:00:00Z,2020-12-01T00:00:00Z,4489520,esgf.bsc.es,http://esgf.bsc.es/thredds/fileServer/esg_dataroot/a3dn-ScenarioMIP-r1/CMIP6/ScenarioMIP/EC-Earth-Consortium/EC-Earth3-CC/ssp245/r1i1p1f1/Omon/intpp/gn/v20210113/intpp_Omon_EC-Earth3-CC_ssp245_r1i1p1f1_gn_202001-202012.nc,hdl:21.14100/7f24a785-b992-392a-b3bd-e7eae84247bd,hdl:21.14100/8ce712b4-230e-4e75-84e6-8ab2898107e0,86,2015,2024,2100,2091,TRUE,dec0,CMIP6.ScenarioMIP.EC-Earth-Consortium.EC-Earth3-CC.ssp245.r1i1p1f1.Omon.intpp.gn.v20210113,CMIP6.ScenarioMIP.EC-Earth-Consortium.EC-Earth3-CC.ssp245.r1i1p1f1.Omon.intpp.gn.v20210113.2015-2024.nc,/perm_storage/home/data/CMIP6_data/EC-Earth3-CC/ssp245,/perm_storage/home/data/CMIP6_data/EC-Earth3-CC/ssp245/CMIP6.ScenarioMIP.EC-Earth-Consortium.EC-Earth3-CC.ssp245.r1i1p1f1.Omon.intpp.gn.v20210113.2015-2024.nc
CMIP6.ScenarioMIP.EC-Earth-Consortium.EC-Earth3-CC.ssp245.r1i1p1f1.Omon.intpp.gn.v20210113.intpp_Omon_EC-Earth3-CC_ssp245_r1i1p1f1_gn_202101-202112.nc|esgf.bsc.es,CMIP6.ScenarioMIP.EC-Earth-Consortium.EC-Earth3-CC.ssp245.r1i1p1f1.Omon.intpp.gn.v20210113|esgf.bsc.es,CMIP6,ScenarioMIP,EC-Earth-Consortium,EC-Earth3-CC,ssp245,r1i1p1f1,Omon,mon,gn,20210113,100 km,intpp,Primary Organic Carbon Production by All Types of Phytoplankton,mol m-2 s-1,2021-01-01T00:00:00Z,2021-12-01T00:00:00Z,4489509,esgf.bsc.es,http://esgf.bsc.es/thredds/fileServer/esg_dataroot/a3dn-ScenarioMIP-r1/CMIP6/ScenarioMIP/EC-Earth-Consortium/EC-Earth3-CC/ssp245/r1i1p1f1/Omon/intpp/gn/v20210113/intpp_Omon_EC-Earth3-CC_ssp245_r1i1p1f1_gn_202101-202112.nc,hdl:21.14100/7f24a785-b992-392a-b3bd-e7eae84247bd,hdl:21.14100/5e3c80c9-d1bb-454c-98b9-9782faa11b02,86,2015,2024,2100,2091,TRUE,dec0,CMIP6.ScenarioMIP.EC-Earth-Consortium.EC-Earth3-CC.ssp245.r1i1p1f1.Omon.intpp.gn.v20210113,CMIP6.ScenarioMIP.EC-Earth-Consortium.EC-Earth3-CC.ssp245.r1i1p1f1.Omon.intpp.gn.v20210113.2015-2024.nc,/perm_storage/home/data/CMIP6_data/EC-Earth3-CC/ssp245,/perm_storage/home/data/CMIP6_data/EC-Earth3-CC/ssp245/CMIP6.ScenarioMIP.EC-Earth-Consortium.EC-Earth3-CC.ssp245.r1i1p1f1.Omon.intpp.gn.v20210113.2015-2024.nc
CMIP6.ScenarioMIP.EC-Earth-Consortium.EC-Earth3-CC.ssp245.r1i1p1f1.Omon.intpp.gn.v20210113.intpp_Omon_EC-Earth3-CC_ssp245_r1i1p1f1_gn_202201-202212.nc|esgf.bsc.es,CMIP6.ScenarioMIP.EC-Earth-Consortium.EC-Earth3-CC.ssp245.r1i1p1f1.Omon.intpp.gn.v20210113|esgf.bsc.es,CMIP6,ScenarioMIP,EC-Earth-Consortium,EC-Earth3-CC,ssp245,r1i1p1f1,Omon,mon,gn,20210113,100 km,intpp,Primary Organic Carbon Production by All Types of Phytoplankton,mol m-2 s-1,2022-01-01T00:00:00Z,2022-12-01T00:00:00Z,4488999,esgf.bsc.es,http://esgf.bsc.es/thredds/fileServer/esg_dataroot/a3dn-ScenarioMIP-r1/CMIP6/ScenarioMIP/EC-Earth-Consortium/EC-Earth3-CC/ssp245/r1i1p1f1/Omon/intpp/gn/v20210113/intpp_Omon_EC-Earth3-CC_ssp245_r1i1p1f1_gn_202201-202212.nc,hdl:21.14100/7f24a785-b992-392a-b3bd-e7eae84247bd,hdl:21.14100/f3daed2e-3cfb-482f-b837-cc770e6aeb41,86,2015,2024,2100,2091,TRUE,dec0,CMIP6.ScenarioMIP.EC-Earth-Consortium.EC-Earth3-CC.ssp245.r1i1p1f1.Omon.intpp.gn.v20210113,CMIP6.ScenarioMIP.EC-Earth-Consortium.EC-Earth3-CC.ssp245.r1i1p1f1.Omon.intpp.gn.v20210113.2015-2024.nc,/perm_storage/home/data/CMIP6_data/EC-Earth3-CC/ssp245,/perm_storage/home/data/CMIP6_data/EC-Earth3-CC/ssp245/CMIP6.ScenarioMIP.EC-Earth-Consortium.EC-Earth3-CC.ssp245.r1i1p1f1.Omon.intpp.gn.v20210113.2015-2024.nc
CMIP6.ScenarioMIP.EC-Earth-Consortium.EC-Earth3-CC.ssp245.r1i1p1f1.Omon.intpp.gn.v20210113.intpp_Omon_EC-Earth3-CC_ssp245_r1i1p1f1_gn_202301-202312.nc|esgf.bsc.es,CMIP6.ScenarioMIP.EC-Earth-Consortium.EC-Earth3-CC.ssp245.r1i1p1f1.Omon.intpp.gn.v20210113|esgf.bsc.es,CMIP6,ScenarioMIP,EC-Earth-Consortium,EC-Earth3-CC,ssp245,r1i1p1f1,Omon,mon,gn,20210113,100 km,intpp,Primary Organic Carbon Production by All Types of Phytoplankton,mol m-2 s-1,2023-01-01T00:00:00Z,2023-12-01T00:00:00Z,4490727,esgf.bsc.es,http://esgf.bsc.es/thredds/fileServer/esg_dataroot/a3dn-ScenarioMIP-r1/CMIP6/ScenarioMIP/EC-Earth-Consortium/EC-Earth3-CC/ssp245/r1i1p1f1/Omon/intpp/gn/v20210113/intpp_Omon_EC-Earth3-CC_ssp245_r1i1p1f1_gn_202301-202312.nc,hdl:21.14100/7f24a785-b992-392a-b3bd-e7eae84247bd,hdl:21.14100/b6528898-610b-4864-b31f-a8cba743260a,86,2015,2024,2100,2091,TRUE,dec0,CMIP6.ScenarioMIP.EC-Earth-Consortium.EC-Earth3-CC.ssp245.r1i1p1f1.Omon.intpp.gn.v20210113,CMIP6.ScenarioMIP.EC-Earth-Consortium.EC-Earth3-CC.ssp245.r1i1p1f1.Omon.intpp.gn.v20210113.2015-2024.nc,/perm_storage/home/data/CMIP6_data/EC-Earth3-CC/ssp245,/perm_storage/home/data/CMIP6_data/EC-Earth3-CC/ssp245/CMIP6.ScenarioMIP.EC-Earth-Consortium.EC-Earth3-CC.ssp245.r1i1p1f1.Omon.intpp.gn.v20210113.2015-2024.nc
CMIP6.ScenarioMIP.EC-Earth-Consortium.EC-Earth3-CC.ssp245.r1i1p1f1.Omon.intpp.gn.v20210113.intpp_Omon_EC-Earth3-CC_ssp245_r1i1p1f1_gn_202401-202412.nc|esgf.bsc.es,CMIP6.ScenarioMIP.EC-Earth-Consortium.EC-Earth3-CC.ssp245.r1i1p1f1.Omon.intpp.gn.v20210113|esgf.bsc.es,CMIP6,ScenarioMIP,EC-Earth-Consortium,EC-Earth3-CC,ssp245,r1i1p1f1,Omon,mon,gn,20210113,100 km,intpp,Primary Organic Carbon Production by All Types of Phytoplankton,mol m-2 s-1,2024-01-01T00:00:00Z,2024-12-01T00:00:00Z,4487731,esgf.bsc.es,http://esgf.bsc.es/thredds/fileServer/esg_dataroot/a3dn-ScenarioMIP-r1/CMIP6/ScenarioMIP/EC-Earth-Consortium/EC-Earth3-CC/ssp245/r1i1p1f1/Omon/intpp/gn/v20210113/intpp_Omon_EC-Earth3-CC_ssp245_r1i1p1f1_gn_202401-202412.nc,hdl:21.14100/7f24a785-b992-392a-b3bd-e7eae84247bd,hdl:21.14100/fad83f5c-b693-4dab-85b6-41b4f8d01fad,86,2015,2024,2100,2091,TRUE,dec0,CMIP6.ScenarioMIP.EC-Earth-Consortium.EC-Earth3-CC.ssp245.r1i1p1f1.Omon.intpp.gn.v20210113,CMIP6.ScenarioMIP.EC-Earth-Consortium.EC-Earth3-CC.ssp245.r1i1p1f1.Omon.intpp.gn.v20210113.2015-2024.nc,/perm_storage/home/data/CMIP6_data/EC-Earth3-CC/ssp245,/perm_storage/home/data/CMIP6_data/EC-Earth3-CC/ssp245/CMIP6.ScenarioMIP.EC-Earth-Consortium.EC-Earth3-CC.ssp245.r1i1p1f1.Omon.intpp.gn.v20210113.2015-2024.nc
CMIP6.ScenarioMIP.EC-Earth-Consortium.EC-Earth3-CC.ssp245.r1i1p1f1.Omon.intpp.gn.v20210113.intpp_Omon_EC-Earth3-CC_ssp245_r1i1p1f1_gn_209101-209112.nc|esgf.bsc.es,CMIP6.ScenarioMIP.EC-Earth-Consortium.EC-Earth3-CC.ssp245.r1i1p1f1.Omon.intpp.gn.v20210113|esgf.bsc.es,CMIP6,ScenarioMIP,EC-Earth-Consortium,EC-Earth3-CC,ssp245,r1i1p1f1,Omon,mon,gn,20210113,100 km,intpp,Primary Organic Carbon Production by All Types of Phytoplankton,mol m-2 s-1,2091-01-01T00:00:00Z,2091-12-01T00:00:00Z,4488080,esgf.bsc.es,http://esgf.bsc.es/thredds/fileServer/esg_dataroot/a3dn-ScenarioMIP-r1/CMIP6/ScenarioMIP/EC-Earth-Consortium/EC-Earth3-CC/ssp245/r1i1p1f1/Omon/intpp/gn/v20210113/intpp_Omon_EC-Earth3-CC_ssp245_r1i1p1f1_gn_209101-209112.nc,hdl:21.14100/7f24a785-b992-392a-b3bd-e7eae84247bd,hdl:21.14100/4b86eab0-aadf-4988-b655-ad1a52de94a7,86,2015,2024,2100,2091,TRUE,decN,CMIP6.ScenarioMIP.EC-Earth-Consortium.EC-Earth3-CC.ssp245.r1i1p1f1.Omon.intpp.gn.v20210113,CMIP6.ScenarioMIP.EC-Earth-Consortium.EC-Earth3-CC.ssp245.r1i1p1f1.Omon.intpp.gn.v20210113.2091-2100.nc,/perm_storage/home/data/CMIP6_data/EC-Earth3-CC/ssp245,/perm_storage/home/data/CMIP6_data/EC-Earth3-CC/ssp245/CMIP6.ScenarioMIP.EC-Earth-Consortium.EC-Earth3-CC.ssp245.r1i1p1f1.Omon.intpp.gn.v20210113.2091-2100.nc
CMIP6.ScenarioMIP.EC-Earth-Consortium.EC-Earth3-CC.ssp245.r1i1p1f1.Omon.intpp.gn.v20210113.intpp_Omon_EC-Earth3-CC_ssp245_r1i1p1f1_gn_209201-209212.nc|esgf.bsc.es,CMIP6.ScenarioMIP.EC-Earth-Consortium.EC-Earth3-CC.ssp245.r1i1p1f1.Omon.intpp.gn.v20210113|esgf.bsc.es,CMIP6,ScenarioMIP,EC-Earth-Consortium,EC-Earth3-CC,ssp245,r1i1p1f1,Omon,mon,gn,20210113,100 km,intpp,Primary Organic Carbon Production by All Types of Phytoplankton,mol m-2 s-1,2092-01-01T00:00:00Z,2092-12-01T00:00:00Z,4486233,esgf.bsc.es,http://esgf.bsc.es/thredds/fileServer/esg_dataroot/a3dn-ScenarioMIP-r1/CMIP6/ScenarioMIP/EC-Earth-Consortium/EC-Earth3-CC/ssp245/r1i1p1f1/Omon/intpp/gn/v20210113/intpp_Omon_EC-Earth3-CC_ssp245_r1i1p1f1_gn_209201-209212.nc,hdl:21.14100/7f24a785-b992-392a-b3bd-e7eae84247bd,hdl:21.14100/4e3e489d-33a9-42ef-870a-bf84154d224f,86,2015,2024,2100,2091,TRUE,decN,CMIP6.ScenarioMIP.EC-Earth-Consortium.EC-Earth3-CC.ssp245.r1i1p1f1.Omon.intpp.gn.v20210113,CMIP6.ScenarioMIP.EC-Earth-Consortium.EC-Earth3-CC.ssp245.r1i1p1f1.Omon.intpp.gn.v20210113.2091-2100.nc,/perm_storage/home/data/CMIP6_data/EC-Earth3-CC/ssp245,/perm_storage/home/data/CMIP6_data/EC-Earth3-CC/ssp245/CMIP6.ScenarioMIP.EC-Earth-Consortium.EC-Earth3-CC.ssp245.r1i1p1f1.Omon.intpp.gn.v20210113.2091-2100.nc
CMIP6.ScenarioMIP.EC-Earth-Consortium.EC-Earth3-CC.ssp245.r1i1p1f1.Omon.intpp.gn.v20210113.intpp_Omon_EC-Earth3-CC_ssp245_r1i1p1f1_gn_209301-209312.nc|esgf.bsc.es,CMIP6.ScenarioMIP.EC-Earth-Consortium.EC-Earth3-CC.ssp245.r1i1p1f1.Omon.intpp.gn.v20210113|esgf.bsc.es,CMIP6,ScenarioMIP,EC-Earth-Consortium,EC-Earth3-CC,ssp245,r1i1p1f1,Omon,mon,gn,20210113,100 km,intpp,Primary Organic Carbon Production by All Types of Phytoplankton,mol m-2 s-1,2093-01-01T00:00:00Z,2093-12-01T00:00:00Z,4487873,esgf.bsc.es,http://esgf.bsc.es/thredds/fileServer/esg_dataroot/a3dn-ScenarioMIP-r1/CMIP6/ScenarioMIP/EC-Earth-Consortium/EC-Earth3-CC/ssp245/r1i1p1f1/Omon/intpp/gn/v20210113/intpp_Omon_EC-Earth3-CC_ssp245_r1i1p1f1_gn_209301-209312.nc,hdl:21.14100/7f24a785-b992-392a-b3bd-e7eae84247bd,hdl:21.14100/ddcc572c-6325-494d-b8c4-a421987c82a9,86,2015,2024,2100,2091,TRUE,decN,CMIP6.ScenarioMIP.EC-Earth-Consortium.EC-Earth3-CC.ssp245.r1i1p1f1.Omon.intpp.gn.v20210113,CMIP6.ScenarioMIP.EC-Earth-Consortium.EC-Earth3-CC.ssp245.r1i1p1f1.Omon.intpp.gn.v20210113.2091-2100.nc,/perm_storage/home/data/CMIP6_data/EC-Earth3-CC/ssp245,/perm_storage/home/data/CMIP6_data/EC-Earth3-CC/ssp245/CMIP6.ScenarioMIP.EC-Earth-Consortium.EC-Earth3-CC.ssp245.r1i1p1f1.Omon.intpp.gn.v20210113.2091-2100.nc
CMIP6.ScenarioMIP.EC-Earth-Consortium.EC-Earth3-CC.ssp245.r1i1p1f1.Omon.intpp.gn.v20210113.intpp_Omon_EC-Earth3-CC_ssp245_r1i1p1f1_gn_209401-209412.nc|esgf.bsc.es,CMIP6.ScenarioMIP.EC-Earth-Consortium.EC-Earth3-CC.ssp245.r1i1p1f1.Omon.intpp.gn.v20210113|esgf.bsc.es,CMIP6,ScenarioMIP,EC-Earth-Consortium,EC-Earth3-CC,ssp245,r1i1p1f1,Omon,mon,gn,20210113,100 km,intpp,Primary Organic Carbon Production by All Types of Phytoplankton,mol m-2 s-1,2094-01-01T00:00:00Z,2094-12-01T00:00:00Z,4486219,esgf.bsc.es,http://esgf.bsc.es/thredds/fileServer/esg_dataroot/a3dn-ScenarioMIP-r1/CMIP6/ScenarioMIP/EC-Earth-Consortium/EC-Earth3-CC/ssp245/r1i1p1f1/Omon/intpp/gn/v20210113/intpp_Omon_EC-Earth3-CC_ssp245_r1i1p1f1_gn_209401-209412.nc,hdl:21.14100/7f24a785-b992-392a-b3bd-e7eae84247bd,hdl:21.14100/04b35706-fa21-45cd-9b25-c8f7ce52eef0,86,2015,2024,2100,2091,TRUE,decN,CMIP6.ScenarioMIP.EC-Earth-Consortium.EC-Earth3-CC.ssp245.r1i1p1f1.Omon.intpp.gn.v20210113,CMIP6.ScenarioMIP.EC-Earth-Consortium.EC-Earth3-CC.ssp245.r1i1p1f1.Omon.intpp.gn.v20210113.2091-2100.nc,/perm_storage/home/data/CMIP6_data/EC-Earth3-CC/ssp245,/perm_storage/home/data/CMIP6_data/EC-Earth3-CC/ssp245/CMIP6.ScenarioMIP.EC-Earth-Consortium.EC-Earth3-CC.ssp245.r1i1p1f1.Omon.intpp.gn.v20210113.2091-2100.nc
CMIP6.ScenarioMIP.EC-Earth-Consortium.EC-Earth3-CC.ssp245.r1i1p1f1.Omon.intpp.gn.v20210113.intpp_Omon_EC-Earth3-CC_ssp245_r1i1p1f1_gn_209501-209512.nc|esgf.bsc.es,CMIP6.ScenarioMIP.EC-Earth-Consortium.EC-Earth3-CC.ssp245.r1i1p1f1.Omon.intpp.gn.v20210113|esgf.bsc.es,CMIP6,ScenarioMIP,EC-Earth-Consortium,EC-Earth3-CC,ssp245,r1i1p1f1,Omon,mon,gn,20210113,100 km,intpp,Primary Organic Carbon Production by All Types of Phytoplankton,mol m-2 s-1,2095-01-01T00:00:00Z,2095-12-01T00:00:00Z,4485105,esgf.bsc.es,http://esgf.bsc.es/thredds/fileServer/esg_dataroot/a3dn-ScenarioMIP-r1/CMIP6/ScenarioMIP/EC-Earth-Consortium/EC-Earth3-CC/ssp245/r1i1p1f1/Omon/intpp/gn/v20210113/intpp_Omon_EC-Earth3-CC_ssp245_r1i1p1f1_gn_209501-209512.nc,hdl:21.14100/7f24a785-b992-392a-b3bd-e7eae84247bd,hdl:21.14100/8b5c10c8-e56d-4fbb-b40c-3d175f794193,86,2015,2024,2100,2091,TRUE,decN,CMIP6.ScenarioMIP.EC-Earth-Consortium.EC-Earth3-CC.ssp245.r1i1p1f1.Omon.intpp.gn.v20210113,CMIP6.ScenarioMIP.EC-Earth-Consortium.EC-Earth3-CC.ssp245.r1i1p1f1.Omon.intpp.gn.v20210113.2091-2100.nc,/perm_storage/home/data/CMIP6_data/EC-Earth3-CC/ssp245,/perm_storage/home/data/CMIP6_data/EC-Earth3-CC/ssp245/CMIP6.ScenarioMIP.EC-Earth-Consortium.EC-Earth3-CC.ssp245.r1i1p1f1.Omon.intpp.gn.v20210113.2091-2100.nc
CMIP6.ScenarioMIP.EC-Earth-Consortium.EC-Earth3-CC.ssp245.r1i1p1f1.Omon.intpp.gn.v20210113.intpp_Omon_EC-Earth3-CC_ssp245_r1i1p1f1_gn_209601-209612.nc|esgf.bsc.es,CMIP6.ScenarioMIP.EC-Earth-Consortium.EC-Earth3-CC.ssp245.r1i1p1f1.Omon.intpp.gn.v20210113|esgf.bsc.es,CMIP6,ScenarioMIP,EC-Earth-Consortium,EC-Earth3-CC,ssp245,r1i1p1f1,Omon,mon,gn,20210113,100 km,intpp,Primary Organic Carbon Production by All Types of Phytoplankton,mol m-2 s-1,2096-01-01T00:00:00Z,2096-12-01T00:00:00Z,4483111,esgf.bsc.es,http://esgf.bsc.es/thredds/fileServer/esg_dataroot/a3dn-ScenarioMIP-r1/CMIP6/ScenarioMIP/EC-Earth-Consortium/EC-Earth3-CC/ssp245/r1i1p1f1/Omon/intpp/gn/v20210113/intpp_Omon_EC-Earth3-CC_ssp245_r1i1p1f1_gn_209601-209612.nc,hdl:21.14100/7f24a785-b992-392a-b3bd-e7eae84247bd,hdl:21.14100/ed9cee16-7990-438c-bf8d-cd82a3f2ecd4,86,2015,2024,2100,2091,TRUE,decN,CMIP6.ScenarioMIP.EC-Earth-Consortium.EC-Earth3-CC.ssp245.r1i1p1f1.Omon.intpp.gn.v20210113,CMIP6.ScenarioMIP.EC-Earth-Consortium.EC-Earth3-CC.ssp245.r1i1p1f1.Omon.intpp.gn.v20210113.2091-2100.nc,/perm_storage/home/data/CMIP6_data/EC-Earth3-CC/ssp245,/perm_storage/home/data/CMIP6_data/EC-Earth3-CC/ssp245/CMIP6.ScenarioMIP.EC-Earth-Consortium.EC-Earth3-CC.ssp245.r1i1p1f1.Omon.intpp.gn.v20210113.2091-2100.nc
CMIP6.ScenarioMIP.EC-Earth-Consortium.EC-Earth3-CC.ssp245.r1i1p1f1.Omon.intpp.gn.v20210113.intpp_Omon_EC-Earth3-CC_ssp245_r1i1p1f1_gn_209701-209712.nc|esgf.bsc.es,CMIP6.ScenarioMIP.EC-Earth-Consortium.EC-Earth3-CC.ssp245.r1i1p1f1.Omon.intpp.gn.v20210113|esgf.bsc.es,CMIP6,ScenarioMIP,EC-Earth-Consortium,EC-Earth3-CC,ssp245,r1i1p1f1,Omon,mon,gn,20210113,100 km,intpp,Primary Organic Carbon Production by All Types of Phytoplankton,mol m-2 s-1,2097-01-01T00:00:00Z,2097-12-01T00:00:00Z,4483163,esgf.bsc.es,http://esgf.bsc.es/thredds/fileServer/esg_dataroot/a3dn-ScenarioMIP-r1/CMIP6/ScenarioMIP/EC-Earth-Consortium/EC-Earth3-CC/ssp245/r1i1p1f1/Omon/intpp/gn/v20210113/intpp_Omon_EC-Earth3-CC_ssp245_r1i1p1f1_gn_209701-209712.nc,hdl:21.14100/7f24a785-b992-392a-b3bd-e7eae84247bd,hdl:21.14100/98a4975b-559f-4591-8bec-21560c4f9762,86,2015,2024,2100,2091,TRUE,decN,CMIP6.ScenarioMIP.EC-Earth-Consortium.EC-Earth3-CC.ssp245.r1i1p1f1.Omon.intpp.gn.v20210113,CMIP6.ScenarioMIP.EC-Earth-Consortium.EC-Earth3-CC.ssp245.r1i1p1f1.Omon.intpp.gn.v20210113.2091-2100.nc,/perm_storage/home/data/CMIP6_data/EC-Earth3-CC/ssp245,/perm_storage/home/data/CMIP6_data/EC-Earth3-CC/ssp245/CMIP6.ScenarioMIP.EC-Earth-Consortium.EC-Earth3-CC.ssp245.r1i1p1f1.Omon.intpp.gn.v20210113.2091-2100.nc
CMIP6.ScenarioMIP.EC-Earth-Consortium.EC-Earth3-CC.ssp245.r1i1p1f1.Omon.intpp.gn.v20210113.intpp_Omon_EC-Earth3-CC_ssp245_r1i1p1f1_gn_209801-209812.nc|esgf.bsc.es,CMIP6.ScenarioMIP.EC-Earth-Consortium.EC-Earth3-CC.ssp245.r1i1p1f1.Omon.intpp.gn.v20210113|esgf.bsc.es,CMIP6,ScenarioMIP,EC-Earth-Consortium,EC-Earth3-CC,ssp245,r1i1p1f1,Omon,mon,gn,20210113,100 km,intpp,Primary Organic Carbon Production by All Types of Phytoplankton,mol m-2 s-1,2098-01-01T00:00:00Z,2098-12-01T00:00:00Z,4485785,esgf.bsc.es,http://esgf.bsc.es/thredds/fileServer/esg_dataroot/a3dn-ScenarioMIP-r1/CMIP6/ScenarioMIP/EC-Earth-Consortium/EC-Earth3-CC/ssp245/r1i1p1f1/Omon/intpp/gn/v20210113/intpp_Omon_EC-Earth3-CC_ssp245_r1i1p1f1_gn_209801-209812.nc,hdl:21.14100/7f24a785-b992-392a-b3bd-e7eae84247bd,hdl:21.14100/091697e1-956c-4e4d-80e0-47f5f9651ca7,86,2015,2024,2100,2091,TRUE,decN,CMIP6.ScenarioMIP.EC-Earth-Consortium.EC-Earth3-CC.ssp245.r1i1p1f1.Omon.intpp.gn.v20210113,CMIP6.ScenarioMIP.EC-Earth-Consortium.EC-Earth3-CC.ssp245.r1i1p1f1.Omon.intpp.gn.v20210113.2091-2100.nc,/perm_storage/home/data/CMIP6_data/EC-Earth3-CC/ssp245,/perm_storage/home/data/CMIP6_data/EC-Earth3-CC/ssp245/CMIP6.ScenarioMIP.EC-Earth-Consortium.EC-Earth3-CC.ssp245.r1i1p1f1.Omon.intpp.gn.v20210113.2091-2100.nc
CMIP6.ScenarioMIP.EC-Earth-Consortium.EC-Earth3-CC.ssp245.r1i1p1f1.Omon.intpp.gn.v20210113.intpp_Omon_EC-Earth3-CC_ssp245_r1i1p1f1_gn_209901-209912.nc|esgf.bsc.es,CMIP6.ScenarioMIP.EC-Earth-Consortium.EC-Earth3-CC.ssp245.r1i1p1f1.Omon.intpp.gn.v20210113|esgf.bsc.es,CMIP6,ScenarioMIP,EC-Earth-Consortium,EC-Earth3-CC,ssp245,r1i1p1f1,Omon,mon,gn,20210113,100 km,intpp,Primary Organic Carbon Production by All Types of Phytoplankton,mol m-2 s-1,2099-01-01T00:00:00Z,2099-12-01T00:00:00Z,4486230,esgf.bsc.es,http://esgf.bsc.es/thredds/fileServer/esg_dataroot/a3dn-ScenarioMIP-r1/CMIP6/ScenarioMIP/EC-Earth-Consortium/EC-Earth3-CC/ssp245/r1i1p1f1/Omon/intpp/gn/v20210113/intpp_Omon_EC-Earth3-CC_ssp245_r1i1p1f1_gn_209901-209912.nc,hdl:21.14100/7f24a785-b992-392a-b3bd-e7eae84247bd,hdl:21.14100/f998433d-dabf-4dcb-8153-badd6dd2e502,86,2015,2024,2100,2091,TRUE,decN,CMIP6.ScenarioMIP.EC-Earth-Consortium.EC-Earth3-CC.ssp245.r1i1p1f1.Omon.intpp.gn.v20210113,CMIP6.ScenarioMIP.EC-Earth-Consortium.EC-Earth3-CC.ssp245.r1i1p1f1.Omon.intpp.gn.v20210113.2091-2100.nc,/perm_storage/home/data/CMIP6_data/EC-Earth3-CC/ssp245,/perm_storage/home/data/CMIP6_data/EC-Earth3-CC/ssp245/CMIP6.ScenarioMIP.EC-Earth-Consortium.EC-Earth3-CC.ssp245.r1i1p1f1.Omon.intpp.gn.v20210113.2091-2100.nc
CMIP6.ScenarioMIP.EC-Earth-Consortium.EC-Earth3-CC.ssp245.r1i1p1f1.Omon.intpp.gn.v20210113.intpp_Omon_EC-Earth3-CC_ssp245_r1i1p1f1_gn_210001-210012.nc|esgf.bsc.es,CMIP6.ScenarioMIP.EC-Earth-Consortium.EC-Earth3-CC.ssp245.r1i1p1f1.Omon.intpp.gn.v20210113|esgf.bsc.es,CMIP6,ScenarioMIP,EC-Earth-Consortium,EC-Earth3-CC,ssp245,r1i1p1f1,Omon,mon,gn,20210113,100 km,intpp,Primary Organic Carbon Production by All Types of Phytoplankton,mol m-2 s-1,2100-01-01T00:00:00Z,2100-12-01T00:00:00Z,4484961,esgf.bsc.es,http://esgf.bsc.es/thredds/fileServer/esg_dataroot/a3dn-ScenarioMIP-r1/CMIP6/ScenarioMIP/EC-Earth-Consortium/EC-Earth3-CC/ssp245/r1i1p1f1/Omon/intpp/gn/v20210113/intpp_Omon_EC-Earth3-CC_ssp245_r1i1p1f1_gn_210001-210012.nc,hdl:21.14100/7f24a785-b992-392a-b3bd-e7eae84247bd,hdl:21.14100/449a49fa-fc37-4d7d-9630-7e0d8bdf3d1f,86,2015,2024,2100,2091,TRUE,decN,CMIP6.ScenarioMIP.EC-Earth-Consortium.EC-Earth3-CC.ssp245.r1i1p1f1.Omon.intpp.gn.v20210113,CMIP6.ScenarioMIP.EC-Earth-Consortium.EC-Earth3-CC.ssp245.r1i1p1f1.Omon.intpp.gn.v20210113.2091-2100.nc,/perm_storage/home/data/CMIP6_data/EC-Earth3-CC/ssp245,/perm_storage/home/data/CMIP6_data/EC-Earth3-CC/ssp245/CMIP6.ScenarioMIP.EC-Earth-Consortium.EC-Earth3-CC.ssp245.r1i1p1f1.Omon.intpp.gn.v20210113.2091-2100.nc
CMIP6.ScenarioMIP.EC-Earth-Consortium.EC-Earth3-CC.ssp245.r1i1p1f1.Omon.tos.gn.v20210113.tos_Omon_EC-Earth3-CC_ssp245_r1i1p1f1_gn_201501-201512.nc|esgf.bsc.es,CMIP6.ScenarioMIP.EC-Earth-Consortium.EC-Earth3-CC.ssp245.r1i1p1f1.Omon.tos.gn.v20210113|esgf.bsc.es,CMIP6,ScenarioMIP,EC-Earth-Consortium,EC-Earth3-CC,ssp245,r1i1p1f1,Omon,mon,gn,20210113,100 km,tos,Sea Surface Temperature,degC,2015-01-01T00:00:00Z,2015-12-01T00:00:00Z,4469306,esgf.bsc.es,http://esgf.bsc.es/thredds/fileServer/esg_dataroot/a3dn-ScenarioMIP-r1/CMIP6/ScenarioMIP/EC-Earth-Consortium/EC-Earth3-CC/ssp245/r1i1p1f1/Omon/tos/gn/v20210113/tos_Omon_EC-Earth3-CC_ssp245_r1i1p1f1_gn_201501-201512.nc,hdl:21.14100/a0c2fce5-7db8-3156-ba0d-16d9bf19779e,hdl:21.14100/f9774d2f-f56e-48b1-9b43-e046f3c0752b,86,2015,2024,2100,2091,TRUE,dec0,CMIP6.ScenarioMIP.EC-Earth-Consortium.EC-Earth3-CC.ssp245.r1i1p1f1.Omon.tos.gn.v20210113,CMIP6.ScenarioMIP.EC-Earth-Consortium.EC-Earth3-CC.ssp245.r1i1p1f1.Omon.tos.gn.v20210113.2015-2024.nc,/perm_storage/home/data/CMIP6_data/EC-Earth3-CC/ssp245,/perm_storage/home/data/CMIP6_data/EC-Earth3-CC/ssp245/CMIP6.ScenarioMIP.EC-Earth-Consortium.EC-Earth3-CC.ssp245.r1i1p1f1.Omon.tos.gn.v20210113.2015-2024.nc
CMIP6.ScenarioMIP.EC-Earth-Consortium.EC-Earth3-CC.ssp245.r1i1p1f1.Omon.tos.gn.v20210113.tos_Omon_EC-Earth3-CC_ssp245_r1i1p1f1_gn_201601-201612.nc|esgf.bsc.es,CMIP6.ScenarioMIP.EC-Earth-Consortium.EC-Earth3-CC.ssp245.r1i1p1f1.Omon.tos.gn.v20210113|esgf.bsc.es,CMIP6,ScenarioMIP,EC-Earth-Consortium,EC-Earth3-CC,ssp245,r1i1p1f1,Omon,mon,gn,20210113,100 km,tos,Sea Surface Temperature,degC,2016-01-01T00:00:00Z,2016-12-01T00:00:00Z,4467469,esgf.bsc.es,http://esgf.bsc.es/thredds/fileServer/esg_dataroot/a3dn-ScenarioMIP-r1/CMIP6/ScenarioMIP/EC-Earth-Consortium/EC-Earth3-CC/ssp245/r1i1p1f1/Omon/tos/gn/v20210113/tos_Omon_EC-Earth3-CC_ssp245_r1i1p1f1_gn_201601-201612.nc,hdl:21.14100/a0c2fce5-7db8-3156-ba0d-16d9bf19779e,hdl:21.14100/dd0ad692-4a7a-4929-a05a-d4dc00144133,86,2015,2024,2100,2091,TRUE,dec0,CMIP6.ScenarioMIP.EC-Earth-Consortium.EC-Earth3-CC.ssp245.r1i1p1f1.Omon.tos.gn.v20210113,CMIP6.ScenarioMIP.EC-Earth-Consortium.EC-Earth3-CC.ssp245.r1i1p1f1.Omon.tos.gn.v20210113.2015-2024.nc,/perm_storage/home/data/CMIP6_data/EC-Earth3-CC/ssp245,/perm_storage/home/data/CMIP6_data/EC-Earth3-CC/ssp245/CMIP6.ScenarioMIP.EC-Earth-Consortium.EC-Earth3-CC.ssp245.r1i1p1f1.Omon.tos.gn.v20210113.2015-2024.nc
CMIP6.ScenarioMIP.EC-Earth-Consortium.EC-Earth3-CC.ssp245.r1i1p1f1.Omon.tos.gn.v20210113.tos_Omon_EC-Earth3-CC_ssp245_r1i1p1f1_gn_201701-201712.nc|esgf.bsc.es,CMIP6.ScenarioMIP.EC-Earth-Consortium.EC-Earth3-CC.ssp245.r1i1p1f1.Omon.tos.gn.v20210113|esgf.bsc.es,CMIP6,ScenarioMIP,EC-Earth-Consortium,EC-Earth3-CC,ssp245,r1i1p1f1,Omon,mon,gn,20210113,100 km,tos,Sea Surface Temperature,degC,2017-01-01T00:00:00Z,2017-12-01T00:00:00Z,4473255,esgf.bsc.es,http://esgf.bsc.es/thredds/fileServer/esg_dataroot/a3dn-ScenarioMIP-r1/CMIP6/ScenarioMIP/EC-Earth-Consortium/EC-Earth3-CC/ssp245/r1i1p1f1/Omon/tos/gn/v20210113/tos_Omon_EC-Earth3-CC_ssp245_r1i1p1f1_gn_201701-201712.nc,hdl:21.14100/a0c2fce5-7db8-3156-ba0d-16d9bf19779e,hdl:21.14100/d13d0fab-ce09-4f36-a51b-4d948d27f741,86,2015,2024,2100,2091,TRUE,dec0,CMIP6.ScenarioMIP.EC-Earth-Consortium.EC-Earth3-CC.ssp245.r1i1p1f1.Omon.tos.gn.v20210113,CMIP6.ScenarioMIP.EC-Earth-Consortium.EC-Earth3-CC.ssp245.r1i1p1f1.Omon.tos.gn.v20210113.2015-2024.nc,/perm_storage/home/data/CMIP6_data/EC-Earth3-CC/ssp245,/perm_storage/home/data/CMIP6_data/EC-Earth3-CC/ssp245/CMIP6.ScenarioMIP.EC-Earth-Consortium.EC-Earth3-CC.ssp245.r1i1p1f1.Omon.tos.gn.v20210113.2015-2024.nc
CMIP6.ScenarioMIP.EC-Earth-Consortium.EC-Earth3-CC.ssp245.r1i1p1f1.Omon.tos.gn.v20210113.tos_Omon_EC-Earth3-CC_ssp245_r1i1p1f1_gn_201801-201812.nc|esgf.bsc.es,CMIP6.ScenarioMIP.EC-Earth-Consortium.EC-Earth3-CC.ssp245.r1i1p1f1.Omon.tos.gn.v20210113|esgf.bsc.es,CMIP6,ScenarioMIP,EC-Earth-Consortium,EC-Earth3-CC,ssp245,r1i1p1f1,Omon,mon,gn,20210113,100 km,tos,Sea Surface Temperature,degC,2018-01-01T00:00:00Z,2018-12-01T00:00:00Z,4472107,esgf.bsc.es,http://esgf.bsc.es/thredds/fileServer/esg_dataroot/a3dn-ScenarioMIP-r1/CMIP6/ScenarioMIP/EC-Earth-Consortium/EC-Earth3-CC/ssp245/r1i1p1f1/Omon/tos/gn/v20210113/tos_Omon_EC-Earth3-CC_ssp245_r1i1p1f1_gn_201801-201812.nc,hdl:21.14100/a0c2fce5-7db8-3156-ba0d-16d9bf19779e,hdl:21.14100/1255c05f-92d4-4ef6-af43-32fb673b06c7,86,2015,2024,2100,2091,TRUE,dec0,CMIP6.ScenarioMIP.EC-Earth-Consortium.EC-Earth3-CC.ssp245.r1i1p1f1.Omon.tos.gn.v20210113,CMIP6.ScenarioMIP.EC-Earth-Consortium.EC-Earth3-CC.ssp245.r1i1p1f1.Omon.tos.gn.v20210113.2015-2024.nc,/perm_storage/home/data/CMIP6_data/EC-Earth3-CC/ssp245,/perm_storage/home/data/CMIP6_data/EC-Earth3-CC/ssp245/CMIP6.ScenarioMIP.EC-Earth-Consortium.EC-Earth3-CC.ssp245.r1i1p1f1.Omon.tos.gn.v20210113.2015-2024.nc
CMIP6.ScenarioMIP.EC-Earth-Consortium.EC-Earth3-CC.ssp245.r1i1p1f1.Omon.tos.gn.v20210113.tos_Omon_EC-Earth3-CC_ssp245_r1i1p1f1_gn_201901-201912.nc|esgf.bsc.es,CMIP6.ScenarioMIP.EC-Earth-Consortium.EC-Earth3-CC.ssp245.r1i1p1f1.Omon.tos.gn.v20210113|esgf.bsc.es,CMIP6,ScenarioMIP,EC-Earth-Consortium,EC-Earth3-CC,ssp245,r1i1p1f1,Omon,mon,gn,20210113,100 km,tos,Sea Surface Temperature,degC,2019-01-01T00:00:00Z,2019-12-01T00:00:00Z,4469221,esgf.bsc.es,http://esgf.bsc.es/thredds/fileServer/esg_dataroot/a3dn-ScenarioMIP-r1/CMIP6/ScenarioMIP/EC-Earth-Consortium/EC-Earth3-CC/ssp245/r1i1p1f1/Omon/tos/gn/v20210113/tos_Omon_EC-Earth3-CC_ssp245_r1i1p1f1_gn_201901-201912.nc,hdl:21.14100/a0c2fce5-7db8-3156-ba0d-16d9bf19779e,hdl:21.14100/bb7d0721-382d-46ae-a1db-744a068b88dd,86,2015,2024,2100,2091,TRUE,dec0,CMIP6.ScenarioMIP.EC-Earth-Consortium.EC-Earth3-CC.ssp245.r1i1p1f1.Omon.tos.gn.v20210113,CMIP6.ScenarioMIP.EC-Earth-Consortium.EC-Earth3-CC.ssp245.r1i1p1f1.Omon.tos.gn.v20210113.2015-2024.nc,/perm_storage/home/data/CMIP6_data/EC-Earth3-CC/ssp245,/perm_storage/home/data/CMIP6_data/EC-Earth3-CC/ssp245/CMIP6.ScenarioMIP.EC-Earth-Consortium.EC-Earth3-CC.ssp245.r1i1p1f1.Omon.tos.gn.v20210113.2015-2024.nc
CMIP6.ScenarioMIP.EC-Earth-Consortium.EC-Earth3-CC.ssp245.r1i1p1f1.Omon.tos.gn.v20210113.tos_Omon_EC-Earth3-CC_ssp245_r1i1p1f1_gn_202001-202012.nc|esgf.bsc.es,CMIP6.ScenarioMIP.EC-Earth-Consortium.EC-Earth3-CC.ssp245.r1i1p1f1.Omon.tos.gn.v20210113|esgf.bsc.es,CMIP6,ScenarioMIP,EC-Earth-Consortium,EC-Earth3-CC,ssp245,r1i1p1f1,Omon,mon,gn,20210113,100 km,tos,Sea Surface Temperature,degC,2020-01-01T00:00:00Z,2020-12-01T00:00:00Z,4468374,esgf.bsc.es,http://esgf.bsc.es/thredds/fileServer/esg_dataroot/a3dn-ScenarioMIP-r1/CMIP6/ScenarioMIP/EC-Earth-Consortium/EC-Earth3-CC/ssp245/r1i1p1f1/Omon/tos/gn/v20210113/tos_Omon_EC-Earth3-CC_ssp245_r1i1p1f1_gn_202001-202012.nc,hdl:21.14100/a0c2fce5-7db8-3156-ba0d-16d9bf19779e,hdl:21.14100/4516e59b-8645-4b5e-aaaa-78ab7cb26989,86,2015,2024,2100,2091,TRUE,dec0,CMIP6.ScenarioMIP.EC-Earth-Consortium.EC-Earth3-CC.ssp245.r1i1p1f1.Omon.tos.gn.v20210113,CMIP6.ScenarioMIP.EC-Earth-Consortium.EC-Earth3-CC.ssp245.r1i1p1f1.Omon.tos.gn.v20210113.2015-2024.nc,/perm_storage/home/data/CMIP6_data/EC-Earth3-CC/ssp245,/perm_storage/home/data/CMIP6_data/EC-Earth3-CC/ssp245/CMIP6.ScenarioMIP.EC-Earth-Consortium.EC-Earth3-CC.ssp245.r1i1p1f1.Omon.tos.gn.v20210113.2015-2024.nc
CMIP6.ScenarioMIP.EC-Earth-Consortium.EC-Earth3-CC.ssp245.r1i1p1f1.Omon.tos.gn.v20210113.tos_Omon_EC-Earth3-CC_ssp245_r1i1p1f1_gn_202101-202112.nc|esgf.bsc.es,CMIP6.ScenarioMIP.EC-Earth-Consortium.EC-Earth3-CC.ssp245.r1i1p1f1.Omon.tos.gn.v20210113|esgf.bsc.es,CMIP6,ScenarioMIP,EC-Earth-Consortium,EC-Earth3-CC,ssp245,r1i1p1f1,Omon,mon,gn,20210113,100 km,tos,Sea Surface Temperature,degC,2021-01-01T00:00:00Z,2021-12-01T00:00:00Z,4470053,esgf.bsc.es,http://esgf.bsc.es/thredds/fileServer/esg_dataroot/a3dn-ScenarioMIP-r1/CMIP6/ScenarioMIP/EC-Earth-Consortium/EC-Earth3-CC/ssp245/r1i1p1f1/Omon/tos/gn/v20210113/tos_Omon_EC-Earth3-CC_ssp245_r1i1p1f1_gn_202101-202112.nc,hdl:21.14100/a0c2fce5-7db8-3156-ba0d-16d9bf19779e,hdl:21.14100/f0619eb1-db72-4d8c-8530-9956b432672a,86,2015,2024,2100,2091,TRUE,dec0,CMIP6.ScenarioMIP.EC-Earth-Consortium.EC-Earth3-CC.ssp245.r1i1p1f1.Omon.tos.gn.v20210113,CMIP6.ScenarioMIP.EC-Earth-Consortium.EC-Earth3-CC.ssp245.r1i1p1f1.Omon.tos.gn.v20210113.2015-2024.nc,/perm_storage/home/data/CMIP6_data/EC-Earth3-CC/ssp245,/perm_storage/home/data/CMIP6_data/EC-Earth3-CC/ssp245/CMIP6.ScenarioMIP.EC-Earth-Consortium.EC-Earth3-CC.ssp245.r1i1p1f1.Omon.tos.gn.v20210113.2015-2024.nc
CMIP6.ScenarioMIP.EC-Earth-Consortium.EC-Earth3-CC.ssp245.r1i1p1f1.Omon.tos.gn.v20210113.tos_Omon_EC-Earth3-CC_ssp245_r1i1p1f1_gn_202201-202212.nc|esgf.bsc.es,CMIP6.ScenarioMIP.EC-Earth-Consortium.EC-Earth3-CC.ssp245.r1i1p1f1.Omon.tos.gn.v20210113|esgf.bsc.es,CMIP6,ScenarioMIP,EC-Earth-Consortium,EC-Earth3-CC,ssp245,r1i1p1f1,Omon,mon,gn,20210113,100 km,tos,Sea Surface Temperature,degC,2022-01-01T00:00:00Z,2022-12-01T00:00:00Z,4467047,esgf.bsc.es,http://esgf.bsc.es/thredds/fileServer/esg_dataroot/a3dn-ScenarioMIP-r1/CMIP6/ScenarioMIP/EC-Earth-Consortium/EC-Earth3-CC/ssp245/r1i1p1f1/Omon/tos/gn/v20210113/tos_Omon_EC-Earth3-CC_ssp245_r1i1p1f1_gn_202201-202212.nc,hdl:21.14100/a0c2fce5-7db8-3156-ba0d-16d9bf19779e,hdl:21.14100/38e0c636-69f9-4abc-9a07-3350f973320b,86,2015,2024,2100,2091,TRUE,dec0,CMIP6.ScenarioMIP.EC-Earth-Consortium.EC-Earth3-CC.ssp245.r1i1p1f1.Omon.tos.gn.v20210113,CMIP6.ScenarioMIP.EC-Earth-Consortium.EC-Earth3-CC.ssp245.r1i1p1f1.Omon.tos.gn.v20210113.2015-2024.nc,/perm_storage/home/data/CMIP6_data/EC-Earth3-CC/ssp245,/perm_storage/home/data/CMIP6_data/EC-Earth3-CC/ssp245/CMIP6.ScenarioMIP.EC-Earth-Consortium.EC-Earth3-CC.ssp245.r1i1p1f1.Omon.tos.gn.v20210113.2015-2024.nc
CMIP6.ScenarioMIP.EC-Earth-Consortium.EC-Earth3-CC.ssp245.r1i1p1f1.Omon.tos.gn.v20210113.tos_Omon_EC-Earth3-CC_ssp245_r1i1p1f1_gn_202301-202312.nc|esgf.bsc.es,CMIP6.ScenarioMIP.EC-Earth-Consortium.EC-Earth3-CC.ssp245.r1i1p1f1.Omon.tos.gn.v20210113|esgf.bsc.es,CMIP6,ScenarioMIP,EC-Earth-Consortium,EC-Earth3-CC,ssp245,r1i1p1f1,Omon,mon,gn,20210113,100 km,tos,Sea Surface Temperature,degC,2023-01-01T00:00:00Z,2023-12-01T00:00:00Z,4466357,esgf.bsc.es,http://esgf.bsc.es/thredds/fileServer/esg_dataroot/a3dn-ScenarioMIP-r1/CMIP6/ScenarioMIP/EC-Earth-Consortium/EC-Earth3-CC/ssp245/r1i1p1f1/Omon/tos/gn/v20210113/tos_Omon_EC-Earth3-CC_ssp245_r1i1p1f1_gn_202301-202312.nc,hdl:21.14100/a0c2fce5-7db8-3156-ba0d-16d9bf19779e,hdl:21.14100/c89515dd-a0e1-4445-bf98-ecbb90bdd4a5,86,2015,2024,2100,2091,TRUE,dec0,CMIP6.ScenarioMIP.EC-Earth-Consortium.EC-Earth3-CC.ssp245.r1i1p1f1.Omon.tos.gn.v20210113,CMIP6.ScenarioMIP.EC-Earth-Consortium.EC-Earth3-CC.ssp245.r1i1p1f1.Omon.tos.gn.v20210113.2015-2024.nc,/perm_storage/home/data/CMIP6_data/EC-Earth3-CC/ssp245,/perm_storage/home/data/CMIP6_data/EC-Earth3-CC/ssp245/CMIP6.ScenarioMIP.EC-Earth-Consortium.EC-Earth3-CC.ssp245.r1i1p1f1.Omon.tos.gn.v20210113.2015-2024.nc
CMIP6.ScenarioMIP.EC-Earth-Consortium.EC-Earth3-CC.ssp245.r1i1p1f1.Omon.tos.gn.v20210113.tos_Omon_EC-Earth3-CC_ssp245_r1i1p1f1_gn_202401-202412.nc|esgf.bsc.es,CMIP6.ScenarioMIP.EC-Earth-Consortium.EC-Earth3-CC.ssp245.r1i1p1f1.Omon.tos.gn.v20210113|esgf.bsc.es,CMIP6,ScenarioMIP,EC-Earth-Consortium,EC-Earth3-CC,ssp245,r1i1p1f1,Omon,mon,gn,20210113,100 km,tos,Sea Surface Temperature,degC,2024-01-01T00:00:00Z,2024-12-01T00:00:00Z,4468860,esgf.bsc.es,http://esgf.bsc.es/thredds/fileServer/esg_dataroot/a3dn-ScenarioMIP-r1/CMIP6/ScenarioMIP/EC-Earth-Consortium/EC-Earth3-CC/ssp245/r1i1p1f1/Omon/tos/gn/v20210113/tos_Omon_EC-Earth3-CC_ssp245_r1i1p1f1_gn_202401-202412.nc,hdl:21.14100/a0c2fce5-7db8-3156-ba0d-16d9bf19779e,hdl:21.14100/071d97e0-5774-4e53-8ea6-77fd68e26204,86,2015,2024,2100,2091,TRUE,dec0,CMIP6.ScenarioMIP.EC-Earth-Consortium.EC-Earth3-CC.ssp245.r1i1p1f1.Omon.tos.gn.v20210113,CMIP6.ScenarioMIP.EC-Earth-Consortium.EC-Earth3-CC.ssp245.r1i1p1f1.Omon.tos.gn.v20210113.2015-2024.nc,/perm_storage/home/data/CMIP6_data/EC-Earth3-CC/ssp245,/perm_storage/home/data/CMIP6_data/EC-Earth3-CC/ssp245/CMIP6.ScenarioMIP.EC-Earth-Consortium.EC-Earth3-CC.ssp245.r1i1p1f1.Omon.tos.gn.v20210113.2015-2024.nc
CMIP6.ScenarioMIP.EC-Earth-Consortium.EC-Earth3-CC.ssp245.r1i1p1f1.Omon.tos.gn.v20210113.tos_Omon_EC-Earth3-CC_ssp245_r1i1p1f1_gn_209101-209112.nc|esgf.bsc.es,CMIP6.ScenarioMIP.EC-Earth-Consortium.EC-Earth3-CC.ssp245.r1i1p1f1.Omon.tos.gn.v20210113|esgf.bsc.es,CMIP6,ScenarioMIP,EC-Earth-Consortium,EC-Earth3-CC,ssp245,r1i1p1f1,Omon,mon,gn,20210113,100 km,tos,Sea Surface Temperature,degC,2091-01-01T00:00:00Z,2091-12-01T00:00:00Z,4468947,esgf.bsc.es,http://esgf.bsc.es/thredds/fileServer/esg_dataroot/a3dn-ScenarioMIP-r1/CMIP6/ScenarioMIP/EC-Earth-Consortium/EC-Earth3-CC/ssp245/r1i1p1f1/Omon/tos/gn/v20210113/tos_Omon_EC-Earth3-CC_ssp245_r1i1p1f1_gn_209101-209112.nc,hdl:21.14100/a0c2fce5-7db8-3156-ba0d-16d9bf19779e,hdl:21.14100/bbab3c56-bebf-4db7-87b2-789baa3b1dc4,86,2015,2024,2100,2091,TRUE,decN,CMIP6.ScenarioMIP.EC-Earth-Consortium.EC-Earth3-CC.ssp245.r1i1p1f1.Omon.tos.gn.v20210113,CMIP6.ScenarioMIP.EC-Earth-Consortium.EC-Earth3-CC.ssp245.r1i1p1f1.Omon.tos.gn.v20210113.2091-2100.nc,/perm_storage/home/data/CMIP6_data/EC-Earth3-CC/ssp245,/perm_storage/home/data/CMIP6_data/EC-Earth3-CC/ssp245/CMIP6.ScenarioMIP.EC-Earth-Consortium.EC-Earth3-CC.ssp245.r1i1p1f1.Omon.tos.gn.v20210113.2091-2100.nc
CMIP6.ScenarioMIP.EC-Earth-Consortium.EC-Earth3-CC.ssp245.r1i1p1f1.Omon.tos.gn.v20210113.tos_Omon_EC-Earth3-CC_ssp245_r1i1p1f1_gn_209201-209212.nc|esgf.bsc.es,CMIP6.ScenarioMIP.EC-Earth-Consortium.EC-Earth3-CC.ssp245.r1i1p1f1.Omon.tos.gn.v20210113|esgf.bsc.es,CMIP6,ScenarioMIP,EC-Earth-Consortium,EC-Earth3-CC,ssp245,r1i1p1f1,Omon,mon,gn,20210113,100 km,tos,Sea Surface Temperature,degC,2092-01-01T00:00:00Z,2092-12-01T00:00:00Z,4470555,esgf.bsc.es,http://esgf.bsc.es/thredds/fileServer/esg_dataroot/a3dn-ScenarioMIP-r1/CMIP6/ScenarioMIP/EC-Earth-Consortium/EC-Earth3-CC/ssp245/r1i1p1f1/Omon/tos/gn/v20210113/tos_Omon_EC-Earth3-CC_ssp245_r1i1p1f1_gn_209201-209212.nc,hdl:21.14100/a0c2fce5-7db8-3156-ba0d-16d9bf19779e,hdl:21.14100/f93ac807-2051-4d28-8fce-a419ef39d1dc,86,2015,2024,2100,2091,TRUE,decN,CMIP6.ScenarioMIP.EC-Earth-Consortium.EC-Earth3-CC.ssp245.r1i1p1f1.Omon.tos.gn.v20210113,CMIP6.ScenarioMIP.EC-Earth-Consortium.EC-Earth3-CC.ssp245.r1i1p1f1.Omon.tos.gn.v20210113.2091-2100.nc,/perm_storage/home/data/CMIP6_data/EC-Earth3-CC/ssp245,/perm_storage/home/data/CMIP6_data/EC-Earth3-CC/ssp245/CMIP6.ScenarioMIP.EC-Earth-Consortium.EC-Earth3-CC.ssp245.r1i1p1f1.Omon.tos.gn.v20210113.2091-2100.nc
CMIP6.ScenarioMIP.EC-Earth-Consortium.EC-Earth3-CC.ssp245.r1i1p1f1.Omon.tos.gn.v20210113.tos_Omon_EC-Earth3-CC_ssp245_r1i1p1f1_gn_209301-209312.nc|esgf.bsc.es,CMIP6.ScenarioMIP.EC-Earth-Consortium.EC-Earth3-CC.ssp245.r1i1p1f1.Omon.tos.gn.v20210113|esgf.bsc.es,CMIP6,ScenarioMIP,EC-Earth-Consortium,EC-Earth3-CC,ssp245,r1i1p1f1,Omon,mon,gn,20210113,100 km,tos,Sea Surface Temperature,degC,2093-01-01T00:00:00Z,2093-12-01T00:00:00Z,4469204,esgf.bsc.es,http://esgf.bsc.es/thredds/fileServer/esg_dataroot/a3dn-ScenarioMIP-r1/CMIP6/ScenarioMIP/EC-Earth-Consortium/EC-Earth3-CC/ssp245/r1i1p1f1/Omon/tos/gn/v20210113/tos_Omon_EC-Earth3-CC_ssp245_r1i1p1f1_gn_209301-209312.nc,hdl:21.14100/a0c2fce5-7db8-3156-ba0d-16d9bf19779e,hdl:21.14100/46ac56eb-be01-4285-84ba-7bbe613b9ab5,86,2015,2024,2100,2091,TRUE,decN,CMIP6.ScenarioMIP.EC-Earth-Consortium.EC-Earth3-CC.ssp245.r1i1p1f1.Omon.tos.gn.v20210113,CMIP6.ScenarioMIP.EC-Earth-Consortium.EC-Earth3-CC.ssp245.r1i1p1f1.Omon.tos.gn.v20210113.2091-2100.nc,/perm_storage/home/data/CMIP6_data/EC-Earth3-CC/ssp245,/perm_storage/home/data/CMIP6_data/EC-Earth3-CC/ssp245/CMIP6.ScenarioMIP.EC-Earth-Consortium.EC-Earth3-CC.ssp245.r1i1p1f1.Omon.tos.gn.v20210113.2091-2100.nc
CMIP6.ScenarioMIP.EC-Earth-Consortium.EC-Earth3-CC.ssp245.r1i1p1f1.Omon.tos.gn.v20210113.tos_Omon_EC-Earth3-CC_ssp245_r1i1p1f1_gn_209401-209412.nc|esgf.bsc.es,CMIP6.ScenarioMIP.EC-Earth-Consortium.EC-Earth3-CC.ssp245.r1i1p1f1.Omon.tos.gn.v20210113|esgf.bsc.es,CMIP6,ScenarioMIP,EC-Earth-Consortium,EC-Earth3-CC,ssp245,r1i1p1f1,Omon,mon,gn,20210113,100 km,tos,Sea Surface Temperature,degC,2094-01-01T00:00:00Z,2094-12-01T00:00:00Z,4466156,esgf.bsc.es,http://esgf.bsc.es/thredds/fileServer/esg_dataroot/a3dn-ScenarioMIP-r1/CMIP6/ScenarioMIP/EC-Earth-Consortium/EC-Earth3-CC/ssp245/r1i1p1f1/Omon/tos/gn/v20210113/tos_Omon_EC-Earth3-CC_ssp245_r1i1p1f1_gn_209401-209412.nc,hdl:21.14100/a0c2fce5-7db8-3156-ba0d-16d9bf19779e,hdl:21.14100/9270c203-60e4-457b-99f3-bc24243dc8e7,86,2015,2024,2100,2091,TRUE,decN,CMIP6.ScenarioMIP.EC-Earth-Consortium.EC-Earth3-CC.ssp245.r1i1p1f1.Omon.tos.gn.v20210113,CMIP6.ScenarioMIP.EC-Earth-Consortium.EC-Earth3-CC.ssp245.r1i1p1f1.Omon.tos.gn.v20210113.2091-2100.nc,/perm_storage/home/data/CMIP6_data/EC-Earth3-CC/ssp245,/perm_storage/home/data/CMIP6_data/EC-Earth3-CC/ssp245/CMIP6.ScenarioMIP.EC-Earth-Consortium.EC-Earth3-CC.ssp245.r1i1p1f1.Omon.tos.gn.v20210113.2091-2100.nc
CMIP6.ScenarioMIP.EC-Earth-Consortium.EC-Earth3-CC.ssp245.r1i1p1f1.Omon.tos.gn.v20210113.tos_Omon_EC-Earth3-CC_ssp245_r1i1p1f1_gn_209501-209512.nc|esgf.bsc.es,CMIP6.ScenarioMIP.EC-Earth-Consortium.EC-Earth3-CC.ssp245.r1i1p1f1.Omon.tos.gn.v20210113|esgf.bsc.es,CMIP6,ScenarioMIP,EC-Earth-Consortium,EC-Earth3-CC,ssp245,r1i1p1f1,Omon,mon,gn,20210113,100 km,tos,Sea Surface Temperature,degC,2095-01-01T00:00:00Z,2095-12-01T00:00:00Z,4468206,esgf.bsc.es,http://esgf.bsc.es/thredds/fileServer/esg_dataroot/a3dn-ScenarioMIP-r1/CMIP6/ScenarioMIP/EC-Earth-Consortium/EC-Earth3-CC/ssp245/r1i1p1f1/Omon/tos/gn/v20210113/tos_Omon_EC-Earth3-CC_ssp245_r1i1p1f1_gn_209501-209512.nc,hdl:21.14100/a0c2fce5-7db8-3156-ba0d-16d9bf19779e,hdl:21.14100/3c6b87ce-e41b-49a5-8a7b-8a15062db1e6,86,2015,2024,2100,2091,TRUE,decN,CMIP6.ScenarioMIP.EC-Earth-Consortium.EC-Earth3-CC.ssp245.r1i1p1f1.Omon.tos.gn.v20210113,CMIP6.ScenarioMIP.EC-Earth-Consortium.EC-Earth3-CC.ssp245.r1i1p1f1.Omon.tos.gn.v20210113.2091-2100.nc,/perm_storage/home/data/CMIP6_data/EC-Earth3-CC/ssp245,/perm_storage/home/data/CMIP6_data/EC-Earth3-CC/ssp245/CMIP6.ScenarioMIP.EC-Earth-Consortium.EC-Earth3-CC.ssp245.r1i1p1f1.Omon.tos.gn.v20210113.2091-2100.nc
CMIP6.ScenarioMIP.EC-Earth-Consortium.EC-Earth3-CC.ssp245.r1i1p1f1.Omon.tos.gn.v20210113.tos_Omon_EC-Earth3-CC_ssp245_r1i1p1f1_gn_209601-209612.nc|esgf.bsc.es,CMIP6.ScenarioMIP.EC-Earth-Consortium.EC-Earth3-CC.ssp245.r1i1p1f1.Omon.tos.gn.v20210113|esgf.bsc.es,CMIP6,ScenarioMIP,EC-Earth-Consortium,EC-Earth3-CC,ssp245,r1i1p1f1,Omon,mon,gn,20210113,100 km,tos,Sea Surface Temperature,degC,2096-01-01T00:00:00Z,2096-12-01T00:00:00Z,4470876,esgf.bsc.es,http://esgf.bsc.es/thredds/fileServer/esg_dataroot/a3dn-ScenarioMIP-r1/CMIP6/ScenarioMIP/EC-Earth-Consortium/EC-Earth3-CC/ssp245/r1i1p1f1/Omon/tos/gn/v20210113/tos_Omon_EC-Earth3-CC_ssp245_r1i1p1f1_gn_209601-209612.nc,hdl:21.14100/a0c2fce5-7db8-3156-ba0d-16d9bf19779e,hdl:21.14100/9386cee9-9cef-41e4-9099-b4e41b4241cf,86,2015,2024,2100,2091,TRUE,decN,CMIP6.ScenarioMIP.EC-Earth-Consortium.EC-Earth3-CC.ssp245.r1i1p1f1.Omon.tos.gn.v20210113,CMIP6.ScenarioMIP.EC-Earth-Consortium.EC-Earth3-CC.ssp245.r1i1p1f1.Omon.tos.gn.v20210113.2091-2100.nc,/perm_storage/home/data/CMIP6_data/EC-Earth3-CC/ssp245,/perm_storage/home/data/CMIP6_data/EC-Earth3-CC/ssp245/CMIP6.ScenarioMIP.EC-Earth-Consortium.EC-Earth3-CC.ssp245.r1i1p1f1.Omon.tos.gn.v20210113.2091-2100.nc
CMIP6.ScenarioMIP.EC-Earth-Consortium.EC-Earth3-CC.ssp245.r1i1p1f1.Omon.tos.gn.v20210113.tos_Omon_EC-Earth3-CC_ssp245_r1i1p1f1_gn_209701-209712.nc|esgf.bsc.es,CMIP6.ScenarioMIP.EC-Earth-Consortium.EC-Earth3-CC.ssp245.r1i1p1f1.Omon.tos.gn.v20210113|esgf.bsc.es,CMIP6,ScenarioMIP,EC-Earth-Consortium,EC-Earth3-CC,ssp245,r1i1p1f1,Omon,mon,gn,20210113,100 km,tos,Sea Surface Temperature,degC,2097-01-01T00:00:00Z,2097-12-01T00:00:00Z,4469280,esgf.bsc.es,http://esgf.bsc.es/thredds/fileServer/esg_dataroot/a3dn-ScenarioMIP-r1/CMIP6/ScenarioMIP/EC-Earth-Consortium/EC-Earth3-CC/ssp245/r1i1p1f1/Omon/tos/gn/v20210113/tos_Omon_EC-Earth3-CC_ssp245_r1i1p1f1_gn_209701-209712.nc,hdl:21.14100/a0c2fce5-7db8-3156-ba0d-16d9bf19779e,hdl:21.14100/8bd6c517-6d50-40b3-a608-8523a743ad67,86,2015,2024,2100,2091,TRUE,decN,CMIP6.ScenarioMIP.EC-Earth-Consortium.EC-Earth3-CC.ssp245.r1i1p1f1.Omon.tos.gn.v20210113,CMIP6.ScenarioMIP.EC-Earth-Consortium.EC-Earth3-CC.ssp245.r1i1p1f1.Omon.tos.gn.v20210113.2091-2100.nc,/perm_storage/home/data/CMIP6_data/EC-Earth3-CC/ssp245,/perm_storage/home/data/CMIP6_data/EC-Earth3-CC/ssp245/CMIP6.ScenarioMIP.EC-Earth-Consortium.EC-Earth3-CC.ssp245.r1i1p1f1.Omon.tos.gn.v20210113.2091-2100.nc
CMIP6.ScenarioMIP.EC-Earth-Consortium.EC-Earth3-CC.ssp245.r1i1p1f1.Omon.tos.gn.v20210113.tos_Omon_EC-Earth3-CC_ssp245_r1i1p1f1_gn_209801-209812.nc|esgf.bsc.es,CMIP6.ScenarioMIP.EC-Earth-Consortium.EC-Earth3-CC.ssp245.r1i1p1f1.Omon.tos.gn.v20210113|esgf.bsc.es,CMIP6,ScenarioMIP,EC-Earth-Consortium,EC-Earth3-CC,ssp245,r1i1p1f1,Omon,mon,gn,20210113,100 km,tos,Sea Surface Temperature,degC,2098-01-01T00:00:00Z,2098-12-01T00:00:00Z,4466403,esgf.bsc.es,http://esgf.bsc.es/thredds/fileServer/esg_dataroot/a3dn-ScenarioMIP-r1/CMIP6/ScenarioMIP/EC-Earth-Consortium/EC-Earth3-CC/ssp245/r1i1p1f1/Omon/tos/gn/v20210113/tos_Omon_EC-Earth3-CC_ssp245_r1i1p1f1_gn_209801-209812.nc,hdl:21.14100/a0c2fce5-7db8-3156-ba0d-16d9bf19779e,hdl:21.14100/e5f0b6fa-c426-4388-80b2-0a6c2bd819a9,86,2015,2024,2100,2091,TRUE,decN,CMIP6.ScenarioMIP.EC-Earth-Consortium.EC-Earth3-CC.ssp245.r1i1p1f1.Omon.tos.gn.v20210113,CMIP6.ScenarioMIP.EC-Earth-Consortium.EC-Earth3-CC.ssp245.r1i1p1f1.Omon.tos.gn.v20210113.2091-2100.nc,/perm_storage/home/data/CMIP6_data/EC-Earth3-CC/ssp245,/perm_storage/home/data/CMIP6_data/EC-Earth3-CC/ssp245/CMIP6.ScenarioMIP.EC-Earth-Consortium.EC-Earth3-CC.ssp245.r1i1p1f1.Omon.tos.gn.v20210113.2091-2100.nc
CMIP6.ScenarioMIP.EC-Earth-Consortium.EC-Earth3-CC.ssp245.r1i1p1f1.Omon.tos.gn.v20210113.tos_Omon_EC-Earth3-CC_ssp245_r1i1p1f1_gn_209901-209912.nc|esgf.bsc.es,CMIP6.ScenarioMIP.EC-Earth-Consortium.EC-Earth3-CC.ssp245.r1i1p1f1.Omon.tos.gn.v20210113|esgf.bsc.es,CMIP6,ScenarioMIP,EC-Earth-Consortium,EC-Earth3-CC,ssp245,r1i1p1f1,Omon,mon,gn,20210113,100 km,tos,Sea Surface Temperature,degC,2099-01-01T00:00:00Z,2099-12-01T00:00:00Z,4464657,esgf.bsc.es,http://esgf.bsc.es/thredds/fileServer/esg_dataroot/a3dn-ScenarioMIP-r1/CMIP6/ScenarioMIP/EC-Earth-Consortium/EC-Earth3-CC/ssp245/r1i1p1f1/Omon/tos/gn/v20210113/tos_Omon_EC-Earth3-CC_ssp245_r1i1p1f1_gn_209901-209912.nc,hdl:21.14100/a0c2fce5-7db8-3156-ba0d-16d9bf19779e,hdl:21.14100/dc5cfa56-0465-4290-a22d-2e2d519e6e2a,86,2015,2024,2100,2091,TRUE,decN,CMIP6.ScenarioMIP.EC-Earth-Consortium.EC-Earth3-CC.ssp245.r1i1p1f1.Omon.tos.gn.v20210113,CMIP6.ScenarioMIP.EC-Earth-Consortium.EC-Earth3-CC.ssp245.r1i1p1f1.Omon.tos.gn.v20210113.2091-2100.nc,/perm_storage/home/data/CMIP6_data/EC-Earth3-CC/ssp245,/perm_storage/home/data/CMIP6_data/EC-Earth3-CC/ssp245/CMIP6.ScenarioMIP.EC-Earth-Consortium.EC-Earth3-CC.ssp245.r1i1p1f1.Omon.tos.gn.v20210113.2091-2100.nc
CMIP6.ScenarioMIP.EC-Earth-Consortium.EC-Earth3-CC.ssp245.r1i1p1f1.Omon.tos.gn.v20210113.tos_Omon_EC-Earth3-CC_ssp245_r1i1p1f1_gn_210001-210012.nc|esgf.bsc.es,CMIP6.ScenarioMIP.EC-Earth-Consortium.EC-Earth3-CC.ssp245.r1i1p1f1.Omon.tos.gn.v20210113|esgf.bsc.es,CMIP6,ScenarioMIP,EC-Earth-Consortium,EC-Earth3-CC,ssp245,r1i1p1f1,Omon,mon,gn,20210113,100 km,tos,Sea Surface Temperature,degC,2100-01-01T00:00:00Z,2100-12-01T00:00:00Z,4472319,esgf.bsc.es,http://esgf.bsc.es/thredds/fileServer/esg_dataroot/a3dn-ScenarioMIP-r1/CMIP6/ScenarioMIP/EC-Earth-Consortium/EC-Earth3-CC/ssp245/r1i1p1f1/Omon/tos/gn/v20210113/tos_Omon_EC-Earth3-CC_ssp245_r1i1p1f1_gn_210001-210012.nc,hdl:21.14100/a0c2fce5-7db8-3156-ba0d-16d9bf19779e,hdl:21.14100/6a5b6549-277b-420e-8daf-da072779329a,86,2015,2024,2100,2091,TRUE,decN,CMIP6.ScenarioMIP.EC-Earth-Consortium.EC-Earth3-CC.ssp245.r1i1p1f1.Omon.tos.gn.v20210113,CMIP6.ScenarioMIP.EC-Earth-Consortium.EC-Earth3-CC.ssp245.r1i1p1f1.Omon.tos.gn.v20210113.2091-2100.nc,/perm_storage/home/data/CMIP6_data/EC-Earth3-CC/ssp245,/perm_storage/home/data/CMIP6_data/EC-Earth3-CC/ssp245/CMIP6.ScenarioMIP.EC-Earth-Consortium.EC-Earth3-CC.ssp245.r1i1p1f1.Omon.tos.gn.v20210113.2091-2100.nc
CMIP6.ScenarioMIP.NCC.NorESM2-LM.ssp245.r1i1p1f1.Omon.intpp.gn.v20191108.intpp_Omon_NorESM2-LM_ssp245_r1i1p1f1_gn_201501-202012.nc|noresg.nird.sigma2.no,CMIP6.ScenarioMIP.NCC.NorESM2-LM.ssp245.r1i1p1f1.Omon.intpp.gn.v20191108|noresg.nird.sigma2.no,CMIP6,ScenarioMIP,NCC,NorESM2-LM,ssp245,r1i1p1f1,Omon,mon,gn,20191108,100 km,intpp,Primary Organic Carbon Production by All Types of Phytoplankton,mol m-2 s-1,2015-01-01T00:00:00Z,2020-12-01T00:00:00Z,20827729,noresg.nird.sigma2.no,http://noresg.nird.sigma2.no/thredds/fileServer/esg_dataroot/cmor/CMIP6/ScenarioMIP/NCC/NorESM2-LM/ssp245/r1i1p1f1/Omon/intpp/gn/v20191108/intpp_Omon_NorESM2-LM_ssp245_r1i1p1f1_gn_201501-202012.nc,hdl:21.14100/fae47a5b-646c-33d3-8ab5-b706d7d5aa53,hdl:21.14100/bf7c3083-cfff-460e-940a-09782e6ce7d0,9,2015,2024,2100,2091,TRUE,dec0,CMIP6.ScenarioMIP.NCC.NorESM2-LM.ssp245.r1i1p1f1.Omon.intpp.gn.v20191108,CMIP6.ScenarioMIP.NCC.NorESM2-LM.ssp245.r1i1p1f1.Omon.intpp.gn.v20191108.2015-2024.nc,/perm_storage/home/data/CMIP6_data/NorESM2-LM/ssp245,/perm_storage/home/data/CMIP6_data/NorESM2-LM/ssp245/CMIP6.ScenarioMIP.NCC.NorESM2-LM.ssp245.r1i1p1f1.Omon.intpp.gn.v20191108.2015-2024.nc
CMIP6.ScenarioMIP.NCC.NorESM2-LM.ssp245.r1i1p1f1.Omon.intpp.gn.v20191108.intpp_Omon_NorESM2-LM_ssp245_r1i1p1f1_gn_202101-203012.nc|noresg.nird.sigma2.no,CMIP6.ScenarioMIP.NCC.NorESM2-LM.ssp245.r1i1p1f1.Omon.intpp.gn.v20191108|noresg.nird.sigma2.no,CMIP6,ScenarioMIP,NCC,NorESM2-LM,ssp245,r1i1p1f1,Omon,mon,gn,20191108,100 km,intpp,Primary Organic Carbon Production by All Types of Phytoplankton,mol m-2 s-1,2021-01-01T00:00:00Z,2030-12-01T00:00:00Z,33331157,noresg.nird.sigma2.no,http://noresg.nird.sigma2.no/thredds/fileServer/esg_dataroot/cmor/CMIP6/ScenarioMIP/NCC/NorESM2-LM/ssp245/r1i1p1f1/Omon/intpp/gn/v20191108/intpp_Omon_NorESM2-LM_ssp245_r1i1p1f1_gn_202101-203012.nc,hdl:21.14100/fae47a5b-646c-33d3-8ab5-b706d7d5aa53,hdl:21.14100/154fb28f-dabd-462c-a741-e7839b7e344d,9,2015,2024,2100,2091,TRUE,dec0,CMIP6.ScenarioMIP.NCC.NorESM2-LM.ssp245.r1i1p1f1.Omon.intpp.gn.v20191108,CMIP6.ScenarioMIP.NCC.NorESM2-LM.ssp245.r1i1p1f1.Omon.intpp.gn.v20191108.2015-2024.nc,/perm_storage/home/data/CMIP6_data/NorESM2-LM/ssp245,/perm_storage/home/data/CMIP6_data/NorESM2-LM/ssp245/CMIP6.ScenarioMIP.NCC.NorESM2-LM.ssp245.r1i1p1f1.Omon.intpp.gn.v20191108.2015-2024.nc
CMIP6.ScenarioMIP.NCC.NorESM2-LM.ssp245.r1i1p1f1.Omon.intpp.gn.v20191108.intpp_Omon_NorESM2-LM_ssp245_r1i1p1f1_gn_209101-210012.nc|noresg.nird.sigma2.no,CMIP6.ScenarioMIP.NCC.NorESM2-LM.ssp245.r1i1p1f1.Omon.intpp.gn.v20191108|noresg.nird.sigma2.no,CMIP6,ScenarioMIP,NCC,NorESM2-LM,ssp245,r1i1p1f1,Omon,mon,gn,20191108,100 km,intpp,Primary Organic Carbon Production by All Types of Phytoplankton,mol m-2 s-1,2091-01-01T00:00:00Z,2100-12-01T00:00:00Z,33372347,noresg.nird.sigma2.no,http://noresg.nird.sigma2.no/thredds/fileServer/esg_dataroot/cmor/CMIP6/ScenarioMIP/NCC/NorESM2-LM/ssp245/r1i1p1f1/Omon/intpp/gn/v20191108/intpp_Omon_NorESM2-LM_ssp245_r1i1p1f1_gn_209101-210012.nc,hdl:21.14100/fae47a5b-646c-33d3-8ab5-b706d7d5aa53,hdl:21.14100/56bfbccd-aab9-4aa0-879c-5a658fded312,9,2015,2024,2100,2091,TRUE,decN,CMIP6.ScenarioMIP.NCC.NorESM2-LM.ssp245.r1i1p1f1.Omon.intpp.gn.v20191108,CMIP6.ScenarioMIP.NCC.NorESM2-LM.ssp245.r1i1p1f1.Omon.intpp.gn.v20191108.2091-2100.nc,/perm_storage/home/data/CMIP6_data/NorESM2-LM/ssp245,/perm_storage/home/data/CMIP6_data/NorESM2-LM/ssp245/CMIP6.ScenarioMIP.NCC.NorESM2-LM.ssp245.r1i1p1f1.Omon.intpp.gn.v20191108.2091-2100.nc
CMIP6.ScenarioMIP.NCC.NorESM2-LM.ssp245.r1i1p1f1.Omon.tos.gn.v20191108.tos_Omon_NorESM2-LM_ssp245_r1i1p1f1_gn_201501-202012.nc|noresg.nird.sigma2.no,CMIP6.ScenarioMIP.NCC.NorESM2-LM.ssp245.r1i1p1f1.Omon.tos.gn.v20191108|noresg.nird.sigma2.no,CMIP6,ScenarioMIP,NCC,NorESM2-LM,ssp245,r1i1p1f1,Omon,mon,gn,20191108,100 km,tos,Sea Surface Temperature,degC,2015-01-01T00:00:00Z,2020-12-01T00:00:00Z,20203962,noresg.nird.sigma2.no,http://noresg.nird.sigma2.no/thredds/fileServer/esg_dataroot/cmor/CMIP6/ScenarioMIP/NCC/NorESM2-LM/ssp245/r1i1p1f1/Omon/tos/gn/v20191108/tos_Omon_NorESM2-LM_ssp245_r1i1p1f1_gn_201501-202012.nc,hdl:21.14100/75762006-1b6d-36da-96fc-12f85f2c02ad,hdl:21.14100/639bb6ed-11f5-40c1-a084-8f02b967c10d,9,2015,2024,2100,2091,TRUE,dec0,CMIP6.ScenarioMIP.NCC.NorESM2-LM.ssp245.r1i1p1f1.Omon.tos.gn.v20191108,CMIP6.ScenarioMIP.NCC.NorESM2-LM.ssp245.r1i1p1f1.Omon.tos.gn.v20191108.2015-2024.nc,/perm_storage/home/data/CMIP6_data/NorESM2-LM/ssp245,/perm_storage/home/data/CMIP6_data/NorESM2-LM/ssp245/CMIP6.ScenarioMIP.NCC.NorESM2-LM.ssp245.r1i1p1f1.Omon.tos.gn.v20191108.2015-2024.nc
CMIP6.ScenarioMIP.NCC.NorESM2-LM.ssp245.r1i1p1f1.Omon.tos.gn.v20191108.tos_Omon_NorESM2-LM_ssp245_r1i1p1f1_gn_202101-203012.nc|noresg.nird.sigma2.no,CMIP6.ScenarioMIP.NCC.NorESM2-LM.ssp245.r1i1p1f1.Omon.tos.gn.v20191108|noresg.nird.sigma2.no,CMIP6,ScenarioMIP,NCC,NorESM2-LM,ssp245,r1i1p1f1,Omon,mon,gn,20191108,100 km,tos,Sea Surface Temperature,degC,2021-01-01T00:00:00Z,2030-12-01T00:00:00Z,32298955,noresg.nird.sigma2.no,http://noresg.nird.sigma2.no/thredds/fileServer/esg_dataroot/cmor/CMIP6/ScenarioMIP/NCC/NorESM2-LM/ssp245/r1i1p1f1/Omon/tos/gn/v20191108/tos_Omon_NorESM2-LM_ssp245_r1i1p1f1_gn_202101-203012.nc,hdl:21.14100/75762006-1b6d-36da-96fc-12f85f2c02ad,hdl:21.14100/678be45b-894d-4593-a254-4b987e8c9568,9,2015,2024,2100,2091,TRUE,dec0,CMIP6.ScenarioMIP.NCC.NorESM2-LM.ssp245.r1i1p1f1.Omon.tos.gn.v20191108,CMIP6.ScenarioMIP.NCC.NorESM2-LM.ssp245.r1i1p1f1.Omon.tos.gn.v20191108.2015-2024.nc,/perm_storage/home/data/CMIP6_data/NorESM2-LM/ssp245,/perm_storage/home/data/CMIP6_data/NorESM2-LM/ssp245/CMIP6.ScenarioMIP.NCC.NorESM2-LM.ssp245.r1i1p1f1.Omon.tos.gn.v20191108.2015-2024.nc
CMIP6.ScenarioMIP.NCC.NorESM2-LM.ssp245.r1i1p1f1.Omon.tos.gn.v20191108.tos_Omon_NorESM2-LM_ssp245_r1i1p1f1_gn_209101-210012.nc|noresg.nird.sigma2.no,CMIP6.ScenarioMIP.NCC.NorESM2-LM.ssp245.r1i1p1f1.Omon.tos.gn.v20191108|noresg.nird.sigma2.no,CMIP6,ScenarioMIP,NCC,NorESM2-LM,ssp245,r1i1p1f1,Omon,mon,gn,20191108,100 km,tos,Sea Surface Temperature,degC,2091-01-01T00:00:00Z,2100-12-01T00:00:00Z,32347730,noresg.nird.sigma2.no,http://noresg.nird.sigma2.no/thredds/fileServer/esg_dataroot/cmor/CMIP6/ScenarioMIP/NCC/NorESM2-LM/ssp245/r1i1p1f1/Omon/tos/gn/v20191108/tos_Omon_NorESM2-LM_ssp245_r1i1p1f1_gn_209101-210012.nc,hdl:21.14100/75762006-1b6d-36da-96fc-12f85f2c02ad,hdl:21.14100/9c43b474-e599-4135-bd04-a97e8afe4fee,9,2015,2024,2100,2091,TRUE,decN,CMIP6.ScenarioMIP.NCC.NorESM2-LM.ssp245.r1i1p1f1.Omon.tos.gn.v20191108,CMIP6.ScenarioMIP.NCC.NorESM2-LM.ssp245.r1i1p1f1.Omon.tos.gn.v20191108.2091-2100.nc,/perm_storage/home/data/CMIP6_data/NorESM2-LM/ssp245,/perm_storage/home/data/CMIP6_data/NorESM2-LM/ssp245/CMIP6.ScenarioMIP.NCC.NorESM2-LM.ssp245.r1i1p1f1.Omon.tos.gn.v20191108.2091-2100.nc
CMIP6.ScenarioMIP.NCC.NorESM2-LM.ssp245.r1i1p1f1.SImon.siconc.gn.v20191108.siconc_SImon_NorESM2-LM_ssp245_r1i1p1f1_gn_201501-202012.nc|noresg.nird.sigma2.no,CMIP6.ScenarioMIP.NCC.NorESM2-LM.ssp245.r1i1p1f1.SImon.siconc.gn.v20191108|noresg.nird.sigma2.no,CMIP6,ScenarioMIP,NCC,NorESM2-LM,ssp245,r1i1p1f1,SImon,mon,gn,20191108,100 km,siconc,Sea-Ice Area Percentage (Ocean Grid),%,2015-01-01T00:00:00Z,2020-12-01T00:00:00Z,8026641,noresg.nird.sigma2.no,http://noresg.nird.sigma2.no/thredds/fileServer/esg_dataroot/cmor/CMIP6/ScenarioMIP/NCC/NorESM2-LM/ssp245/r1i1p1f1/SImon/siconc/gn/v20191108/siconc_SImon_NorESM2-LM_ssp245_r1i1p1f1_gn_201501-202012.nc,hdl:21.14100/481b7797-0ffd-36dd-a55b-0fd16d82709c,hdl:21.14100/98e7b664-d9f6-4fc8-bf9d-0e4f10d49f70,9,2015,2024,2100,2091,TRUE,dec0,CMIP6.ScenarioMIP.NCC.NorESM2-LM.ssp245.r1i1p1f1.SImon.siconc.gn.v20191108,CMIP6.ScenarioMIP.NCC.NorESM2-LM.ssp245.r1i1p1f1.SImon.siconc.gn.v20191108.2015-2024.nc,/perm_storage/home/data/CMIP6_data/NorESM2-LM/ssp245,/perm_storage/home/data/CMIP6_data/NorESM2-LM/ssp245/CMIP6.ScenarioMIP.NCC.NorESM2-LM.ssp245.r1i1p1f1.SImon.siconc.gn.v20191108.2015-2024.nc
CMIP6.ScenarioMIP.NCC.NorESM2-LM.ssp245.r1i1p1f1.SImon.siconc.gn.v20191108.siconc_SImon_NorESM2-LM_ssp245_r1i1p1f1_gn_202101-203012.nc|noresg.nird.sigma2.no,CMIP6.ScenarioMIP.NCC.NorESM2-LM.ssp245.r1i1p1f1.SImon.siconc.gn.v20191108|noresg.nird.sigma2.no,CMIP6,ScenarioMIP,NCC,NorESM2-LM,ssp245,r1i1p1f1,SImon,mon,gn,20191108,100 km,siconc,Sea-Ice Area Percentage (Ocean Grid),%,2021-01-01T00:00:00Z,2030-12-01T00:00:00Z,11799123,noresg.nird.sigma2.no,http://noresg.nird.sigma2.no/thredds/fileServer/esg_dataroot/cmor/CMIP6/ScenarioMIP/NCC/NorESM2-LM/ssp245/r1i1p1f1/SImon/siconc/gn/v20191108/siconc_SImon_NorESM2-LM_ssp245_r1i1p1f1_gn_202101-203012.nc,hdl:21.14100/481b7797-0ffd-36dd-a55b-0fd16d82709c,hdl:21.14100/90cef05b-467f-4c6e-9edd-224c81609cc0,9,2015,2024,2100,2091,TRUE,dec0,CMIP6.ScenarioMIP.NCC.NorESM2-LM.ssp245.r1i1p1f1.SImon.siconc.gn.v20191108,CMIP6.ScenarioMIP.NCC.NorESM2-LM.ssp245.r1i1p1f1.SImon.siconc.gn.v20191108.2015-2024.nc,/perm_storage/home/data/CMIP6_data/NorESM2-LM/ssp245,/perm_storage/home/data/CMIP6_data/NorESM2-LM/ssp245/CMIP6.ScenarioMIP.NCC.NorESM2-LM.ssp245.r1i1p1f1.SImon.siconc.gn.v20191108.2015-2024.nc
CMIP6.ScenarioMIP.NCC.NorESM2-LM.ssp245.r1i1p1f1.SImon.siconc.gn.v20191108.siconc_SImon_NorESM2-LM_ssp245_r1i1p1f1_gn_209101-210012.nc|noresg.nird.sigma2.no,CMIP6.ScenarioMIP.NCC.NorESM2-LM.ssp245.r1i1p1f1.SImon.siconc.gn.v20191108|noresg.nird.sigma2.no,CMIP6,ScenarioMIP,NCC,NorESM2-LM,ssp245,r1i1p1f1,SImon,mon,gn,20191108,100 km,siconc,Sea-Ice Area Percentage (Ocean Grid),%,2091-01-01T00:00:00Z,2100-12-01T00:00:00Z,11627119,noresg.nird.sigma2.no,http://noresg.nird.sigma2.no/thredds/fileServer/esg_dataroot/cmor/CMIP6/ScenarioMIP/NCC/NorESM2-LM/ssp245/r1i1p1f1/SImon/siconc/gn/v20191108/siconc_SImon_NorESM2-LM_ssp245_r1i1p1f1_gn_209101-210012.nc,hdl:21.14100/481b7797-0ffd-36dd-a55b-0fd16d82709c,hdl:21.14100/e3b7ceef-4f90-4ed4-a246-acb0b030525c,9,2015,2024,2100,2091,TRUE,decN,CMIP6.ScenarioMIP.NCC.NorESM2-LM.ssp245.r1i1p1f1.SImon.siconc.gn.v20191108,CMIP6.ScenarioMIP.NCC.NorESM2-LM.ssp245.r1i1p1f1.SImon.siconc.gn.v20191108.2091-2100.nc,/perm_storage/home/data/CMIP6_data/NorESM2-LM/ssp245,/perm_storage/home/data/CMIP6_data/NorESM2-LM/ssp245/CMIP6.ScenarioMIP.NCC.NorESM2-LM.ssp245.r1i1p1f1.SImon.siconc.gn.v20191108.2091-2100.nc
CMIP6.ScenarioMIP.NCC.NorESM2-LM.ssp585.r1i1p1f1.Omon.intpp.gn.v20191108.intpp_Omon_NorESM2-LM_ssp585_r1i1p1f1_gn_201501-202012.nc|noresg.nird.sigma2.no,CMIP6.ScenarioMIP.NCC.NorESM2-LM.ssp585.r1i1p1f1.Omon.intpp.gn.v20191108|noresg.nird.sigma2.no,CMIP6,ScenarioMIP,NCC,NorESM2-LM,ssp585,r1i1p1f1,Omon,mon,gn,20191108,100 km,intpp,Primary Organic Carbon Production by All Types of Phytoplankton,mol m-2 s-1,2015-01-01T00:00:00Z,2020-12-01T00:00:00Z,20823860,noresg.nird.sigma2.no,http://noresg.nird.sigma2.no/thredds/fileServer/esg_dataroot/cmor/CMIP6/ScenarioMIP/NCC/NorESM2-LM/ssp585/r1i1p1f1/Omon/intpp/gn/v20191108/intpp_Omon_NorESM2-LM_ssp585_r1i1p1f1_gn_201501-202012.nc,hdl:21.14100/ede9c23b-5e67-3d9a-8bc6-0e9c01e49b37,hdl:21.14100/b8e6d484-f10a-4799-b513-2b879f1b1f7d,9,2015,2024,2100,2091,TRUE,dec0,CMIP6.ScenarioMIP.NCC.NorESM2-LM.ssp585.r1i1p1f1.Omon.intpp.gn.v20191108,CMIP6.ScenarioMIP.NCC.NorESM2-LM.ssp585.r1i1p1f1.Omon.intpp.gn.v20191108.2015-2024.nc,/perm_storage/home/data/CMIP6_data/NorESM2-LM/ssp585,/perm_storage/home/data/CMIP6_data/NorESM2-LM/ssp585/CMIP6.ScenarioMIP.NCC.NorESM2-LM.ssp585.r1i1p1f1.Omon.intpp.gn.v20191108.2015-2024.nc
CMIP6.ScenarioMIP.NCC.NorESM2-LM.ssp585.r1i1p1f1.Omon.intpp.gn.v20191108.intpp_Omon_NorESM2-LM_ssp585_r1i1p1f1_gn_202101-203012.nc|noresg.nird.sigma2.no,CMIP6.ScenarioMIP.NCC.NorESM2-LM.ssp585.r1i1p1f1.Omon.intpp.gn.v20191108|noresg.nird.sigma2.no,CMIP6,ScenarioMIP,NCC,NorESM2-LM,ssp585,r1i1p1f1,Omon,mon,gn,20191108,100 km,intpp,Primary Organic Carbon Production by All Types of Phytoplankton,mol m-2 s-1,2021-01-01T00:00:00Z,2030-12-01T00:00:00Z,33316939,noresg.nird.sigma2.no,http://noresg.nird.sigma2.no/thredds/fileServer/esg_dataroot/cmor/CMIP6/ScenarioMIP/NCC/NorESM2-LM/ssp585/r1i1p1f1/Omon/intpp/gn/v20191108/intpp_Omon_NorESM2-LM_ssp585_r1i1p1f1_gn_202101-203012.nc,hdl:21.14100/ede9c23b-5e67-3d9a-8bc6-0e9c01e49b37,hdl:21.14100/de8ddf13-4044-48a9-8932-976f5371661a,9,2015,2024,2100,2091,TRUE,dec0,CMIP6.ScenarioMIP.NCC.NorESM2-LM.ssp585.r1i1p1f1.Omon.intpp.gn.v20191108,CMIP6.ScenarioMIP.NCC.NorESM2-LM.ssp585.r1i1p1f1.Omon.intpp.gn.v20191108.2015-2024.nc,/perm_storage/home/data/CMIP6_data/NorESM2-LM/ssp585,/perm_storage/home/data/CMIP6_data/NorESM2-LM/ssp585/CMIP6.ScenarioMIP.NCC.NorESM2-LM.ssp585.r1i1p1f1.Omon.intpp.gn.v20191108.2015-2024.nc
CMIP6.ScenarioMIP.NCC.NorESM2-LM.ssp585.r1i1p1f1.Omon.intpp.gn.v20191108.intpp_Omon_NorESM2-LM_ssp585_r1i1p1f1_gn_209101-210012.nc|noresg.nird.sigma2.no,CMIP6.ScenarioMIP.NCC.NorESM2-LM.ssp585.r1i1p1f1.Omon.intpp.gn.v20191108|noresg.nird.sigma2.no,CMIP6,ScenarioMIP,NCC,NorESM2-LM,ssp585,r1i1p1f1,Omon,mon,gn,20191108,100 km,intpp,Primary Organic Carbon Production by All Types of Phytoplankton,mol m-2 s-1,2091-01-01T00:00:00Z,2100-12-01T00:00:00Z,33489560,noresg.nird.sigma2.no,http://noresg.nird.sigma2.no/thredds/fileServer/esg_dataroot/cmor/CMIP6/ScenarioMIP/NCC/NorESM2-LM/ssp585/r1i1p1f1/Omon/intpp/gn/v20191108/intpp_Omon_NorESM2-LM_ssp585_r1i1p1f1_gn_209101-210012.nc,hdl:21.14100/ede9c23b-5e67-3d9a-8bc6-0e9c01e49b37,hdl:21.14100/b2d94494-23af-4536-94cd-23c7a83fe19f,9,2015,2024,2100,2091,TRUE,decN,CMIP6.ScenarioMIP.NCC.NorESM2-LM.ssp585.r1i1p1f1.Omon.intpp.gn.v20191108,CMIP6.ScenarioMIP.NCC.NorESM2-LM.ssp585.r1i1p1f1.Omon.intpp.gn.v20191108.2091-2100.nc,/perm_storage/home/data/CMIP6_data/NorESM2-LM/ssp585,/perm_storage/home/data/CMIP6_data/NorESM2-LM/ssp585/CMIP6.ScenarioMIP.NCC.NorESM2-LM.ssp585.r1i1p1f1.Omon.intpp.gn.v20191108.2091-2100.nc
CMIP6.ScenarioMIP.NCC.NorESM2-LM.ssp585.r1i1p1f1.Omon.tos.gn.v20191108.tos_Omon_NorESM2-LM_ssp585_r1i1p1f1_gn_201501-202012.nc|noresg.nird.sigma2.no,CMIP6.ScenarioMIP.NCC.NorESM2-LM.ssp585.r1i1p1f1.Omon.tos.gn.v20191108|noresg.nird.sigma2.no,CMIP6,ScenarioMIP,NCC,NorESM2-LM,ssp585,r1i1p1f1,Omon,mon,gn,20191108,100 km,tos,Sea Surface Temperature,degC,2015-01-01T00:00:00Z,2020-12-01T00:00:00Z,20197053,noresg.nird.sigma2.no,http://noresg.nird.sigma2.no/thredds/fileServer/esg_dataroot/cmor/CMIP6/ScenarioMIP/NCC/NorESM2-LM/ssp585/r1i1p1f1/Omon/tos/gn/v20191108/tos_Omon_NorESM2-LM_ssp585_r1i1p1f1_gn_201501-202012.nc,hdl:21.14100/3f17ea62-0ec3-3518-9b5b-d6c8f423a270,hdl:21.14100/6d6addc6-c1f0-41c6-8082-643657a818c3,9,2015,2024,2100,2091,TRUE,dec0,CMIP6.ScenarioMIP.NCC.NorESM2-LM.ssp585.r1i1p1f1.Omon.tos.gn.v20191108,CMIP6.ScenarioMIP.NCC.NorESM2-LM.ssp585.r1i1p1f1.Omon.tos.gn.v20191108.2015-2024.nc,/perm_storage/home/data/CMIP6_data/NorESM2-LM/ssp585,/perm_storage/home/data/CMIP6_data/NorESM2-LM/ssp585/CMIP6.ScenarioMIP.NCC.NorESM2-LM.ssp585.r1i1p1f1.Omon.tos.gn.v20191108.2015-2024.nc
CMIP6.ScenarioMIP.NCC.NorESM2-LM.ssp585.r1i1p1f1.Omon.tos.gn.v20191108.tos_Omon_NorESM2-LM_ssp585_r1i1p1f1_gn_202101-203012.nc|noresg.nird.sigma2.no,CMIP6.ScenarioMIP.NCC.NorESM2-LM.ssp585.r1i1p1f1.Omon.tos.gn.v20191108|noresg.nird.sigma2.no,CMIP6,ScenarioMIP,NCC,NorESM2-LM,ssp585,r1i1p1f1,Omon,mon,gn,20191108,100 km,tos,Sea Surface Temperature,degC,2021-01-01T00:00:00Z,2030-12-01T00:00:00Z,32306254,noresg.nird.sigma2.no,http://noresg.nird.sigma2.no/thredds/fileServer/esg_dataroot/cmor/CMIP6/ScenarioMIP/NCC/NorESM2-LM/ssp585/r1i1p1f1/Omon/tos/gn/v20191108/tos_Omon_NorESM2-LM_ssp585_r1i1p1f1_gn_202101-203012.nc,hdl:21.14100/3f17ea62-0ec3-3518-9b5b-d6c8f423a270,hdl:21.14100/3c6dbabe-d4c2-418b-8dfc-f5eeed3cd4e0,9,2015,2024,2100,2091,TRUE,dec0,CMIP6.ScenarioMIP.NCC.NorESM2-LM.ssp585.r1i1p1f1.Omon.tos.gn.v20191108,CMIP6.ScenarioMIP.NCC.NorESM2-LM.ssp585.r1i1p1f1.Omon.tos.gn.v20191108.2015-2024.nc,/perm_storage/home/data/CMIP6_data/NorESM2-LM/ssp585,/perm_storage/home/data/CMIP6_data/NorESM2-LM/ssp585/CMIP6.ScenarioMIP.NCC.NorESM2-LM.ssp585.r1i1p1f1.Omon.tos.gn.v20191108.2015-2024.nc
CMIP6.ScenarioMIP.NCC.NorESM2-LM.ssp585.r1i1p1f1.Omon.tos.gn.v20191108.tos_Omon_NorESM2-LM_ssp585_r1i1p1f1_gn_209101-210012.nc|noresg.nird.sigma2.no,CMIP6.ScenarioMIP.NCC.NorESM2-LM.ssp585.r1i1p1f1.Omon.tos.gn.v20191108|noresg.nird.sigma2.no,CMIP6,ScenarioMIP,NCC,NorESM2-LM,ssp585,r1i1p1f1,Omon,mon,gn,20191108,100 km,tos,Sea Surface Temperature,degC,2091-01-01T00:00:00Z,2100-12-01T00:00:00Z,32342613,noresg.nird.sigma2.no,http://noresg.nird.sigma2.no/thredds/fileServer/esg_dataroot/cmor/CMIP6/ScenarioMIP/NCC/NorESM2-LM/ssp585/r1i1p1f1/Omon/tos/gn/v20191108/tos_Omon_NorESM2-LM_ssp585_r1i1p1f1_gn_209101-210012.nc,hdl:21.14100/3f17ea62-0ec3-3518-9b5b-d6c8f423a270,hdl:21.14100/3a32721f-e4d9-4418-80cb-1b591491c921,9,2015,2024,2100,2091,TRUE,decN,CMIP6.ScenarioMIP.NCC.NorESM2-LM.ssp585.r1i1p1f1.Omon.tos.gn.v20191108,CMIP6.ScenarioMIP.NCC.NorESM2-LM.ssp585.r1i1p1f1.Omon.tos.gn.v20191108.2091-2100.nc,/perm_storage/home/data/CMIP6_data/NorESM2-LM/ssp585,/perm_storage/home/data/CMIP6_data/NorESM2-LM/ssp585/CMIP6.ScenarioMIP.NCC.NorESM2-LM.ssp585.r1i1p1f1.Omon.tos.gn.v20191108.2091-2100.nc
CMIP6.ScenarioMIP.NCC.NorESM2-LM.ssp585.r1i1p1f1.SImon.siconc.gn.v20191108.siconc_SImon_NorESM2-LM_ssp585_r1i1p1f1_gn_201501-202012.nc|noresg.nird.sigma2.no,CMIP6.ScenarioMIP.NCC.NorESM2-LM.ssp585.r1i1p1f1.SImon.siconc.gn.v20191108|noresg.nird.sigma2.no,CMIP6,ScenarioMIP,NCC,NorESM2-LM,ssp585,r1i1p1f1,SImon,mon,gn,20191108,100 km,siconc,Sea-Ice Area Percentage (Ocean Grid),%,2015-01-01T00:00:00Z,2020-12-01T00:00:00Z,8060422,noresg.nird.sigma2.no,http://noresg.nird.sigma2.no/thredds/fileServer/esg_dataroot/cmor/CMIP6/ScenarioMIP/NCC/NorESM2-LM/ssp585/r1i1p1f1/SImon/siconc/gn/v20191108/siconc_SImon_NorESM2-LM_ssp585_r1i1p1f1_gn_201501-202012.nc,hdl:21.14100/6dbf0ca0-4d6c-3a55-ad20-48c1c8f5becc,hdl:21.14100/1bab61fb-9f0f-4418-89d3-ed2749c5c735,9,2015,2024,2100,2091,TRUE,dec0,CMIP6.ScenarioMIP.NCC.NorESM2-LM.ssp585.r1i1p1f1.SImon.siconc.gn.v20191108,CMIP6.ScenarioMIP.NCC.NorESM2-LM.ssp585.r1i1p1f1.SImon.siconc.gn.v20191108.2015-2024.nc,/perm_storage/home/data/CMIP6_data/NorESM2-LM/ssp585,/perm_storage/home/data/CMIP6_data/NorESM2-LM/ssp585/CMIP6.ScenarioMIP.NCC.NorESM2-LM.ssp585.r1i1p1f1.SImon.siconc.gn.v20191108.2015-2024.nc
CMIP6.ScenarioMIP.NCC.NorESM2-LM.ssp585.r1i1p1f1.SImon.siconc.gn.v20191108.siconc_SImon_NorESM2-LM_ssp585_r1i1p1f1_gn_202101-203012.nc|noresg.nird.sigma2.no,CMIP6.ScenarioMIP.NCC.NorESM2-LM.ssp585.r1i1p1f1.SImon.siconc.gn.v20191108|noresg.nird.sigma2.no,CMIP6,ScenarioMIP,NCC,NorESM2-LM,ssp585,r1i1p1f1,SImon,mon,gn,20191108,100 km,siconc,Sea-Ice Area Percentage (Ocean Grid),%,2021-01-01T00:00:00Z,2030-12-01T00:00:00Z,11769457,noresg.nird.sigma2.no,http://noresg.nird.sigma2.no/thredds/fileServer/esg_dataroot/cmor/CMIP6/ScenarioMIP/NCC/NorESM2-LM/ssp585/r1i1p1f1/SImon/siconc/gn/v20191108/siconc_SImon_NorESM2-LM_ssp585_r1i1p1f1_gn_202101-203012.nc,hdl:21.14100/6dbf0ca0-4d6c-3a55-ad20-48c1c8f5becc,hdl:21.14100/7e812df6-ba07-4770-a699-b73c3c81793a,9,2015,2024,2100,2091,TRUE,dec0,CMIP6.ScenarioMIP.NCC.NorESM2-LM.ssp585.r1i1p1f1.SImon.siconc.gn.v20191108,CMIP6.ScenarioMIP.NCC.NorESM2-LM.ssp585.r1i1p1f1.SImon.siconc.gn.v20191108.2015-2024.nc,/perm_storage/home/data/CMIP6_data/NorESM2-LM/ssp585,/perm_storage/home/data/CMIP6_data/NorESM2-LM/ssp585/CMIP6.ScenarioMIP.NCC.NorESM2-LM.ssp585.r1i1p1f1.SImon.siconc.gn.v20191108.2015-2024.nc
CMIP6.ScenarioMIP.NCC.NorESM2-LM.ssp585.r1i1p1f1.SImon.siconc.gn.v20191108.siconc_SImon_NorESM2-LM_ssp585_r1i1p1f1_gn_209101-210012.nc|noresg.nird.sigma2.no,CMIP6.ScenarioMIP.NCC.NorESM2-LM.ssp585.r1i1p1f1.SImon.siconc.gn.v20191108|noresg.nird.sigma2.no,CMIP6,ScenarioMIP,NCC,NorESM2-LM,ssp585,r1i1p1f1,SImon,mon,gn,20191108,100 km,siconc,Sea-Ice Area Percentage (Ocean Grid),%,2091-01-01T00:00:00Z,2100-12-01T00:00:00Z,10818181,noresg.nird.sigma2.no,http://noresg.nird.sigma2.no/thredds/fileServer/esg_dataroot/cmor/CMIP6/ScenarioMIP/NCC/NorESM2-LM/ssp585/r1i1p1f1/SImon/siconc/gn/v20191108/siconc_SImon_NorESM2-LM_ssp585_r1i1p1f1_gn_209101-210012.nc,hdl:21.14100/6dbf0ca0-4d6c-3a55-ad20-48c1c8f5becc,hdl:21.14100/6e34c80d-6dd1-4123-9490-1beab408bc34,9,2015,2024,2100,2091,TRUE,decN,CMIP6.ScenarioMIP.NCC.NorESM2-LM.ssp585.r1i1p1f1.SImon.siconc.gn.v20191108,CMIP6.ScenarioMIP.NCC.NorESM2-LM.ssp585.r1i1p1f1.SImon.siconc.gn.v20191108.2091-2100.nc,/perm_storage/home/data/CMIP6_data/NorESM2-LM/ssp585,/perm_storage/home/data/CMIP6_data/NorESM2-LM/ssp585/CMIP6.ScenarioMIP.NCC.NorESM2-LM.ssp585.r1i1p1f1.SImon.siconc.gn.v20191108.2091-2100.nc
CMIP6.ScenarioMIP.NCC.NorESM2-MM.ssp245.r1i1p1f1.Omon.intpp.gn.v20191108.intpp_Omon_NorESM2-MM_ssp245_r1i1p1f1_gn_201501-202012.nc|noresg.nird.sigma2.no,CMIP6.ScenarioMIP.NCC.NorESM2-MM.ssp245.r1i1p1f1.Omon.intpp.gn.v20191108|noresg.nird.sigma2.no,CMIP6,ScenarioMIP,NCC,NorESM2-MM,ssp245,r1i1p1f1,Omon,mon,gn,20191108,100 km,intpp,Primary Organic Carbon Production by All Types of Phytoplankton,mol m-2 s-1,2015-01-01T00:00:00Z,2020-12-01T00:00:00Z,20748509,noresg.nird.sigma2.no,http://noresg.nird.sigma2.no/thredds/fileServer/esg_dataroot/cmor/CMIP6/ScenarioMIP/NCC/NorESM2-MM/ssp245/r1i1p1f1/Omon/intpp/gn/v20191108/intpp_Omon_NorESM2-MM_ssp245_r1i1p1f1_gn_201501-202012.nc,hdl:21.14100/bdf585bd-ad65-3247-a698-47672bdf622f,hdl:21.14100/0d244d0e-fd0f-45fa-b2b8-5b3fc3646c3b,9,2015,2024,2100,2091,TRUE,dec0,CMIP6.ScenarioMIP.NCC.NorESM2-MM.ssp245.r1i1p1f1.Omon.intpp.gn.v20191108,CMIP6.ScenarioMIP.NCC.NorESM2-MM.ssp245.r1i1p1f1.Omon.intpp.gn.v20191108.2015-2024.nc,/perm_storage/home/data/CMIP6_data/NorESM2-MM/ssp245,/perm_storage/home/data/CMIP6_data/NorESM2-MM/ssp245/CMIP6.ScenarioMIP.NCC.NorESM2-MM.ssp245.r1i1p1f1.Omon.intpp.gn.v20191108.2015-2024.nc
CMIP6.ScenarioMIP.NCC.NorESM2-MM.ssp245.r1i1p1f1.Omon.intpp.gn.v20191108.intpp_Omon_NorESM2-MM_ssp245_r1i1p1f1_gn_202101-203012.nc|noresg.nird.sigma2.no,CMIP6.ScenarioMIP.NCC.NorESM2-MM.ssp245.r1i1p1f1.Omon.intpp.gn.v20191108|noresg.nird.sigma2.no,CMIP6,ScenarioMIP,NCC,NorESM2-MM,ssp245,r1i1p1f1,Omon,mon,gn,20191108,100 km,intpp,Primary Organic Carbon Production by All Types of Phytoplankton,mol m-2 s-1,2021-01-01T00:00:00Z,2030-12-01T00:00:00Z,33154890,noresg.nird.sigma2.no,http://noresg.nird.sigma2.no/thredds/fileServer/esg_dataroot/cmor/CMIP6/ScenarioMIP/NCC/NorESM2-MM/ssp245/r1i1p1f1/Omon/intpp/gn/v20191108/intpp_Omon_NorESM2-MM_ssp245_r1i1p1f1_gn_202101-203012.nc,hdl:21.14100/bdf585bd-ad65-3247-a698-47672bdf622f,hdl:21.14100/d777c29a-4699-42f8-9419-8fcb60e05d7f,9,2015,2024,2100,2091,TRUE,dec0,CMIP6.ScenarioMIP.NCC.NorESM2-MM.ssp245.r1i1p1f1.Omon.intpp.gn.v20191108,CMIP6.ScenarioMIP.NCC.NorESM2-MM.ssp245.r1i1p1f1.Omon.intpp.gn.v20191108.2015-2024.nc,/perm_storage/home/data/CMIP6_data/NorESM2-MM/ssp245,/perm_storage/home/data/CMIP6_data/NorESM2-MM/ssp245/CMIP6.ScenarioMIP.NCC.NorESM2-MM.ssp245.r1i1p1f1.Omon.intpp.gn.v20191108.2015-2024.nc
CMIP6.ScenarioMIP.NCC.NorESM2-MM.ssp245.r1i1p1f1.Omon.intpp.gn.v20191108.intpp_Omon_NorESM2-MM_ssp245_r1i1p1f1_gn_209101-210012.nc|noresg.nird.sigma2.no,CMIP6.ScenarioMIP.NCC.NorESM2-MM.ssp245.r1i1p1f1.Omon.intpp.gn.v20191108|noresg.nird.sigma2.no,CMIP6,ScenarioMIP,NCC,NorESM2-MM,ssp245,r1i1p1f1,Omon,mon,gn,20191108,100 km,intpp,Primary Organic Carbon Production by All Types of Phytoplankton,mol m-2 s-1,2091-01-01T00:00:00Z,2100-12-01T00:00:00Z,33307809,noresg.nird.sigma2.no,http://noresg.nird.sigma2.no/thredds/fileServer/esg_dataroot/cmor/CMIP6/ScenarioMIP/NCC/NorESM2-MM/ssp245/r1i1p1f1/Omon/intpp/gn/v20191108/intpp_Omon_NorESM2-MM_ssp245_r1i1p1f1_gn_209101-210012.nc,hdl:21.14100/bdf585bd-ad65-3247-a698-47672bdf622f,hdl:21.14100/79c531a0-4742-4b8a-9685-9ec945ab1004,9,2015,2024,2100,2091,TRUE,decN,CMIP6.ScenarioMIP.NCC.NorESM2-MM.ssp245.r1i1p1f1.Omon.intpp.gn.v20191108,CMIP6.ScenarioMIP.NCC.NorESM2-MM.ssp245.r1i1p1f1.Omon.intpp.gn.v20191108.2091-2100.nc,/perm_storage/home/data/CMIP6_data/NorESM2-MM/ssp245,/perm_storage/home/data/CMIP6_data/NorESM2-MM/ssp245/CMIP6.ScenarioMIP.NCC.NorESM2-MM.ssp245.r1i1p1f1.Omon.intpp.gn.v20191108.2091-2100.nc
CMIP6.ScenarioMIP.NCC.NorESM2-MM.ssp245.r1i1p1f1.SImon.siconc.gn.v20191108.siconc_SImon_NorESM2-MM_ssp245_r1i1p1f1_gn_201501-202012.nc|noresg.nird.sigma2.no,CMIP6.ScenarioMIP.NCC.NorESM2-MM.ssp245.r1i1p1f1.SImon.siconc.gn.v20191108|noresg.nird.sigma2.no,CMIP6,ScenarioMIP,NCC,NorESM2-MM,ssp245,r1i1p1f1,SImon,mon,gn,20191108,100 km,siconc,Sea-Ice Area Percentage (Ocean Grid),%,2015-01-01T00:00:00Z,2020-12-01T00:00:00Z,8056903,noresg.nird.sigma2.no,http://noresg.nird.sigma2.no/thredds/fileServer/esg_dataroot/cmor/CMIP6/ScenarioMIP/NCC/NorESM2-MM/ssp245/r1i1p1f1/SImon/siconc/gn/v20191108/siconc_SImon_NorESM2-MM_ssp245_r1i1p1f1_gn_201501-202012.nc,hdl:21.14100/d931eebb-974c-3c1e-b34d-ed7172b034a0,hdl:21.14100/85c6dd74-35d5-4e0c-8e18-092e9983c6fe,9,2015,2024,2100,2091,TRUE,dec0,CMIP6.ScenarioMIP.NCC.NorESM2-MM.ssp245.r1i1p1f1.SImon.siconc.gn.v20191108,CMIP6.ScenarioMIP.NCC.NorESM2-MM.ssp245.r1i1p1f1.SImon.siconc.gn.v20191108.2015-2024.nc,/perm_storage/home/data/CMIP6_data/NorESM2-MM/ssp245,/perm_storage/home/data/CMIP6_data/NorESM2-MM/ssp245/CMIP6.ScenarioMIP.NCC.NorESM2-MM.ssp245.r1i1p1f1.SImon.siconc.gn.v20191108.2015-2024.nc
CMIP6.ScenarioMIP.NCC.NorESM2-MM.ssp245.r1i1p1f1.SImon.siconc.gn.v20191108.siconc_SImon_NorESM2-MM_ssp245_r1i1p1f1_gn_202101-203012.nc|noresg.nird.sigma2.no,CMIP6.ScenarioMIP.NCC.NorESM2-MM.ssp245.r1i1p1f1.SImon.siconc.gn.v20191108|noresg.nird.sigma2.no,CMIP6,ScenarioMIP,NCC,NorESM2-MM,ssp245,r1i1p1f1,SImon,mon,gn,20191108,100 km,siconc,Sea-Ice Area Percentage (Ocean Grid),%,2021-01-01T00:00:00Z,2030-12-01T00:00:00Z,11888498,noresg.nird.sigma2.no,http://noresg.nird.sigma2.no/thredds/fileServer/esg_dataroot/cmor/CMIP6/ScenarioMIP/NCC/NorESM2-MM/ssp245/r1i1p1f1/SImon/siconc/gn/v20191108/siconc_SImon_NorESM2-MM_ssp245_r1i1p1f1_gn_202101-203012.nc,hdl:21.14100/d931eebb-974c-3c1e-b34d-ed7172b034a0,hdl:21.14100/121b2e01-25a6-4111-b25d-c40cc7b3c969,9,2015,2024,2100,2091,TRUE,dec0,CMIP6.ScenarioMIP.NCC.NorESM2-MM.ssp245.r1i1p1f1.SImon.siconc.gn.v20191108,CMIP6.ScenarioMIP.NCC.NorESM2-MM.ssp245.r1i1p1f1.SImon.siconc.gn.v20191108.2015-2024.nc,/perm_storage/home/data/CMIP6_data/NorESM2-MM/ssp245,/perm_storage/home/data/CMIP6_data/NorESM2-MM/ssp245/CMIP6.ScenarioMIP.NCC.NorESM2-MM.ssp245.r1i1p1f1.SImon.siconc.gn.v20191108.2015-2024.nc
CMIP6.ScenarioMIP.NCC.NorESM2-MM.ssp245.r1i1p1f1.SImon.siconc.gn.v20191108.siconc_SImon_NorESM2-MM_ssp245_r1i1p1f1_gn_209101-210012.nc|noresg.nird.sigma2.no,CMIP6.ScenarioMIP.NCC.NorESM2-MM.ssp245.r1i1p1f1.SImon.siconc.gn.v20191108|noresg.nird.sigma2.no,CMIP6,ScenarioMIP,NCC,NorESM2-MM,ssp245,r1i1p1f1,SImon,mon,gn,20191108,100 km,siconc,Sea-Ice Area Percentage (Ocean Grid),%,2091-01-01T00:00:00Z,2100-12-01T00:00:00Z,11710988,noresg.nird.sigma2.no,http://noresg.nird.sigma2.no/thredds/fileServer/esg_dataroot/cmor/CMIP6/ScenarioMIP/NCC/NorESM2-MM/ssp245/r1i1p1f1/SImon/siconc/gn/v20191108/siconc_SImon_NorESM2-MM_ssp245_r1i1p1f1_gn_209101-210012.nc,hdl:21.14100/d931eebb-974c-3c1e-b34d-ed7172b034a0,hdl:21.14100/7de47acb-87df-4337-9136-628353cf370a,9,2015,2024,2100,2091,TRUE,decN,CMIP6.ScenarioMIP.NCC.NorESM2-MM.ssp245.r1i1p1f1.SImon.siconc.gn.v20191108,CMIP6.ScenarioMIP.NCC.NorESM2-MM.ssp245.r1i1p1f1.SImon.siconc.gn.v20191108.2091-2100.nc,/perm_storage/home/data/CMIP6_data/NorESM2-MM/ssp245,/perm_storage/home/data/CMIP6_data/NorESM2-MM/ssp245/CMIP6.ScenarioMIP.NCC.NorESM2-MM.ssp245.r1i1p1f1.SImon.siconc.gn.v20191108.2091-2100.nc
CMIP6.ScenarioMIP.NCC.NorESM2-MM.ssp245.r1i1p1f1.Omon.tos.gn.v20191108.tos_Omon_NorESM2-MM_ssp245_r1i1p1f1_gn_201501-202012.nc|noresg.nird.sigma2.no,CMIP6.ScenarioMIP.NCC.NorESM2-MM.ssp245.r1i1p1f1.Omon.tos.gn.v20191108|noresg.nird.sigma2.no,CMIP6,ScenarioMIP,NCC,NorESM2-MM,ssp245,r1i1p1f1,Omon,mon,gn,20191108,100 km,tos,Sea Surface Temperature,degC,2015-01-01T00:00:00Z,2020-12-01T00:00:00Z,20210689,noresg.nird.sigma2.no,http://noresg.nird.sigma2.no/thredds/fileServer/esg_dataroot/cmor/CMIP6/ScenarioMIP/NCC/NorESM2-MM/ssp245/r1i1p1f1/Omon/tos/gn/v20191108/tos_Omon_NorESM2-MM_ssp245_r1i1p1f1_gn_201501-202012.nc,hdl:21.14100/be87e84e-fd45-32de-a066-ce8dae87f4b0,hdl:21.14100/c868a6c9-1d41-484d-b59b-47aa72fcb007,9,2015,2024,2100,2091,TRUE,dec0,CMIP6.ScenarioMIP.NCC.NorESM2-MM.ssp245.r1i1p1f1.Omon.tos.gn.v20191108,CMIP6.ScenarioMIP.NCC.NorESM2-MM.ssp245.r1i1p1f1.Omon.tos.gn.v20191108.2015-2024.nc,/perm_storage/home/data/CMIP6_data/NorESM2-MM/ssp245,/perm_storage/home/data/CMIP6_data/NorESM2-MM/ssp245/CMIP6.ScenarioMIP.NCC.NorESM2-MM.ssp245.r1i1p1f1.Omon.tos.gn.v20191108.2015-2024.nc
CMIP6.ScenarioMIP.NCC.NorESM2-MM.ssp245.r1i1p1f1.Omon.tos.gn.v20191108.tos_Omon_NorESM2-MM_ssp245_r1i1p1f1_gn_202101-203012.nc|noresg.nird.sigma2.no,CMIP6.ScenarioMIP.NCC.NorESM2-MM.ssp245.r1i1p1f1.Omon.tos.gn.v20191108|noresg.nird.sigma2.no,CMIP6,ScenarioMIP,NCC,NorESM2-MM,ssp245,r1i1p1f1,Omon,mon,gn,20191108,100 km,tos,Sea Surface Temperature,degC,2021-01-01T00:00:00Z,2030-12-01T00:00:00Z,32280986,noresg.nird.sigma2.no,http://noresg.nird.sigma2.no/thredds/fileServer/esg_dataroot/cmor/CMIP6/ScenarioMIP/NCC/NorESM2-MM/ssp245/r1i1p1f1/Omon/tos/gn/v20191108/tos_Omon_NorESM2-MM_ssp245_r1i1p1f1_gn_202101-203012.nc,hdl:21.14100/be87e84e-fd45-32de-a066-ce8dae87f4b0,hdl:21.14100/5d21b72c-97cc-4eca-adf5-64a0a2ad3acf,9,2015,2024,2100,2091,TRUE,dec0,CMIP6.ScenarioMIP.NCC.NorESM2-MM.ssp245.r1i1p1f1.Omon.tos.gn.v20191108,CMIP6.ScenarioMIP.NCC.NorESM2-MM.ssp245.r1i1p1f1.Omon.tos.gn.v20191108.2015-2024.nc,/perm_storage/home/data/CMIP6_data/NorESM2-MM/ssp245,/perm_storage/home/data/CMIP6_data/NorESM2-MM/ssp245/CMIP6.ScenarioMIP.NCC.NorESM2-MM.ssp245.r1i1p1f1.Omon.tos.gn.v20191108.2015-2024.nc
CMIP6.ScenarioMIP.NCC.NorESM2-MM.ssp245.r1i1p1f1.Omon.tos.gn.v20191108.tos_Omon_NorESM2-MM_ssp245_r1i1p1f1_gn_209101-210012.nc|noresg.nird.sigma2.no,CMIP6.ScenarioMIP.NCC.NorESM2-MM.ssp245.r1i1p1f1.Omon.tos.gn.v20191108|noresg.nird.sigma2.no,CMIP6,ScenarioMIP,NCC,NorESM2-MM,ssp245,r1i1p1f1,Omon,mon,gn,20191108,100 km,tos,Sea Surface Temperature,degC,2091-01-01T00:00:00Z,2100-12-01T00:00:00Z,32322290,noresg.nird.sigma2.no,http://noresg.nird.sigma2.no/thredds/fileServer/esg_dataroot/cmor/CMIP6/ScenarioMIP/NCC/NorESM2-MM/ssp245/r1i1p1f1/Omon/tos/gn/v20191108/tos_Omon_NorESM2-MM_ssp245_r1i1p1f1_gn_209101-210012.nc,hdl:21.14100/be87e84e-fd45-32de-a066-ce8dae87f4b0,hdl:21.14100/17173ae3-a495-4950-9ac2-9e1c0f45d52b,9,2015,2024,2100,2091,TRUE,decN,CMIP6.ScenarioMIP.NCC.NorESM2-MM.ssp245.r1i1p1f1.Omon.tos.gn.v20191108,CMIP6.ScenarioMIP.NCC.NorESM2-MM.ssp245.r1i1p1f1.Omon.tos.gn.v20191108.2091-2100.nc,/perm_storage/home/data/CMIP6_data/NorESM2-MM/ssp245,/perm_storage/home/data/CMIP6_data/NorESM2-MM/ssp245/CMIP6.ScenarioMIP.NCC.NorESM2-MM.ssp245.r1i1p1f1.Omon.tos.gn.v20191108.2091-2100.nc
CMIP6.ScenarioMIP.NCC.NorESM2-MM.ssp585.r1i1p1f1.Omon.intpp.gn.v20191108.intpp_Omon_NorESM2-MM_ssp585_r1i1p1f1_gn_201501-202012.nc|noresg.nird.sigma2.no,CMIP6.ScenarioMIP.NCC.NorESM2-MM.ssp585.r1i1p1f1.Omon.intpp.gn.v20191108|noresg.nird.sigma2.no,CMIP6,ScenarioMIP,NCC,NorESM2-MM,ssp585,r1i1p1f1,Omon,mon,gn,20191108,100 km,intpp,Primary Organic Carbon Production by All Types of Phytoplankton,mol m-2 s-1,2015-01-01T00:00:00Z,2020-12-01T00:00:00Z,20754474,noresg.nird.sigma2.no,http://noresg.nird.sigma2.no/thredds/fileServer/esg_dataroot/cmor/CMIP6/ScenarioMIP/NCC/NorESM2-MM/ssp585/r1i1p1f1/Omon/intpp/gn/v20191108/intpp_Omon_NorESM2-MM_ssp585_r1i1p1f1_gn_201501-202012.nc,hdl:21.14100/5d9f1ffc-5816-31d3-b6e4-545f00584a58,hdl:21.14100/8904c361-8ae7-410a-ac69-0137333477ed,9,2015,2024,2100,2091,TRUE,dec0,CMIP6.ScenarioMIP.NCC.NorESM2-MM.ssp585.r1i1p1f1.Omon.intpp.gn.v20191108,CMIP6.ScenarioMIP.NCC.NorESM2-MM.ssp585.r1i1p1f1.Omon.intpp.gn.v20191108.2015-2024.nc,/perm_storage/home/data/CMIP6_data/NorESM2-MM/ssp585,/perm_storage/home/data/CMIP6_data/NorESM2-MM/ssp585/CMIP6.ScenarioMIP.NCC.NorESM2-MM.ssp585.r1i1p1f1.Omon.intpp.gn.v20191108.2015-2024.nc
CMIP6.ScenarioMIP.NCC.NorESM2-MM.ssp585.r1i1p1f1.Omon.intpp.gn.v20191108.intpp_Omon_NorESM2-MM_ssp585_r1i1p1f1_gn_202101-203012.nc|noresg.nird.sigma2.no,CMIP6.ScenarioMIP.NCC.NorESM2-MM.ssp585.r1i1p1f1.Omon.intpp.gn.v20191108|noresg.nird.sigma2.no,CMIP6,ScenarioMIP,NCC,NorESM2-MM,ssp585,r1i1p1f1,Omon,mon,gn,20191108,100 km,intpp,Primary Organic Carbon Production by All Types of Phytoplankton,mol m-2 s-1,2021-01-01T00:00:00Z,2030-12-01T00:00:00Z,33242135,noresg.nird.sigma2.no,http://noresg.nird.sigma2.no/thredds/fileServer/esg_dataroot/cmor/CMIP6/ScenarioMIP/NCC/NorESM2-MM/ssp585/r1i1p1f1/Omon/intpp/gn/v20191108/intpp_Omon_NorESM2-MM_ssp585_r1i1p1f1_gn_202101-203012.nc,hdl:21.14100/5d9f1ffc-5816-31d3-b6e4-545f00584a58,hdl:21.14100/535b51ce-4c47-4d20-aab8-97d4a7b70562,9,2015,2024,2100,2091,TRUE,dec0,CMIP6.ScenarioMIP.NCC.NorESM2-MM.ssp585.r1i1p1f1.Omon.intpp.gn.v20191108,CMIP6.ScenarioMIP.NCC.NorESM2-MM.ssp585.r1i1p1f1.Omon.intpp.gn.v20191108.2015-2024.nc,/perm_storage/home/data/CMIP6_data/NorESM2-MM/ssp585,/perm_storage/home/data/CMIP6_data/NorESM2-MM/ssp585/CMIP6.ScenarioMIP.NCC.NorESM2-MM.ssp585.r1i1p1f1.Omon.intpp.gn.v20191108.2015-2024.nc
CMIP6.ScenarioMIP.NCC.NorESM2-MM.ssp585.r1i1p1f1.Omon.intpp.gn.v20191108.intpp_Omon_NorESM2-MM_ssp585_r1i1p1f1_gn_209101-210012.nc|noresg.nird.sigma2.no,CMIP6.ScenarioMIP.NCC.NorESM2-MM.ssp585.r1i1p1f1.Omon.intpp.gn.v20191108|noresg.nird.sigma2.no,CMIP6,ScenarioMIP,NCC,NorESM2-MM,ssp585,r1i1p1f1,Omon,mon,gn,20191108,100 km,intpp,Primary Organic Carbon Production by All Types of Phytoplankton,mol m-2 s-1,2091-01-01T00:00:00Z,2100-12-01T00:00:00Z,33375615,noresg.nird.sigma2.no,http://noresg.nird.sigma2.no/thredds/fileServer/esg_dataroot/cmor/CMIP6/ScenarioMIP/NCC/NorESM2-MM/ssp585/r1i1p1f1/Omon/intpp/gn/v20191108/intpp_Omon_NorESM2-MM_ssp585_r1i1p1f1_gn_209101-210012.nc,hdl:21.14100/5d9f1ffc-5816-31d3-b6e4-545f00584a58,hdl:21.14100/fbf5c753-ffae-4ff2-b910-26a940eac451,9,2015,2024,2100,2091,TRUE,decN,CMIP6.ScenarioMIP.NCC.NorESM2-MM.ssp585.r1i1p1f1.Omon.intpp.gn.v20191108,CMIP6.ScenarioMIP.NCC.NorESM2-MM.ssp585.r1i1p1f1.Omon.intpp.gn.v20191108.2091-2100.nc,/perm_storage/home/data/CMIP6_data/NorESM2-MM/ssp585,/perm_storage/home/data/CMIP6_data/NorESM2-MM/ssp585/CMIP6.ScenarioMIP.NCC.NorESM2-MM.ssp585.r1i1p1f1.Omon.intpp.gn.v20191108.2091-2100.nc
CMIP6.ScenarioMIP.NCC.NorESM2-MM.ssp585.r1i1p1f1.Omon.tos.gn.v20191108.tos_Omon_NorESM2-MM_ssp585_r1i1p1f1_gn_201501-202012.nc|noresg.nird.sigma2.no,CMIP6.ScenarioMIP.NCC.NorESM2-MM.ssp585.r1i1p1f1.Omon.tos.gn.v20191108|noresg.nird.sigma2.no,CMIP6,ScenarioMIP,NCC,NorESM2-MM,ssp585,r1i1p1f1,Omon,mon,gn,20191108,100 km,tos,Sea Surface Temperature,degC,2015-01-01T00:00:00Z,2020-12-01T00:00:00Z,20211294,noresg.nird.sigma2.no,http://noresg.nird.sigma2.no/thredds/fileServer/esg_dataroot/cmor/CMIP6/ScenarioMIP/NCC/NorESM2-MM/ssp585/r1i1p1f1/Omon/tos/gn/v20191108/tos_Omon_NorESM2-MM_ssp585_r1i1p1f1_gn_201501-202012.nc,hdl:21.14100/0f9fe504-552a-3c96-94ad-18edd6c86c55,hdl:21.14100/4256a80c-8c3e-412b-9038-de2407095ad3,9,2015,2024,2100,2091,TRUE,dec0,CMIP6.ScenarioMIP.NCC.NorESM2-MM.ssp585.r1i1p1f1.Omon.tos.gn.v20191108,CMIP6.ScenarioMIP.NCC.NorESM2-MM.ssp585.r1i1p1f1.Omon.tos.gn.v20191108.2015-2024.nc,/perm_storage/home/data/CMIP6_data/NorESM2-MM/ssp585,/perm_storage/home/data/CMIP6_data/NorESM2-MM/ssp585/CMIP6.ScenarioMIP.NCC.NorESM2-MM.ssp585.r1i1p1f1.Omon.tos.gn.v20191108.2015-2024.nc
CMIP6.ScenarioMIP.NCC.NorESM2-MM.ssp585.r1i1p1f1.Omon.tos.gn.v20191108.tos_Omon_NorESM2-MM_ssp585_r1i1p1f1_gn_202101-203012.nc|noresg.nird.sigma2.no,CMIP6.ScenarioMIP.NCC.NorESM2-MM.ssp585.r1i1p1f1.Omon.tos.gn.v20191108|noresg.nird.sigma2.no,CMIP6,ScenarioMIP,NCC,NorESM2-MM,ssp585,r1i1p1f1,Omon,mon,gn,20191108,100 km,tos,Sea Surface Temperature,degC,2021-01-01T00:00:00Z,2030-12-01T00:00:00Z,32310798,noresg.nird.sigma2.no,http://noresg.nird.sigma2.no/thredds/fileServer/esg_dataroot/cmor/CMIP6/ScenarioMIP/NCC/NorESM2-MM/ssp585/r1i1p1f1/Omon/tos/gn/v20191108/tos_Omon_NorESM2-MM_ssp585_r1i1p1f1_gn_202101-203012.nc,hdl:21.14100/0f9fe504-552a-3c96-94ad-18edd6c86c55,hdl:21.14100/006fe7fe-082b-4295-bc7b-fc25b843948c,9,2015,2024,2100,2091,TRUE,dec0,CMIP6.ScenarioMIP.NCC.NorESM2-MM.ssp585.r1i1p1f1.Omon.tos.gn.v20191108,CMIP6.ScenarioMIP.NCC.NorESM2-MM.ssp585.r1i1p1f1.Omon.tos.gn.v20191108.2015-2024.nc,/perm_storage/home/data/CMIP6_data/NorESM2-MM/ssp585,/perm_storage/home/data/CMIP6_data/NorESM2-MM/ssp585/CMIP6.ScenarioMIP.NCC.NorESM2-MM.ssp585.r1i1p1f1.Omon.tos.gn.v20191108.2015-2024.nc
CMIP6.ScenarioMIP.NCC.NorESM2-MM.ssp585.r1i1p1f1.Omon.tos.gn.v20191108.tos_Omon_NorESM2-MM_ssp585_r1i1p1f1_gn_209101-210012.nc|noresg.nird.sigma2.no,CMIP6.ScenarioMIP.NCC.NorESM2-MM.ssp585.r1i1p1f1.Omon.tos.gn.v20191108|noresg.nird.sigma2.no,CMIP6,ScenarioMIP,NCC,NorESM2-MM,ssp585,r1i1p1f1,Omon,mon,gn,20191108,100 km,tos,Sea Surface Temperature,degC,2091-01-01T00:00:00Z,2100-12-01T00:00:00Z,32330632,noresg.nird.sigma2.no,http://noresg.nird.sigma2.no/thredds/fileServer/esg_dataroot/cmor/CMIP6/ScenarioMIP/NCC/NorESM2-MM/ssp585/r1i1p1f1/Omon/tos/gn/v20191108/tos_Omon_NorESM2-MM_ssp585_r1i1p1f1_gn_209101-210012.nc,hdl:21.14100/0f9fe504-552a-3c96-94ad-18edd6c86c55,hdl:21.14100/5c024a9b-e491-4aa8-9d81-88e7cd370ed4,9,2015,2024,2100,2091,TRUE,decN,CMIP6.ScenarioMIP.NCC.NorESM2-MM.ssp585.r1i1p1f1.Omon.tos.gn.v20191108,CMIP6.ScenarioMIP.NCC.NorESM2-MM.ssp585.r1i1p1f1.Omon.tos.gn.v20191108.2091-2100.nc,/perm_storage/home/data/CMIP6_data/NorESM2-MM/ssp585,/perm_storage/home/data/CMIP6_data/NorESM2-MM/ssp585/CMIP6.ScenarioMIP.NCC.NorESM2-MM.ssp585.r1i1p1f1.Omon.tos.gn.v20191108.2091-2100.nc
CMIP6.ScenarioMIP.NCC.NorESM2-MM.ssp585.r1i1p1f1.SImon.siconc.gn.v20191108.siconc_SImon_NorESM2-MM_ssp585_r1i1p1f1_gn_201501-202012.nc|noresg.nird.sigma2.no,CMIP6.ScenarioMIP.NCC.NorESM2-MM.ssp585.r1i1p1f1.SImon.siconc.gn.v20191108|noresg.nird.sigma2.no,CMIP6,ScenarioMIP,NCC,NorESM2-MM,ssp585,r1i1p1f1,SImon,mon,gn,20191108,100 km,siconc,Sea-Ice Area Percentage (Ocean Grid),%,2015-01-01T00:00:00Z,2020-12-01T00:00:00Z,8084182,noresg.nird.sigma2.no,http://noresg.nird.sigma2.no/thredds/fileServer/esg_dataroot/cmor/CMIP6/ScenarioMIP/NCC/NorESM2-MM/ssp585/r1i1p1f1/SImon/siconc/gn/v20191108/siconc_SImon_NorESM2-MM_ssp585_r1i1p1f1_gn_201501-202012.nc,hdl:21.14100/3c5b324f-e838-36f1-89de-6ca53e59ff68,hdl:21.14100/f82c029c-62f8-4166-963e-40de689a85b0,9,2015,2024,2100,2091,TRUE,dec0,CMIP6.ScenarioMIP.NCC.NorESM2-MM.ssp585.r1i1p1f1.SImon.siconc.gn.v20191108,CMIP6.ScenarioMIP.NCC.NorESM2-MM.ssp585.r1i1p1f1.SImon.siconc.gn.v20191108.2015-2024.nc,/perm_storage/home/data/CMIP6_data/NorESM2-MM/ssp585,/perm_storage/home/data/CMIP6_data/NorESM2-MM/ssp585/CMIP6.ScenarioMIP.NCC.NorESM2-MM.ssp585.r1i1p1f1.SImon.siconc.gn.v20191108.2015-2024.nc
CMIP6.ScenarioMIP.NCC.NorESM2-MM.ssp585.r1i1p1f1.SImon.siconc.gn.v20191108.siconc_SImon_NorESM2-MM_ssp585_r1i1p1f1_gn_202101-203012.nc|noresg.nird.sigma2.no,CMIP6.ScenarioMIP.NCC.NorESM2-MM.ssp585.r1i1p1f1.SImon.siconc.gn.v20191108|noresg.nird.sigma2.no,CMIP6,ScenarioMIP,NCC,NorESM2-MM,ssp585,r1i1p1f1,SImon,mon,gn,20191108,100 km,siconc,Sea-Ice Area Percentage (Ocean Grid),%,2021-01-01T00:00:00Z,2030-12-01T00:00:00Z,11805392,noresg.nird.sigma2.no,http://noresg.nird.sigma2.no/thredds/fileServer/esg_dataroot/cmor/CMIP6/ScenarioMIP/NCC/NorESM2-MM/ssp585/r1i1p1f1/SImon/siconc/gn/v20191108/siconc_SImon_NorESM2-MM_ssp585_r1i1p1f1_gn_202101-203012.nc,hdl:21.14100/3c5b324f-e838-36f1-89de-6ca53e59ff68,hdl:21.14100/9b2a4af0-5a28-4b4d-adcd-b201071dc1c5,9,2015,2024,2100,2091,TRUE,dec0,CMIP6.ScenarioMIP.NCC.NorESM2-MM.ssp585.r1i1p1f1.SImon.siconc.gn.v20191108,CMIP6.ScenarioMIP.NCC.NorESM2-MM.ssp585.r1i1p1f1.SImon.siconc.gn.v20191108.2015-2024.nc,/perm_storage/home/data/CMIP6_data/NorESM2-MM/ssp585,/perm_storage/home/data/CMIP6_data/NorESM2-MM/ssp585/CMIP6.ScenarioMIP.NCC.NorESM2-MM.ssp585.r1i1p1f1.SImon.siconc.gn.v20191108.2015-2024.nc
CMIP6.ScenarioMIP.NCC.NorESM2-MM.ssp585.r1i1p1f1.SImon.siconc.gn.v20191108.siconc_SImon_NorESM2-MM_ssp585_r1i1p1f1_gn_209101-210012.nc|noresg.nird.sigma2.no,CMIP6.ScenarioMIP.NCC.NorESM2-MM.ssp585.r1i1p1f1.SImon.siconc.gn.v20191108|noresg.nird.sigma2.no,CMIP6,ScenarioMIP,NCC,NorESM2-MM,ssp585,r1i1p1f1,SImon,mon,gn,20191108,100 km,siconc,Sea-Ice Area Percentage (Ocean Grid),%,2091-01-01T00:00:00Z,2100-12-01T00:00:00Z,11195551,noresg.nird.sigma2.no,http://noresg.nird.sigma2.no/thredds/fileServer/esg_dataroot/cmor/CMIP6/ScenarioMIP/NCC/NorESM2-MM/ssp585/r1i1p1f1/SImon/siconc/gn/v20191108/siconc_SImon_NorESM2-MM_ssp585_r1i1p1f1_gn_209101-210012.nc,hdl:21.14100/3c5b324f-e838-36f1-89de-6ca53e59ff68,hdl:21.14100/8b0bd9db-b1a8-41b2-bed5-d9e09e895ce1,9,2015,2024,2100,2091,TRUE,decN,CMIP6.ScenarioMIP.NCC.NorESM2-MM.ssp585.r1i1p1f1.SImon.siconc.gn.v20191108,CMIP6.ScenarioMIP.NCC.NorESM2-MM.ssp585.r1i1p1f1.SImon.siconc.gn.v20191108.2091-2100.nc,/perm_storage/home/data/CMIP6_data/NorESM2-MM/ssp585,/perm_storage/home/data/CMIP6_data/NorESM2-MM/ssp585/CMIP6.ScenarioMIP.NCC.NorESM2-MM.ssp585.r1i1p1f1.SImon.siconc.gn.v20191108.2091-2100.nc
CMIP6.ScenarioMIP.NCAR.CESM2-WACCM.ssp245.r1i1p1f1.SImon.siconc.gn.v20190815.siconc_SImon_CESM2-WACCM_ssp245_r1i1p1f1_gn_201501-206412.nc|esgf-data.ucar.edu,CMIP6.ScenarioMIP.NCAR.CESM2-WACCM.ssp245.r1i1p1f1.SImon.siconc.gn.v20190815|esgf-data.ucar.edu,CMIP6,ScenarioMIP,NCAR,CESM2-WACCM,ssp245,r1i1p1f1,SImon,mon,gn,20190815,100 km,siconc,Sea-ice Area Percentage (Ocean Grid),%,2015-01-01T00:00:00Z,2064-12-01T00:00:00Z,40189575,esgf-data.ucar.edu,http://esgf-data.ucar.edu/thredds/fileServer/esg_dataroot/CMIP6/ScenarioMIP/NCAR/CESM2-WACCM/ssp245/r1i1p1f1/SImon/siconc/gn/v20190815/siconc_SImon_CESM2-WACCM_ssp245_r1i1p1f1_gn_201501-206412.nc,hdl:21.14100/6c255ed3-9c5a-387e-8fa1-3fa03d86bb98,hdl:21.14100/d77e0e0e-aaef-4655-9063-37437e582b36,2,2015,2024,2100,2091,TRUE,both,CMIP6.ScenarioMIP.NCAR.CESM2-WACCM.ssp245.r1i1p1f1.SImon.siconc.gn.v20190815,CMIP6.ScenarioMIP.NCAR.CESM2-WACCM.ssp245.r1i1p1f1.SImon.siconc.gn.v20190815.2015-2024_2091-2100.nc,/perm_storage/home/data/CMIP6_data/CESM2-WACCM/ssp245,/perm_storage/home/data/CMIP6_data/CESM2-WACCM/ssp245/CMIP6.ScenarioMIP.NCAR.CESM2-WACCM.ssp245.r1i1p1f1.SImon.siconc.gn.v20190815.2015-2024_2091-2100.nc
CMIP6.ScenarioMIP.NCAR.CESM2-WACCM.ssp245.r1i1p1f1.SImon.siconc.gn.v20190815.siconc_SImon_CESM2-WACCM_ssp245_r1i1p1f1_gn_206501-210012.nc|esgf-data.ucar.edu,CMIP6.ScenarioMIP.NCAR.CESM2-WACCM.ssp245.r1i1p1f1.SImon.siconc.gn.v20190815|esgf-data.ucar.edu,CMIP6,ScenarioMIP,NCAR,CESM2-WACCM,ssp245,r1i1p1f1,SImon,mon,gn,20190815,100 km,siconc,Sea-ice Area Percentage (Ocean Grid),%,2065-01-01T00:00:00Z,2100-12-01T00:00:00Z,27773440,esgf-data.ucar.edu,http://esgf-data.ucar.edu/thredds/fileServer/esg_dataroot/CMIP6/ScenarioMIP/NCAR/CESM2-WACCM/ssp245/r1i1p1f1/SImon/siconc/gn/v20190815/siconc_SImon_CESM2-WACCM_ssp245_r1i1p1f1_gn_206501-210012.nc,hdl:21.14100/6c255ed3-9c5a-387e-8fa1-3fa03d86bb98,hdl:21.14100/d77e0e0e-aaef-4655-9063-37437e582b36,2,2015,2024,2100,2091,TRUE,both,CMIP6.ScenarioMIP.NCAR.CESM2-WACCM.ssp245.r1i1p1f1.SImon.siconc.gn.v20190815,CMIP6.ScenarioMIP.NCAR.CESM2-WACCM.ssp245.r1i1p1f1.SImon.siconc.gn.v20190815.2015-2024_2091-2100.nc,/perm_storage/home/data/CMIP6_data/CESM2-WACCM/ssp245,/perm_storage/home/data/CMIP6_data/CESM2-WACCM/ssp245/CMIP6.ScenarioMIP.NCAR.CESM2-WACCM.ssp245.r1i1p1f1.SImon.siconc.gn.v20190815.2015-2024_2091-2100.nc
CMIP6.ScenarioMIP.NCAR.CESM2-WACCM.ssp245.r1i1p1f1.Omon.intpp.gn.v20190815.intpp_Omon_CESM2-WACCM_ssp245_r1i1p1f1_gn_201501-206412.nc|esgf-data.ucar.edu,CMIP6.ScenarioMIP.NCAR.CESM2-WACCM.ssp245.r1i1p1f1.Omon.intpp.gn.v20190815|esgf-data.ucar.edu,CMIP6,ScenarioMIP,NCAR,CESM2-WACCM,ssp245,r1i1p1f1,Omon,mon,gn,20190815,100 km,intpp,Primary Organic Carbon Production by All Types of Phytoplankton,mol m-2 s-1,2015-01-01T00:00:00Z,2064-12-01T00:00:00Z,165841626,esgf-data.ucar.edu,http://esgf-data.ucar.edu/thredds/fileServer/esg_dataroot/CMIP6/ScenarioMIP/NCAR/CESM2-WACCM/ssp245/r1i1p1f1/Omon/intpp/gn/v20190815/intpp_Omon_CESM2-WACCM_ssp245_r1i1p1f1_gn_201501-206412.nc,hdl:21.14100/db570150-0ac0-3fb7-a20a-205a0644bb96,hdl:21.14100/7efff25b-c0e8-4956-bdac-5f8be14acb40,2,2015,2024,2100,2091,TRUE,both,CMIP6.ScenarioMIP.NCAR.CESM2-WACCM.ssp245.r1i1p1f1.Omon.intpp.gn.v20190815,CMIP6.ScenarioMIP.NCAR.CESM2-WACCM.ssp245.r1i1p1f1.Omon.intpp.gn.v20190815.2015-2024_2091-2100.nc,/perm_storage/home/data/CMIP6_data/CESM2-WACCM/ssp245,/perm_storage/home/data/CMIP6_data/CESM2-WACCM/ssp245/CMIP6.ScenarioMIP.NCAR.CESM2-WACCM.ssp245.r1i1p1f1.Omon.intpp.gn.v20190815.2015-2024_2091-2100.nc
CMIP6.ScenarioMIP.NCAR.CESM2-WACCM.ssp245.r1i1p1f1.Omon.intpp.gn.v20190815.intpp_Omon_CESM2-WACCM_ssp245_r1i1p1f1_gn_206501-210012.nc|esgf-data.ucar.edu,CMIP6.ScenarioMIP.NCAR.CESM2-WACCM.ssp245.r1i1p1f1.Omon.intpp.gn.v20190815|esgf-data.ucar.edu,CMIP6,ScenarioMIP,NCAR,CESM2-WACCM,ssp245,r1i1p1f1,Omon,mon,gn,20190815,100 km,intpp,Primary Organic Carbon Production by All Types of Phytoplankton,mol m-2 s-1,2065-01-01T00:00:00Z,2100-12-01T00:00:00Z,119572873,esgf-data.ucar.edu,http://esgf-data.ucar.edu/thredds/fileServer/esg_dataroot/CMIP6/ScenarioMIP/NCAR/CESM2-WACCM/ssp245/r1i1p1f1/Omon/intpp/gn/v20190815/intpp_Omon_CESM2-WACCM_ssp245_r1i1p1f1_gn_206501-210012.nc,hdl:21.14100/db570150-0ac0-3fb7-a20a-205a0644bb96,hdl:21.14100/7efff25b-c0e8-4956-bdac-5f8be14acb40,2,2015,2024,2100,2091,TRUE,both,CMIP6.ScenarioMIP.NCAR.CESM2-WACCM.ssp245.r1i1p1f1.Omon.intpp.gn.v20190815,CMIP6.ScenarioMIP.NCAR.CESM2-WACCM.ssp245.r1i1p1f1.Omon.intpp.gn.v20190815.2015-2024_2091-2100.nc,/perm_storage/home/data/CMIP6_data/CESM2-WACCM/ssp245,/perm_storage/home/data/CMIP6_data/CESM2-WACCM/ssp245/CMIP6.ScenarioMIP.NCAR.CESM2-WACCM.ssp245.r1i1p1f1.Omon.intpp.gn.v20190815.2015-2024_2091-2100.nc
CMIP6.ScenarioMIP.NCAR.CESM2-WACCM.ssp245.r1i1p1f1.Omon.tos.gn.v20190815.tos_Omon_CESM2-WACCM_ssp245_r1i1p1f1_gn_201501-206412.nc|esgf-data.ucar.edu,CMIP6.ScenarioMIP.NCAR.CESM2-WACCM.ssp245.r1i1p1f1.Omon.tos.gn.v20190815|esgf-data.ucar.edu,CMIP6,ScenarioMIP,NCAR,CESM2-WACCM,ssp245,r1i1p1f1,Omon,mon,gn,20190815,100 km,tos,Sea Surface Temperature,degC,2015-01-01T00:00:00Z,2064-12-01T00:00:00Z,150075761,esgf-data.ucar.edu,http://esgf-data.ucar.edu/thredds/fileServer/esg_dataroot/CMIP6/ScenarioMIP/NCAR/CESM2-WACCM/ssp245/r1i1p1f1/Omon/tos/gn/v20190815/tos_Omon_CESM2-WACCM_ssp245_r1i1p1f1_gn_201501-206412.nc,hdl:21.14100/1aed50fd-6db7-3a78-b722-9ea6d4f0fb22,hdl:21.14100/1ef6edcd-48d1-4769-ac87-039efb661536,2,2015,2024,2100,2091,TRUE,both,CMIP6.ScenarioMIP.NCAR.CESM2-WACCM.ssp245.r1i1p1f1.Omon.tos.gn.v20190815,CMIP6.ScenarioMIP.NCAR.CESM2-WACCM.ssp245.r1i1p1f1.Omon.tos.gn.v20190815.2015-2024_2091-2100.nc,/perm_storage/home/data/CMIP6_data/CESM2-WACCM/ssp245,/perm_storage/home/data/CMIP6_data/CESM2-WACCM/ssp245/CMIP6.ScenarioMIP.NCAR.CESM2-WACCM.ssp245.r1i1p1f1.Omon.tos.gn.v20190815.2015-2024_2091-2100.nc
CMIP6.ScenarioMIP.NCAR.CESM2-WACCM.ssp245.r1i1p1f1.Omon.tos.gn.v20190815.tos_Omon_CESM2-WACCM_ssp245_r1i1p1f1_gn_206501-210012.nc|esgf-data.ucar.edu,CMIP6.ScenarioMIP.NCAR.CESM2-WACCM.ssp245.r1i1p1f1.Omon.tos.gn.v20190815|esgf-data.ucar.edu,CMIP6,ScenarioMIP,NCAR,CESM2-WACCM,ssp245,r1i1p1f1,Omon,mon,gn,20190815,100 km,tos,Sea Surface Temperature,degC,2065-01-01T00:00:00Z,2100-12-01T00:00:00Z,108497475,esgf-data.ucar.edu,http://esgf-data.ucar.edu/thredds/fileServer/esg_dataroot/CMIP6/ScenarioMIP/NCAR/CESM2-WACCM/ssp245/r1i1p1f1/Omon/tos/gn/v20190815/tos_Omon_CESM2-WACCM_ssp245_r1i1p1f1_gn_206501-210012.nc,hdl:21.14100/1aed50fd-6db7-3a78-b722-9ea6d4f0fb22,hdl:21.14100/1ef6edcd-48d1-4769-ac87-039efb661536,2,2015,2024,2100,2091,TRUE,both,CMIP6.ScenarioMIP.NCAR.CESM2-WACCM.ssp245.r1i1p1f1.Omon.tos.gn.v20190815,CMIP6.ScenarioMIP.NCAR.CESM2-WACCM.ssp245.r1i1p1f1.Omon.tos.gn.v20190815.2015-2024_2091-2100.nc,/perm_storage/home/data/CMIP6_data/CESM2-WACCM/ssp245,/perm_storage/home/data/CMIP6_data/CESM2-WACCM/ssp245/CMIP6.ScenarioMIP.NCAR.CESM2-WACCM.ssp245.r1i1p1f1.Omon.tos.gn.v20190815.2015-2024_2091-2100.nc
CMIP6.CMIP.NCAR.CESM2-WACCM.historical.r1i1p1f1.Omon.tos.gn.v20190808.tos_Omon_CESM2-WACCM_historical_r1i1p1f1_gn_185001-201412.nc_0|esgf-data.ucar.edu,CMIP6.CMIP.NCAR.CESM2-WACCM.historical.r1i1p1f1.Omon.tos.gn.v20190808|esgf-data.ucar.edu,CMIP6,CMIP,NCAR,CESM2-WACCM,historical,r1i1p1f1,Omon,mon,gn,20190808,100 km,tos,Sea Surface Temperature,degC,1850-01-01T00:00:00Z,2014-12-01T00:00:00Z,490247608,esgf-data.ucar.edu,http://esgf-data.ucar.edu/thredds/fileServer/esg_dataroot/CMIP6/CMIP/NCAR/CESM2-WACCM/historical/r1i1p1f1/Omon/tos/gn/v20190808/tos_Omon_CESM2-WACCM_historical_r1i1p1f1_gn_185001-201412.nc,hdl:21.14100/c5f20b95-2e6f-3b59-acdb-39e4be8c6d66,hdl:21.14100/95477ed4-5d5b-43ae-bce0-91cd8d2d968d,1,1850,1859,2014,2005,TRUE,both,CMIP6.CMIP.NCAR.CESM2-WACCM.historical.r1i1p1f1.Omon.tos.gn.v20190808,CMIP6.CMIP.NCAR.CESM2-WACCM.historical.r1i1p1f1.Omon.tos.gn.v20190808.1850-1859_2005-2014.nc,/perm_storage/home/data/CMIP6_data/CESM2-WACCM/historical,/perm_storage/home/data/CMIP6_data/CESM2-WACCM/historical/CMIP6.CMIP.NCAR.CESM2-WACCM.historical.r1i1p1f1.Omon.tos.gn.v20190808.1850-1859_2005-2014.nc
CMIP6.CMIP.NCAR.CESM2-WACCM.historical.r1i1p1f1.Omon.intpp.gn.v20190808.intpp_Omon_CESM2-WACCM_historical_r1i1p1f1_gn_185001-201412.nc_0|esgf-data.ucar.edu,CMIP6.CMIP.NCAR.CESM2-WACCM.historical.r1i1p1f1.Omon.intpp.gn.v20190808|esgf-data.ucar.edu,CMIP6,CMIP,NCAR,CESM2-WACCM,historical,r1i1p1f1,Omon,mon,gn,20190808,100 km,intpp,Primary Organic Carbon Production by All Types of Phytoplankton,mol m-2 s-1,1850-01-01T00:00:00Z,2014-12-01T00:00:00Z,545122058,esgf-data.ucar.edu,http://esgf-data.ucar.edu/thredds/fileServer/esg_dataroot/CMIP6/CMIP/NCAR/CESM2-WACCM/historical/r1i1p1f1/Omon/intpp/gn/v20190808/intpp_Omon_CESM2-WACCM_historical_r1i1p1f1_gn_185001-201412.nc,hdl:21.14100/314eeebb-32f7-3c1a-8e37-7961039fd534,hdl:21.14100/062cac64-7a67-40be-a7e5-16d3acc1ac95,1,1850,1859,2014,2005,TRUE,both,CMIP6.CMIP.NCAR.CESM2-WACCM.historical.r1i1p1f1.Omon.intpp.gn.v20190808,CMIP6.CMIP.NCAR.CESM2-WACCM.historical.r1i1p1f1.Omon.intpp.gn.v20190808.1850-1859_2005-2014.nc,/perm_storage/home/data/CMIP6_data/CESM2-WACCM/historical,/perm_storage/home/data/CMIP6_data/CESM2-WACCM/historical/CMIP6.CMIP.NCAR.CESM2-WACCM.historical.r1i1p1f1.Omon.intpp.gn.v20190808.1850-1859_2005-2014.nc
CMIP6.CMIP.NCAR.CESM2-WACCM.historical.r1i1p1f1.SImon.siconc.gn.v20190227.siconc_SImon_CESM2-WACCM_historical_r1i1p1f1_gn_185001-201412.nc|esgf-data.ucar.edu,CMIP6.CMIP.NCAR.CESM2-WACCM.historical.r1i1p1f1.SImon.siconc.gn.v20190227|esgf-data.ucar.edu,CMIP6,CMIP,NCAR,CESM2-WACCM,historical,r1i1p1f1,SImon,mon,gn,20190227,100 km,siconc,Sea-ice Area Percentage (Ocean Grid),%,1850-01-01T00:00:00Z,2014-12-01T00:00:00Z,137905000,esgf-data.ucar.edu,http://esgf-data.ucar.edu/thredds/fileServer/esg_dataroot/CMIP6/CMIP/NCAR/CESM2-WACCM/historical/r1i1p1f1/SImon/siconc/gn/v20190227/siconc_SImon_CESM2-WACCM_historical_r1i1p1f1_gn_185001-201412.nc,hdl:21.14100/796774f6-6cd5-3480-a6a6-8fa240400fa6,hdl:21.14100/531855f9-f00e-48d1-a1ff-591dbd80a9bf,1,1850,1859,2014,2005,TRUE,both,CMIP6.CMIP.NCAR.CESM2-WACCM.historical.r1i1p1f1.SImon.siconc.gn.v20190227,CMIP6.CMIP.NCAR.CESM2-WACCM.historical.r1i1p1f1.SImon.siconc.gn.v20190227.1850-1859_2005-2014.nc,/perm_storage/home/data/CMIP6_data/CESM2-WACCM/historical,/perm_storage/home/data/CMIP6_data/CESM2-WACCM/historical/CMIP6.CMIP.NCAR.CESM2-WACCM.historical.r1i1p1f1.SImon.siconc.gn.v20190227.1850-1859_2005-2014.nc
CMIP6.ScenarioMIP.NCAR.CESM2-WACCM.ssp585.r1i1p1f1.SImon.siconc.gn.v20200702.siconc_SImon_CESM2-WACCM_ssp585_r1i1p1f1_gn_201501-210012.nc_0|esgf-data.ucar.edu,CMIP6.ScenarioMIP.NCAR.CESM2-WACCM.ssp585.r1i1p1f1.SImon.siconc.gn.v20200702|esgf-data.ucar.edu,CMIP6,ScenarioMIP,NCAR,CESM2-WACCM,ssp585,r1i1p1f1,SImon,mon,gn,20200702,100 km,siconc,Sea-ice Area Percentage (Ocean Grid),%,2015-01-01T00:00:00Z,2100-12-01T00:00:00Z,62578618,esgf-data.ucar.edu,http://esgf-data.ucar.edu/thredds/fileServer/esg_dataroot/CMIP6/ScenarioMIP/NCAR/CESM2-WACCM/ssp585/r1i1p1f1/SImon/siconc/gn/v20200702/siconc_SImon_CESM2-WACCM_ssp585_r1i1p1f1_gn_201501-210012.nc,hdl:21.14100/e3664349-ee2a-3110-a8d6-7037dfcbc196,hdl:21.14100/eae71066-bf12-4e97-a1a5-93f44aa88d64,1,2015,2024,2100,2091,TRUE,both,CMIP6.ScenarioMIP.NCAR.CESM2-WACCM.ssp585.r1i1p1f1.SImon.siconc.gn.v20200702,CMIP6.ScenarioMIP.NCAR.CESM2-WACCM.ssp585.r1i1p1f1.SImon.siconc.gn.v20200702.2015-2024_2091-2100.nc,/perm_storage/home/data/CMIP6_data/CESM2-WACCM/ssp585,/perm_storage/home/data/CMIP6_data/CESM2-WACCM/ssp585/CMIP6.ScenarioMIP.NCAR.CESM2-WACCM.ssp585.r1i1p1f1.SImon.siconc.gn.v20200702.2015-2024_2091-2100.nc
CMIP6.ScenarioMIP.NCAR.CESM2-WACCM.ssp585.r1i1p1f1.Omon.intpp.gn.v20200702.intpp_Omon_CESM2-WACCM_ssp585_r1i1p1f1_gn_201501-210012.nc_0|esgf-data.ucar.edu,CMIP6.ScenarioMIP.NCAR.CESM2-WACCM.ssp585.r1i1p1f1.Omon.intpp.gn.v20200702|esgf-data.ucar.edu,CMIP6,ScenarioMIP,NCAR,CESM2-WACCM,ssp585,r1i1p1f1,Omon,mon,gn,20200702,100 km,intpp,Primary Organic Carbon Production by All Types of Phytoplankton,mol m-2 s-1,2015-01-01T00:00:00Z,2100-12-01T00:00:00Z,283136260,esgf-data.ucar.edu,http://esgf-data.ucar.edu/thredds/fileServer/esg_dataroot/CMIP6/ScenarioMIP/NCAR/CESM2-WACCM/ssp585/r1i1p1f1/Omon/intpp/gn/v20200702/intpp_Omon_CESM2-WACCM_ssp585_r1i1p1f1_gn_201501-210012.nc,hdl:21.14100/85774f3d-8491-3dcf-ad11-e316269f3273,hdl:21.14100/2379c7cb-e028-4724-8f02-369803d6a36d,1,2015,2024,2100,2091,TRUE,both,CMIP6.ScenarioMIP.NCAR.CESM2-WACCM.ssp585.r1i1p1f1.Omon.intpp.gn.v20200702,CMIP6.ScenarioMIP.NCAR.CESM2-WACCM.ssp585.r1i1p1f1.Omon.intpp.gn.v20200702.2015-2024_2091-2100.nc,/perm_storage/home/data/CMIP6_data/CESM2-WACCM/ssp585,/perm_storage/home/data/CMIP6_data/CESM2-WACCM/ssp585/CMIP6.ScenarioMIP.NCAR.CESM2-WACCM.ssp585.r1i1p1f1.Omon.intpp.gn.v20200702.2015-2024_2091-2100.nc
CMIP6.ScenarioMIP.NCAR.CESM2-WACCM.ssp585.r1i1p1f1.Omon.tos.gn.v20200702.tos_Omon_CESM2-WACCM_ssp585_r1i1p1f1_gn_201501-210012.nc_0|esgf-data.ucar.edu,CMIP6.ScenarioMIP.NCAR.CESM2-WACCM.ssp585.r1i1p1f1.Omon.tos.gn.v20200702|esgf-data.ucar.edu,CMIP6,ScenarioMIP,NCAR,CESM2-WACCM,ssp585,r1i1p1f1,Omon,mon,gn,20200702,100 km,tos,Sea Surface Temperature,degC,2015-01-01T00:00:00Z,2100-12-01T00:00:00Z,256402340,esgf-data.ucar.edu,http://esgf-data.ucar.edu/thredds/fileServer/esg_dataroot/CMIP6/ScenarioMIP/NCAR/CESM2-WACCM/ssp585/r1i1p1f1/Omon/tos/gn/v20200702/tos_Omon_CESM2-WACCM_ssp585_r1i1p1f1_gn_201501-210012.nc,hdl:21.14100/1bca0dab-8822-3202-b020-6d777c9024c5,hdl:21.14100/3270cd35-d00b-48d4-8f9d-40038981352a,1,2015,2024,2100,2091,TRUE,both,CMIP6.ScenarioMIP.NCAR.CESM2-WACCM.ssp585.r1i1p1f1.Omon.tos.gn.v20200702,CMIP6.ScenarioMIP.NCAR.CESM2-WACCM.ssp585.r1i1p1f1.Omon.tos.gn.v20200702.2015-2024_2091-2100.nc,/perm_storage/home/data/CMIP6_data/CESM2-WACCM/ssp585,/perm_storage/home/data/CMIP6_data/CESM2-WACCM/ssp585/CMIP6.ScenarioMIP.NCAR.CESM2-WACCM.ssp585.r1i1p1f1.Omon.tos.gn.v20200702.2015-2024_2091-2100.nc
CMIP6.ScenarioMIP.NOAA-GFDL.GFDL-CM4.ssp585.r1i1p1f1.Omon.intpp.gr.v20180701.intpp_Omon_GFDL-CM4_ssp585_r1i1p1f1_gr_201501-203412.nc|esgdata.gfdl.noaa.gov,CMIP6.ScenarioMIP.NOAA-GFDL.GFDL-CM4.ssp585.r1i1p1f1.Omon.intpp.gr.v20180701|esgdata.gfdl.noaa.gov,CMIP6,ScenarioMIP,NOAA-GFDL,GFDL-CM4,ssp585,r1i1p1f1,Omon,mon,gr,20180701,1x1 degree,intpp,Primary Organic Carbon Production by All Types of Phytoplankton,mol m-2 s-1,2015-01-01T00:00:00Z,2034-12-01T00:00:00Z,34832057,esgdata.gfdl.noaa.gov,https://esgdata.gfdl.noaa.gov/thredds/fileServer/gfdl_dataroot4/ScenarioMIP/NOAA-GFDL/GFDL-CM4/ssp585/r1i1p1f1/Omon/intpp/gr/v20180701/intpp_Omon_GFDL-CM4_ssp585_r1i1p1f1_gr_201501-203412.nc,hdl:21.14100/b9bde20b-6bb6-3ebb-a7d1-437793e8d46c,hdl:21.14100/dfc3c942-7876-434f-afc4-52102546aa1a,5,2015,2024,2100,2091,TRUE,dec0,CMIP6.ScenarioMIP.NOAA-GFDL.GFDL-CM4.ssp585.r1i1p1f1.Omon.intpp.gr.v20180701,CMIP6.ScenarioMIP.NOAA-GFDL.GFDL-CM4.ssp585.r1i1p1f1.Omon.intpp.gr.v20180701.2015-2024.nc,/perm_storage/home/data/CMIP6_data/GFDL-CM4/ssp585,/perm_storage/home/data/CMIP6_data/GFDL-CM4/ssp585/CMIP6.ScenarioMIP.NOAA-GFDL.GFDL-CM4.ssp585.r1i1p1f1.Omon.intpp.gr.v20180701.2015-2024.nc
CMIP6.ScenarioMIP.NOAA-GFDL.GFDL-CM4.ssp585.r1i1p1f1.Omon.intpp.gr.v20180701.intpp_Omon_GFDL-CM4_ssp585_r1i1p1f1_gr_207501-209412.nc|esgdata.gfdl.noaa.gov,CMIP6.ScenarioMIP.NOAA-GFDL.GFDL-CM4.ssp585.r1i1p1f1.Omon.intpp.gr.v20180701|esgdata.gfdl.noaa.gov,CMIP6,ScenarioMIP,NOAA-GFDL,GFDL-CM4,ssp585,r1i1p1f1,Omon,mon,gr,20180701,1x1 degree,intpp,Primary Organic Carbon Production by All Types of Phytoplankton,mol m-2 s-1,2075-01-01T00:00:00Z,2094-12-01T00:00:00Z,34814461,esgdata.gfdl.noaa.gov,https://esgdata.gfdl.noaa.gov/thredds/fileServer/gfdl_dataroot4/ScenarioMIP/NOAA-GFDL/GFDL-CM4/ssp585/r1i1p1f1/Omon/intpp/gr/v20180701/intpp_Omon_GFDL-CM4_ssp585_r1i1p1f1_gr_207501-209412.nc,hdl:21.14100/b9bde20b-6bb6-3ebb-a7d1-437793e8d46c,hdl:21.14100/deb2a2e8-e3b3-445a-9127-b3f50c168c5d,5,2015,2024,2100,2091,TRUE,decN,CMIP6.ScenarioMIP.NOAA-GFDL.GFDL-CM4.ssp585.r1i1p1f1.Omon.intpp.gr.v20180701,CMIP6.ScenarioMIP.NOAA-GFDL.GFDL-CM4.ssp585.r1i1p1f1.Omon.intpp.gr.v20180701.2091-2100.nc,/perm_storage/home/data/CMIP6_data/GFDL-CM4/ssp585,/perm_storage/home/data/CMIP6_data/GFDL-CM4/ssp585/CMIP6.ScenarioMIP.NOAA-GFDL.GFDL-CM4.ssp585.r1i1p1f1.Omon.intpp.gr.v20180701.2091-2100.nc
CMIP6.ScenarioMIP.NOAA-GFDL.GFDL-CM4.ssp585.r1i1p1f1.Omon.intpp.gr.v20180701.intpp_Omon_GFDL-CM4_ssp585_r1i1p1f1_gr_209501-210012.nc|esgdata.gfdl.noaa.gov,CMIP6.ScenarioMIP.NOAA-GFDL.GFDL-CM4.ssp585.r1i1p1f1.Omon.intpp.gr.v20180701|esgdata.gfdl.noaa.gov,CMIP6,ScenarioMIP,NOAA-GFDL,GFDL-CM4,ssp585,r1i1p1f1,Omon,mon,gr,20180701,1x1 degree,intpp,Primary Organic Carbon Production by All Types of Phytoplankton,mol m-2 s-1,2095-01-01T00:00:00Z,2100-12-01T00:00:00Z,10478776,esgdata.gfdl.noaa.gov,https://esgdata.gfdl.noaa.gov/thredds/fileServer/gfdl_dataroot4/ScenarioMIP/NOAA-GFDL/GFDL-CM4/ssp585/r1i1p1f1/Omon/intpp/gr/v20180701/intpp_Omon_GFDL-CM4_ssp585_r1i1p1f1_gr_209501-210012.nc,hdl:21.14100/b9bde20b-6bb6-3ebb-a7d1-437793e8d46c,hdl:21.14100/bf7440df-e1a6-45f2-bfa6-ed90bb43ad2a,5,2015,2024,2100,2091,TRUE,decN,CMIP6.ScenarioMIP.NOAA-GFDL.GFDL-CM4.ssp585.r1i1p1f1.Omon.intpp.gr.v20180701,CMIP6.ScenarioMIP.NOAA-GFDL.GFDL-CM4.ssp585.r1i1p1f1.Omon.intpp.gr.v20180701.2091-2100.nc,/perm_storage/home/data/CMIP6_data/GFDL-CM4/ssp585,/perm_storage/home/data/CMIP6_data/GFDL-CM4/ssp585/CMIP6.ScenarioMIP.NOAA-GFDL.GFDL-CM4.ssp585.r1i1p1f1.Omon.intpp.gr.v20180701.2091-2100.nc
CMIP6.CMIP.NOAA-GFDL.GFDL-CM4.historical.r1i1p1f1.Omon.intpp.gr.v20180701.intpp_Omon_GFDL-CM4_historical_r1i1p1f1_gr_185001-186912.nc|esgdata.gfdl.noaa.gov,CMIP6.CMIP.NOAA-GFDL.GFDL-CM4.historical.r1i1p1f1.Omon.intpp.gr.v20180701|esgdata.gfdl.noaa.gov,CMIP6,CMIP,NOAA-GFDL,GFDL-CM4,historical,r1i1p1f1,Omon,mon,gr,20180701,1x1 degree,intpp,Primary Organic Carbon Production by All Types of Phytoplankton,mol m-2 s-1,1850-01-01T00:00:00Z,1869-12-01T00:00:00Z,34894332,esgdata.gfdl.noaa.gov,http://esgdata.gfdl.noaa.gov/thredds/fileServer/gfdl_dataroot4/CMIP/NOAA-GFDL/GFDL-CM4/historical/r1i1p1f1/Omon/intpp/gr/v20180701/intpp_Omon_GFDL-CM4_historical_r1i1p1f1_gr_185001-186912.nc,hdl:21.14100/ca03bbc4-ea77-3ffe-adb7-b7fa704b2eef,hdl:21.14100/f52ca18a-41b1-4b9d-8b58-16a745d23444,9,1850,1859,2014,2005,TRUE,dec0,CMIP6.CMIP.NOAA-GFDL.GFDL-CM4.historical.r1i1p1f1.Omon.intpp.gr.v20180701,CMIP6.CMIP.NOAA-GFDL.GFDL-CM4.historical.r1i1p1f1.Omon.intpp.gr.v20180701.1850-1859.nc,/perm_storage/home/data/CMIP6_data/GFDL-CM4/historical,/perm_storage/home/data/CMIP6_data/GFDL-CM4/historical/CMIP6.CMIP.NOAA-GFDL.GFDL-CM4.historical.r1i1p1f1.Omon.intpp.gr.v20180701.1850-1859.nc
CMIP6.CMIP.NOAA-GFDL.GFDL-CM4.historical.r1i1p1f1.Omon.intpp.gr.v20180701.intpp_Omon_GFDL-CM4_historical_r1i1p1f1_gr_199001-200912.nc|esgdata.gfdl.noaa.gov,CMIP6.CMIP.NOAA-GFDL.GFDL-CM4.historical.r1i1p1f1.Omon.intpp.gr.v20180701|esgdata.gfdl.noaa.gov,CMIP6,CMIP,NOAA-GFDL,GFDL-CM4,historical,r1i1p1f1,Omon,mon,gr,20180701,1x1 degree,intpp,Primary Organic Carbon Production by All Types of Phytoplankton,mol m-2 s-1,1990-01-01T00:00:00Z,2009-12-01T00:00:00Z,34839547,esgdata.gfdl.noaa.gov,http://esgdata.gfdl.noaa.gov/thredds/fileServer/gfdl_dataroot4/CMIP/NOAA-GFDL/GFDL-CM4/historical/r1i1p1f1/Omon/intpp/gr/v20180701/intpp_Omon_GFDL-CM4_historical_r1i1p1f1_gr_199001-200912.nc,hdl:21.14100/ca03bbc4-ea77-3ffe-adb7-b7fa704b2eef,hdl:21.14100/e3246b1a-85cb-4ad7-9f64-74fff8d853d2,9,1850,1859,2014,2005,TRUE,decN,CMIP6.CMIP.NOAA-GFDL.GFDL-CM4.historical.r1i1p1f1.Omon.intpp.gr.v20180701,CMIP6.CMIP.NOAA-GFDL.GFDL-CM4.historical.r1i1p1f1.Omon.intpp.gr.v20180701.2005-2014.nc,/perm_storage/home/data/CMIP6_data/GFDL-CM4/historical,/perm_storage/home/data/CMIP6_data/GFDL-CM4/historical/CMIP6.CMIP.NOAA-GFDL.GFDL-CM4.historical.r1i1p1f1.Omon.intpp.gr.v20180701.2005-2014.nc
CMIP6.CMIP.NOAA-GFDL.GFDL-CM4.historical.r1i1p1f1.Omon.intpp.gr.v20180701.intpp_Omon_GFDL-CM4_historical_r1i1p1f1_gr_201001-201412.nc|esgdata.gfdl.noaa.gov,CMIP6.CMIP.NOAA-GFDL.GFDL-CM4.historical.r1i1p1f1.Omon.intpp.gr.v20180701|esgdata.gfdl.noaa.gov,CMIP6,CMIP,NOAA-GFDL,GFDL-CM4,historical,r1i1p1f1,Omon,mon,gr,20180701,1x1 degree,intpp,Primary Organic Carbon Production by All Types of Phytoplankton,mol m-2 s-1,2010-01-01T00:00:00Z,2014-12-01T00:00:00Z,8736498,esgdata.gfdl.noaa.gov,http://esgdata.gfdl.noaa.gov/thredds/fileServer/gfdl_dataroot4/CMIP/NOAA-GFDL/GFDL-CM4/historical/r1i1p1f1/Omon/intpp/gr/v20180701/intpp_Omon_GFDL-CM4_historical_r1i1p1f1_gr_201001-201412.nc,hdl:21.14100/ca03bbc4-ea77-3ffe-adb7-b7fa704b2eef,hdl:21.14100/30ef1e71-3937-4ebb-88f8-9a27d5898d67,9,1850,1859,2014,2005,TRUE,decN,CMIP6.CMIP.NOAA-GFDL.GFDL-CM4.historical.r1i1p1f1.Omon.intpp.gr.v20180701,CMIP6.CMIP.NOAA-GFDL.GFDL-CM4.historical.r1i1p1f1.Omon.intpp.gr.v20180701.2005-2014.nc,/perm_storage/home/data/CMIP6_data/GFDL-CM4/historical,/perm_storage/home/data/CMIP6_data/GFDL-CM4/historical/CMIP6.CMIP.NOAA-GFDL.GFDL-CM4.historical.r1i1p1f1.Omon.intpp.gr.v20180701.2005-2014.nc
CMIP6.CMIP.NOAA-GFDL.GFDL-CM4.historical.r1i1p1f1.Omon.tos.gr.v20180701.tos_Omon_GFDL-CM4_historical_r1i1p1f1_gr_185001-186912.nc|esgdata.gfdl.noaa.gov,CMIP6.CMIP.NOAA-GFDL.GFDL-CM4.historical.r1i1p1f1.Omon.tos.gr.v20180701|esgdata.gfdl.noaa.gov,CMIP6,CMIP,NOAA-GFDL,GFDL-CM4,historical,r1i1p1f1,Omon,mon,gr,20180701,1x1 degree,tos,Sea Surface Temperature,degC,1850-01-01T00:00:00Z,1869-12-01T00:00:00Z,32503388,esgdata.gfdl.noaa.gov,http://esgdata.gfdl.noaa.gov/thredds/fileServer/gfdl_dataroot4/CMIP/NOAA-GFDL/GFDL-CM4/historical/r1i1p1f1/Omon/tos/gr/v20180701/tos_Omon_GFDL-CM4_historical_r1i1p1f1_gr_185001-186912.nc,hdl:21.14100/9d106c13-eb6b-3807-bc1b-6f7db90bf717,hdl:21.14100/9aa58d2e-fe98-4527-b6e7-bec17f4bb977,9,1850,1859,2014,2005,TRUE,dec0,CMIP6.CMIP.NOAA-GFDL.GFDL-CM4.historical.r1i1p1f1.Omon.tos.gr.v20180701,CMIP6.CMIP.NOAA-GFDL.GFDL-CM4.historical.r1i1p1f1.Omon.tos.gr.v20180701.1850-1859.nc,/perm_storage/home/data/CMIP6_data/GFDL-CM4/historical,/perm_storage/home/data/CMIP6_data/GFDL-CM4/historical/CMIP6.CMIP.NOAA-GFDL.GFDL-CM4.historical.r1i1p1f1.Omon.tos.gr.v20180701.1850-1859.nc
CMIP6.CMIP.NOAA-GFDL.GFDL-CM4.historical.r1i1p1f1.Omon.tos.gr.v20180701.tos_Omon_GFDL-CM4_historical_r1i1p1f1_gr_199001-200912.nc|esgdata.gfdl.noaa.gov,CMIP6.CMIP.NOAA-GFDL.GFDL-CM4.historical.r1i1p1f1.Omon.tos.gr.v20180701|esgdata.gfdl.noaa.gov,CMIP6,CMIP,NOAA-GFDL,GFDL-CM4,historical,r1i1p1f1,Omon,mon,gr,20180701,1x1 degree,tos,Sea Surface Temperature,degC,1990-01-01T00:00:00Z,2009-12-01T00:00:00Z,32536216,esgdata.gfdl.noaa.gov,http://esgdata.gfdl.noaa.gov/thredds/fileServer/gfdl_dataroot4/CMIP/NOAA-GFDL/GFDL-CM4/historical/r1i1p1f1/Omon/tos/gr/v20180701/tos_Omon_GFDL-CM4_historical_r1i1p1f1_gr_199001-200912.nc,hdl:21.14100/9d106c13-eb6b-3807-bc1b-6f7db90bf717,hdl:21.14100/b6506d85-1871-4d61-b68a-80513db35c72,9,1850,1859,2014,2005,TRUE,decN,CMIP6.CMIP.NOAA-GFDL.GFDL-CM4.historical.r1i1p1f1.Omon.tos.gr.v20180701,CMIP6.CMIP.NOAA-GFDL.GFDL-CM4.historical.r1i1p1f1.Omon.tos.gr.v20180701.2005-2014.nc,/perm_storage/home/data/CMIP6_data/GFDL-CM4/historical,/perm_storage/home/data/CMIP6_data/GFDL-CM4/historical/CMIP6.CMIP.NOAA-GFDL.GFDL-CM4.historical.r1i1p1f1.Omon.tos.gr.v20180701.2005-2014.nc
CMIP6.CMIP.NOAA-GFDL.GFDL-CM4.historical.r1i1p1f1.Omon.tos.gr.v20180701.tos_Omon_GFDL-CM4_historical_r1i1p1f1_gr_201001-201412.nc|esgdata.gfdl.noaa.gov,CMIP6.CMIP.NOAA-GFDL.GFDL-CM4.historical.r1i1p1f1.Omon.tos.gr.v20180701|esgdata.gfdl.noaa.gov,CMIP6,CMIP,NOAA-GFDL,GFDL-CM4,historical,r1i1p1f1,Omon,mon,gr,20180701,1x1 degree,tos,Sea Surface Temperature,degC,2010-01-01T00:00:00Z,2014-12-01T00:00:00Z,8156793,esgdata.gfdl.noaa.gov,http://esgdata.gfdl.noaa.gov/thredds/fileServer/gfdl_dataroot4/CMIP/NOAA-GFDL/GFDL-CM4/historical/r1i1p1f1/Omon/tos/gr/v20180701/tos_Omon_GFDL-CM4_historical_r1i1p1f1_gr_201001-201412.nc,hdl:21.14100/9d106c13-eb6b-3807-bc1b-6f7db90bf717,hdl:21.14100/68589b78-4b7e-48a7-b8cc-69ffd08499ec,9,1850,1859,2014,2005,TRUE,decN,CMIP6.CMIP.NOAA-GFDL.GFDL-CM4.historical.r1i1p1f1.Omon.tos.gr.v20180701,CMIP6.CMIP.NOAA-GFDL.GFDL-CM4.historical.r1i1p1f1.Omon.tos.gr.v20180701.2005-2014.nc,/perm_storage/home/data/CMIP6_data/GFDL-CM4/historical,/perm_storage/home/data/CMIP6_data/GFDL-CM4/historical/CMIP6.CMIP.NOAA-GFDL.GFDL-CM4.historical.r1i1p1f1.Omon.tos.gr.v20180701.2005-2014.nc
CMIP6.CMIP.NOAA-GFDL.GFDL-CM4.historical.r1i1p1f1.SImon.siconc.gr.v20180701.siconc_SImon_GFDL-CM4_historical_r1i1p1f1_gr_185001-194912.nc|esgdata.gfdl.noaa.gov,CMIP6.CMIP.NOAA-GFDL.GFDL-CM4.historical.r1i1p1f1.SImon.siconc.gr.v20180701|esgdata.gfdl.noaa.gov,CMIP6,CMIP,NOAA-GFDL,GFDL-CM4,historical,r1i1p1f1,SImon,mon,gr,20180701,1x1 degree,siconc,Sea Ice Area Fraction (Ocean Grid),%,1850-01-01T00:00:00Z,1949-12-01T00:00:00Z,57675018,esgdata.gfdl.noaa.gov,http://esgdata.gfdl.noaa.gov/thredds/fileServer/gfdl_dataroot4/CMIP/NOAA-GFDL/GFDL-CM4/historical/r1i1p1f1/SImon/siconc/gr/v20180701/siconc_SImon_GFDL-CM4_historical_r1i1p1f1_gr_185001-194912.nc,hdl:21.14100/2bc416bc-c3ea-3fc9-ba19-dc61a4d17bb2,hdl:21.14100/ea785264-2137-42eb-aad5-924a1365fca7,2,1850,1859,2014,2005,TRUE,both,CMIP6.CMIP.NOAA-GFDL.GFDL-CM4.historical.r1i1p1f1.SImon.siconc.gr.v20180701,CMIP6.CMIP.NOAA-GFDL.GFDL-CM4.historical.r1i1p1f1.SImon.siconc.gr.v20180701.1850-1859_2005-2014.nc,/perm_storage/home/data/CMIP6_data/GFDL-CM4/historical,/perm_storage/home/data/CMIP6_data/GFDL-CM4/historical/CMIP6.CMIP.NOAA-GFDL.GFDL-CM4.historical.r1i1p1f1.SImon.siconc.gr.v20180701.1850-1859_2005-2014.nc
CMIP6.CMIP.NOAA-GFDL.GFDL-CM4.historical.r1i1p1f1.SImon.siconc.gr.v20180701.siconc_SImon_GFDL-CM4_historical_r1i1p1f1_gr_195001-201412.nc|esgdata.gfdl.noaa.gov,CMIP6.CMIP.NOAA-GFDL.GFDL-CM4.historical.r1i1p1f1.SImon.siconc.gr.v20180701|esgdata.gfdl.noaa.gov,CMIP6,CMIP,NOAA-GFDL,GFDL-CM4,historical,r1i1p1f1,SImon,mon,gr,20180701,1x1 degree,siconc,Sea Ice Area Fraction (Ocean Grid),%,1950-01-01T00:00:00Z,2014-12-01T00:00:00Z,37060085,esgdata.gfdl.noaa.gov,http://esgdata.gfdl.noaa.gov/thredds/fileServer/gfdl_dataroot4/CMIP/NOAA-GFDL/GFDL-CM4/historical/r1i1p1f1/SImon/siconc/gr/v20180701/siconc_SImon_GFDL-CM4_historical_r1i1p1f1_gr_195001-201412.nc,hdl:21.14100/2bc416bc-c3ea-3fc9-ba19-dc61a4d17bb2,hdl:21.14100/60053f23-f9e1-4c2a-be8e-ea6a8866ede7,2,1850,1859,2014,2005,TRUE,both,CMIP6.CMIP.NOAA-GFDL.GFDL-CM4.historical.r1i1p1f1.SImon.siconc.gr.v20180701,CMIP6.CMIP.NOAA-GFDL.GFDL-CM4.historical.r1i1p1f1.SImon.siconc.gr.v20180701.1850-1859_2005-2014.nc,/perm_storage/home/data/CMIP6_data/GFDL-CM4/historical,/perm_storage/home/data/CMIP6_data/GFDL-CM4/historical/CMIP6.CMIP.NOAA-GFDL.GFDL-CM4.historical.r1i1p1f1.SImon.siconc.gr.v20180701.1850-1859_2005-2014.nc
CMIP6.ScenarioMIP.NOAA-GFDL.GFDL-CM4.ssp585.r1i1p1f1.Omon.tos.gr.v20180701.tos_Omon_GFDL-CM4_ssp585_r1i1p1f1_gr_201501-203412.nc|esgdata.gfdl.noaa.gov,CMIP6.ScenarioMIP.NOAA-GFDL.GFDL-CM4.ssp585.r1i1p1f1.Omon.tos.gr.v20180701|esgdata.gfdl.noaa.gov,CMIP6,ScenarioMIP,NOAA-GFDL,GFDL-CM4,ssp585,r1i1p1f1,Omon,mon,gr,20180701,1x1 degree,tos,Sea Surface Temperature,degC,2015-01-01T00:00:00Z,2034-12-01T00:00:00Z,32556464,esgdata.gfdl.noaa.gov,http://esgdata.gfdl.noaa.gov/thredds/fileServer/gfdl_dataroot4/ScenarioMIP/NOAA-GFDL/GFDL-CM4/ssp585/r1i1p1f1/Omon/tos/gr/v20180701/tos_Omon_GFDL-CM4_ssp585_r1i1p1f1_gr_201501-203412.nc,hdl:21.14100/2a39c731-7c26-3c1b-b34f-10777e061d1e,hdl:21.14100/22d8bfdc-67db-4669-84dc-70258040dac8,5,2015,2024,2100,2091,TRUE,dec0,CMIP6.ScenarioMIP.NOAA-GFDL.GFDL-CM4.ssp585.r1i1p1f1.Omon.tos.gr.v20180701,CMIP6.ScenarioMIP.NOAA-GFDL.GFDL-CM4.ssp585.r1i1p1f1.Omon.tos.gr.v20180701.2015-2024.nc,/perm_storage/home/data/CMIP6_data/GFDL-CM4/ssp585,/perm_storage/home/data/CMIP6_data/GFDL-CM4/ssp585/CMIP6.ScenarioMIP.NOAA-GFDL.GFDL-CM4.ssp585.r1i1p1f1.Omon.tos.gr.v20180701.2015-2024.nc
CMIP6.ScenarioMIP.NOAA-GFDL.GFDL-CM4.ssp585.r1i1p1f1.Omon.tos.gr.v20180701.tos_Omon_GFDL-CM4_ssp585_r1i1p1f1_gr_207501-209412.nc|esgdata.gfdl.noaa.gov,CMIP6.ScenarioMIP.NOAA-GFDL.GFDL-CM4.ssp585.r1i1p1f1.Omon.tos.gr.v20180701|esgdata.gfdl.noaa.gov,CMIP6,ScenarioMIP,NOAA-GFDL,GFDL-CM4,ssp585,r1i1p1f1,Omon,mon,gr,20180701,1x1 degree,tos,Sea Surface Temperature,degC,2075-01-01T00:00:00Z,2094-12-01T00:00:00Z,32895931,esgdata.gfdl.noaa.gov,http://esgdata.gfdl.noaa.gov/thredds/fileServer/gfdl_dataroot4/ScenarioMIP/NOAA-GFDL/GFDL-CM4/ssp585/r1i1p1f1/Omon/tos/gr/v20180701/tos_Omon_GFDL-CM4_ssp585_r1i1p1f1_gr_207501-209412.nc,hdl:21.14100/2a39c731-7c26-3c1b-b34f-10777e061d1e,hdl:21.14100/ea49c2bf-0601-4120-9791-d5cee5161603,5,2015,2024,2100,2091,TRUE,decN,CMIP6.ScenarioMIP.NOAA-GFDL.GFDL-CM4.ssp585.r1i1p1f1.Omon.tos.gr.v20180701,CMIP6.ScenarioMIP.NOAA-GFDL.GFDL-CM4.ssp585.r1i1p1f1.Omon.tos.gr.v20180701.2091-2100.nc,/perm_storage/home/data/CMIP6_data/GFDL-CM4/ssp585,/perm_storage/home/data/CMIP6_data/GFDL-CM4/ssp585/CMIP6.ScenarioMIP.NOAA-GFDL.GFDL-CM4.ssp585.r1i1p1f1.Omon.tos.gr.v20180701.2091-2100.nc
CMIP6.ScenarioMIP.NOAA-GFDL.GFDL-CM4.ssp585.r1i1p1f1.Omon.tos.gr.v20180701.tos_Omon_GFDL-CM4_ssp585_r1i1p1f1_gr_209501-210012.nc|esgdata.gfdl.noaa.gov,CMIP6.ScenarioMIP.NOAA-GFDL.GFDL-CM4.ssp585.r1i1p1f1.Omon.tos.gr.v20180701|esgdata.gfdl.noaa.gov,CMIP6,ScenarioMIP,NOAA-GFDL,GFDL-CM4,ssp585,r1i1p1f1,Omon,mon,gr,20180701,1x1 degree,tos,Sea Surface Temperature,degC,2095-01-01T00:00:00Z,2100-12-01T00:00:00Z,9900509,esgdata.gfdl.noaa.gov,http://esgdata.gfdl.noaa.gov/thredds/fileServer/gfdl_dataroot4/ScenarioMIP/NOAA-GFDL/GFDL-CM4/ssp585/r1i1p1f1/Omon/tos/gr/v20180701/tos_Omon_GFDL-CM4_ssp585_r1i1p1f1_gr_209501-210012.nc,hdl:21.14100/2a39c731-7c26-3c1b-b34f-10777e061d1e,hdl:21.14100/37b243b0-65f9-4d31-9ef1-26fab3f9dc87,5,2015,2024,2100,2091,TRUE,decN,CMIP6.ScenarioMIP.NOAA-GFDL.GFDL-CM4.ssp585.r1i1p1f1.Omon.tos.gr.v20180701,CMIP6.ScenarioMIP.NOAA-GFDL.GFDL-CM4.ssp585.r1i1p1f1.Omon.tos.gr.v20180701.2091-2100.nc,/perm_storage/home/data/CMIP6_data/GFDL-CM4/ssp585,/perm_storage/home/data/CMIP6_data/GFDL-CM4/ssp585/CMIP6.ScenarioMIP.NOAA-GFDL.GFDL-CM4.ssp585.r1i1p1f1.Omon.tos.gr.v20180701.2091-2100.nc
CMIP6.ScenarioMIP.NOAA-GFDL.GFDL-CM4.ssp585.r1i1p1f1.SImon.siconc.gr.v20180701.siconc_SImon_GFDL-CM4_ssp585_r1i1p1f1_gr_201501-210012.nc|esgdata.gfdl.noaa.gov,CMIP6.ScenarioMIP.NOAA-GFDL.GFDL-CM4.ssp585.r1i1p1f1.SImon.siconc.gr.v20180701|esgdata.gfdl.noaa.gov,CMIP6,ScenarioMIP,NOAA-GFDL,GFDL-CM4,ssp585,r1i1p1f1,SImon,mon,gr,20180701,1x1 degree,siconc,Sea Ice Area Fraction (Ocean Grid),%,2015-01-01T00:00:00Z,2100-12-01T00:00:00Z,43342897,esgdata.gfdl.noaa.gov,http://esgdata.gfdl.noaa.gov/thredds/fileServer/gfdl_dataroot4/ScenarioMIP/NOAA-GFDL/GFDL-CM4/ssp585/r1i1p1f1/SImon/siconc/gr/v20180701/siconc_SImon_GFDL-CM4_ssp585_r1i1p1f1_gr_201501-210012.nc,hdl:21.14100/7addcb06-f576-3008-b256-0ca733c0027c,hdl:21.14100/6e5f0ab4-6e13-4f4f-93df-586b9b387b09,1,2015,2024,2100,2091,TRUE,both,CMIP6.ScenarioMIP.NOAA-GFDL.GFDL-CM4.ssp585.r1i1p1f1.SImon.siconc.gr.v20180701,CMIP6.ScenarioMIP.NOAA-GFDL.GFDL-CM4.ssp585.r1i1p1f1.SImon.siconc.gr.v20180701.2015-2024_2091-2100.nc,/perm_storage/home/data/CMIP6_data/GFDL-CM4/ssp585,/perm_storage/home/data/CMIP6_data/GFDL-CM4/ssp585/CMIP6.ScenarioMIP.NOAA-GFDL.GFDL-CM4.ssp585.r1i1p1f1.SImon.siconc.gr.v20180701.2015-2024_2091-2100.nc
CMIP6.ScenarioMIP.NOAA-GFDL.GFDL-CM4.ssp245.r1i1p1f1.Omon.intpp.gr.v20180701.intpp_Omon_GFDL-CM4_ssp245_r1i1p1f1_gr_201501-203412.nc|esgdata.gfdl.noaa.gov,CMIP6.ScenarioMIP.NOAA-GFDL.GFDL-CM4.ssp245.r1i1p1f1.Omon.intpp.gr.v20180701|esgdata.gfdl.noaa.gov,CMIP6,ScenarioMIP,NOAA-GFDL,GFDL-CM4,ssp245,r1i1p1f1,Omon,mon,gr,20180701,1x1 degree,intpp,Primary Organic Carbon Production by All Types of Phytoplankton,mol m-2 s-1,2015-01-01T00:00:00Z,2034-12-01T00:00:00Z,34837640,esgdata.gfdl.noaa.gov,http://esgdata.gfdl.noaa.gov/thredds/fileServer/gfdl_dataroot4/ScenarioMIP/NOAA-GFDL/GFDL-CM4/ssp245/r1i1p1f1/Omon/intpp/gr/v20180701/intpp_Omon_GFDL-CM4_ssp245_r1i1p1f1_gr_201501-203412.nc,hdl:21.14100/07d2153a-03ba-3cf9-a3be-afcd54cf9f02,hdl:21.14100/dacdc844-7441-4658-8824-eea1a3d75412,5,2015,2024,2100,2091,TRUE,dec0,CMIP6.ScenarioMIP.NOAA-GFDL.GFDL-CM4.ssp245.r1i1p1f1.Omon.intpp.gr.v20180701,CMIP6.ScenarioMIP.NOAA-GFDL.GFDL-CM4.ssp245.r1i1p1f1.Omon.intpp.gr.v20180701.2015-2024.nc,/perm_storage/home/data/CMIP6_data/GFDL-CM4/ssp245,/perm_storage/home/data/CMIP6_data/GFDL-CM4/ssp245/CMIP6.ScenarioMIP.NOAA-GFDL.GFDL-CM4.ssp245.r1i1p1f1.Omon.intpp.gr.v20180701.2015-2024.nc
CMIP6.ScenarioMIP.NOAA-GFDL.GFDL-CM4.ssp245.r1i1p1f1.Omon.intpp.gr.v20180701.intpp_Omon_GFDL-CM4_ssp245_r1i1p1f1_gr_207501-209412.nc|esgdata.gfdl.noaa.gov,CMIP6.ScenarioMIP.NOAA-GFDL.GFDL-CM4.ssp245.r1i1p1f1.Omon.intpp.gr.v20180701|esgdata.gfdl.noaa.gov,CMIP6,ScenarioMIP,NOAA-GFDL,GFDL-CM4,ssp245,r1i1p1f1,Omon,mon,gr,20180701,1x1 degree,intpp,Primary Organic Carbon Production by All Types of Phytoplankton,mol m-2 s-1,2075-01-01T00:00:00Z,2094-12-01T00:00:00Z,34831209,esgdata.gfdl.noaa.gov,http://esgdata.gfdl.noaa.gov/thredds/fileServer/gfdl_dataroot4/ScenarioMIP/NOAA-GFDL/GFDL-CM4/ssp245/r1i1p1f1/Omon/intpp/gr/v20180701/intpp_Omon_GFDL-CM4_ssp245_r1i1p1f1_gr_207501-209412.nc,hdl:21.14100/07d2153a-03ba-3cf9-a3be-afcd54cf9f02,hdl:21.14100/3e1eafa0-8141-4303-bc01-269c98e5b76c,5,2015,2024,2100,2091,TRUE,decN,CMIP6.ScenarioMIP.NOAA-GFDL.GFDL-CM4.ssp245.r1i1p1f1.Omon.intpp.gr.v20180701,CMIP6.ScenarioMIP.NOAA-GFDL.GFDL-CM4.ssp245.r1i1p1f1.Omon.intpp.gr.v20180701.2091-2100.nc,/perm_storage/home/data/CMIP6_data/GFDL-CM4/ssp245,/perm_storage/home/data/CMIP6_data/GFDL-CM4/ssp245/CMIP6.ScenarioMIP.NOAA-GFDL.GFDL-CM4.ssp245.r1i1p1f1.Omon.intpp.gr.v20180701.2091-2100.nc
CMIP6.ScenarioMIP.NOAA-GFDL.GFDL-CM4.ssp245.r1i1p1f1.Omon.intpp.gr.v20180701.intpp_Omon_GFDL-CM4_ssp245_r1i1p1f1_gr_209501-210012.nc|esgdata.gfdl.noaa.gov,CMIP6.ScenarioMIP.NOAA-GFDL.GFDL-CM4.ssp245.r1i1p1f1.Omon.intpp.gr.v20180701|esgdata.gfdl.noaa.gov,CMIP6,ScenarioMIP,NOAA-GFDL,GFDL-CM4,ssp245,r1i1p1f1,Omon,mon,gr,20180701,1x1 degree,intpp,Primary Organic Carbon Production by All Types of Phytoplankton,mol m-2 s-1,2095-01-01T00:00:00Z,2100-12-01T00:00:00Z,10488416,esgdata.gfdl.noaa.gov,http://esgdata.gfdl.noaa.gov/thredds/fileServer/gfdl_dataroot4/ScenarioMIP/NOAA-GFDL/GFDL-CM4/ssp245/r1i1p1f1/Omon/intpp/gr/v20180701/intpp_Omon_GFDL-CM4_ssp245_r1i1p1f1_gr_209501-210012.nc,hdl:21.14100/07d2153a-03ba-3cf9-a3be-afcd54cf9f02,hdl:21.14100/8647b8e5-0883-45ba-8488-69b52191e6eb,5,2015,2024,2100,2091,TRUE,decN,CMIP6.ScenarioMIP.NOAA-GFDL.GFDL-CM4.ssp245.r1i1p1f1.Omon.intpp.gr.v20180701,CMIP6.ScenarioMIP.NOAA-GFDL.GFDL-CM4.ssp245.r1i1p1f1.Omon.intpp.gr.v20180701.2091-2100.nc,/perm_storage/home/data/CMIP6_data/GFDL-CM4/ssp245,/perm_storage/home/data/CMIP6_data/GFDL-CM4/ssp245/CMIP6.ScenarioMIP.NOAA-GFDL.GFDL-CM4.ssp245.r1i1p1f1.Omon.intpp.gr.v20180701.2091-2100.nc
CMIP6.ScenarioMIP.NOAA-GFDL.GFDL-CM4.ssp245.r1i1p1f1.Omon.tos.gr.v20180701.tos_Omon_GFDL-CM4_ssp245_r1i1p1f1_gr_201501-203412.nc|esgdata.gfdl.noaa.gov,CMIP6.ScenarioMIP.NOAA-GFDL.GFDL-CM4.ssp245.r1i1p1f1.Omon.tos.gr.v20180701|esgdata.gfdl.noaa.gov,CMIP6,ScenarioMIP,NOAA-GFDL,GFDL-CM4,ssp245,r1i1p1f1,Omon,mon,gr,20180701,1x1 degree,tos,Sea Surface Temperature,degC,2015-01-01T00:00:00Z,2034-12-01T00:00:00Z,32556577,esgdata.gfdl.noaa.gov,http://esgdata.gfdl.noaa.gov/thredds/fileServer/gfdl_dataroot4/ScenarioMIP/NOAA-GFDL/GFDL-CM4/ssp245/r1i1p1f1/Omon/tos/gr/v20180701/tos_Omon_GFDL-CM4_ssp245_r1i1p1f1_gr_201501-203412.nc,hdl:21.14100/bf345009-c2d1-3347-9bc0-212a17342a70,hdl:21.14100/bde73a12-bb93-40ad-aaa8-1a6ad398aaaf,5,2015,2024,2100,2091,TRUE,dec0,CMIP6.ScenarioMIP.NOAA-GFDL.GFDL-CM4.ssp245.r1i1p1f1.Omon.tos.gr.v20180701,CMIP6.ScenarioMIP.NOAA-GFDL.GFDL-CM4.ssp245.r1i1p1f1.Omon.tos.gr.v20180701.2015-2024.nc,/perm_storage/home/data/CMIP6_data/GFDL-CM4/ssp245,/perm_storage/home/data/CMIP6_data/GFDL-CM4/ssp245/CMIP6.ScenarioMIP.NOAA-GFDL.GFDL-CM4.ssp245.r1i1p1f1.Omon.tos.gr.v20180701.2015-2024.nc
CMIP6.ScenarioMIP.NOAA-GFDL.GFDL-CM4.ssp245.r1i1p1f1.Omon.tos.gr.v20180701.tos_Omon_GFDL-CM4_ssp245_r1i1p1f1_gr_207501-209412.nc|esgdata.gfdl.noaa.gov,CMIP6.ScenarioMIP.NOAA-GFDL.GFDL-CM4.ssp245.r1i1p1f1.Omon.tos.gr.v20180701|esgdata.gfdl.noaa.gov,CMIP6,ScenarioMIP,NOAA-GFDL,GFDL-CM4,ssp245,r1i1p1f1,Omon,mon,gr,20180701,1x1 degree,tos,Sea Surface Temperature,degC,2075-01-01T00:00:00Z,2094-12-01T00:00:00Z,32745609,esgdata.gfdl.noaa.gov,http://esgdata.gfdl.noaa.gov/thredds/fileServer/gfdl_dataroot4/ScenarioMIP/NOAA-GFDL/GFDL-CM4/ssp245/r1i1p1f1/Omon/tos/gr/v20180701/tos_Omon_GFDL-CM4_ssp245_r1i1p1f1_gr_207501-209412.nc,hdl:21.14100/bf345009-c2d1-3347-9bc0-212a17342a70,hdl:21.14100/4f1a8083-5e86-4e5f-83a6-abd40609b314,5,2015,2024,2100,2091,TRUE,decN,CMIP6.ScenarioMIP.NOAA-GFDL.GFDL-CM4.ssp245.r1i1p1f1.Omon.tos.gr.v20180701,CMIP6.ScenarioMIP.NOAA-GFDL.GFDL-CM4.ssp245.r1i1p1f1.Omon.tos.gr.v20180701.2091-2100.nc,/perm_storage/home/data/CMIP6_data/GFDL-CM4/ssp245,/perm_storage/home/data/CMIP6_data/GFDL-CM4/ssp245/CMIP6.ScenarioMIP.NOAA-GFDL.GFDL-CM4.ssp245.r1i1p1f1.Omon.tos.gr.v20180701.2091-2100.nc
CMIP6.ScenarioMIP.NOAA-GFDL.GFDL-CM4.ssp245.r1i1p1f1.Omon.tos.gr.v20180701.tos_Omon_GFDL-CM4_ssp245_r1i1p1f1_gr_209501-210012.nc|esgdata.gfdl.noaa.gov,CMIP6.ScenarioMIP.NOAA-GFDL.GFDL-CM4.ssp245.r1i1p1f1.Omon.tos.gr.v20180701|esgdata.gfdl.noaa.gov,CMIP6,ScenarioMIP,NOAA-GFDL,GFDL-CM4,ssp245,r1i1p1f1,Omon,mon,gr,20180701,1x1 degree,tos,Sea Surface Temperature,degC,2095-01-01T00:00:00Z,2100-12-01T00:00:00Z,9883911,esgdata.gfdl.noaa.gov,http://esgdata.gfdl.noaa.gov/thredds/fileServer/gfdl_dataroot4/ScenarioMIP/NOAA-GFDL/GFDL-CM4/ssp245/r1i1p1f1/Omon/tos/gr/v20180701/tos_Omon_GFDL-CM4_ssp245_r1i1p1f1_gr_209501-210012.nc,hdl:21.14100/bf345009-c2d1-3347-9bc0-212a17342a70,hdl:21.14100/3f3a3d0c-c3d5-451f-941f-3a6d4b6fbfee,5,2015,2024,2100,2091,TRUE,decN,CMIP6.ScenarioMIP.NOAA-GFDL.GFDL-CM4.ssp245.r1i1p1f1.Omon.tos.gr.v20180701,CMIP6.ScenarioMIP.NOAA-GFDL.GFDL-CM4.ssp245.r1i1p1f1.Omon.tos.gr.v20180701.2091-2100.nc,/perm_storage/home/data/CMIP6_data/GFDL-CM4/ssp245,/perm_storage/home/data/CMIP6_data/GFDL-CM4/ssp245/CMIP6.ScenarioMIP.NOAA-GFDL.GFDL-CM4.ssp245.r1i1p1f1.Omon.tos.gr.v20180701.2091-2100.nc
CMIP6.ScenarioMIP.NOAA-GFDL.GFDL-CM4.ssp245.r1i1p1f1.SImon.siconc.gr.v20180701.siconc_SImon_GFDL-CM4_ssp245_r1i1p1f1_gr_201501-210012.nc|esgdata.gfdl.noaa.gov,CMIP6.ScenarioMIP.NOAA-GFDL.GFDL-CM4.ssp245.r1i1p1f1.SImon.siconc.gr.v20180701|esgdata.gfdl.noaa.gov,CMIP6,ScenarioMIP,NOAA-GFDL,GFDL-CM4,ssp245,r1i1p1f1,SImon,mon,gr,20180701,1x1 degree,siconc,Sea Ice Area Fraction (Ocean Grid),%,2015-01-01T00:00:00Z,2100-12-01T00:00:00Z,45472858,esgdata.gfdl.noaa.gov,http://esgdata.gfdl.noaa.gov/thredds/fileServer/gfdl_dataroot4/ScenarioMIP/NOAA-GFDL/GFDL-CM4/ssp245/r1i1p1f1/SImon/siconc/gr/v20180701/siconc_SImon_GFDL-CM4_ssp245_r1i1p1f1_gr_201501-210012.nc,hdl:21.14100/90f78a5c-3f03-3f77-8cfb-7e02f4132297,hdl:21.14100/293d6570-750a-4a4d-a4b9-b6b2ab11d21f,1,2015,2024,2100,2091,TRUE,both,CMIP6.ScenarioMIP.NOAA-GFDL.GFDL-CM4.ssp245.r1i1p1f1.SImon.siconc.gr.v20180701,CMIP6.ScenarioMIP.NOAA-GFDL.GFDL-CM4.ssp245.r1i1p1f1.SImon.siconc.gr.v20180701.2015-2024_2091-2100.nc,/perm_storage/home/data/CMIP6_data/GFDL-CM4/ssp245,/perm_storage/home/data/CMIP6_data/GFDL-CM4/ssp245/CMIP6.ScenarioMIP.NOAA-GFDL.GFDL-CM4.ssp245.r1i1p1f1.SImon.siconc.gr.v20180701.2015-2024_2091-2100.nc
CMIP6.ScenarioMIP.NOAA-GFDL.GFDL-ESM4.ssp585.r1i1p1f1.SImon.siconc.gr.v20180701.siconc_SImon_GFDL-ESM4_ssp585_r1i1p1f1_gr_201501-210012.nc|esgdata.gfdl.noaa.gov,CMIP6.ScenarioMIP.NOAA-GFDL.GFDL-ESM4.ssp585.r1i1p1f1.SImon.siconc.gr.v20180701|esgdata.gfdl.noaa.gov,CMIP6,ScenarioMIP,NOAA-GFDL,GFDL-ESM4,ssp585,r1i1p1f1,SImon,mon,gr,20180701,1x1 degree,siconc,Sea Ice Area Fraction (Ocean Grid),%,2015-01-01T00:00:00Z,2100-12-01T00:00:00Z,46890666,esgdata.gfdl.noaa.gov,http://esgdata.gfdl.noaa.gov/thredds/fileServer/gfdl_dataroot4/ScenarioMIP/NOAA-GFDL/GFDL-ESM4/ssp585/r1i1p1f1/SImon/siconc/gr/v20180701/siconc_SImon_GFDL-ESM4_ssp585_r1i1p1f1_gr_201501-210012.nc,hdl:21.14100/fed80cdc-07a2-3bff-921a-861fa4bab0dd,hdl:21.14100/0ee67001-69fe-447e-817e-2095a90ca1f4,1,2015,2024,2100,2091,TRUE,both,CMIP6.ScenarioMIP.NOAA-GFDL.GFDL-ESM4.ssp585.r1i1p1f1.SImon.siconc.gr.v20180701,CMIP6.ScenarioMIP.NOAA-GFDL.GFDL-ESM4.ssp585.r1i1p1f1.SImon.siconc.gr.v20180701.2015-2024_2091-2100.nc,/perm_storage/home/data/CMIP6_data/GFDL-ESM4/ssp585,/perm_storage/home/data/CMIP6_data/GFDL-ESM4/ssp585/CMIP6.ScenarioMIP.NOAA-GFDL.GFDL-ESM4.ssp585.r1i1p1f1.SImon.siconc.gr.v20180701.2015-2024_2091-2100.nc
CMIP6.ScenarioMIP.NOAA-GFDL.GFDL-ESM4.ssp245.r1i1p1f1.SImon.siconc.gr.v20180701.siconc_SImon_GFDL-ESM4_ssp245_r1i1p1f1_gr_201501-210012.nc|esgdata.gfdl.noaa.gov,CMIP6.ScenarioMIP.NOAA-GFDL.GFDL-ESM4.ssp245.r1i1p1f1.SImon.siconc.gr.v20180701|esgdata.gfdl.noaa.gov,CMIP6,ScenarioMIP,NOAA-GFDL,GFDL-ESM4,ssp245,r1i1p1f1,SImon,mon,gr,20180701,1x1 degree,siconc,Sea Ice Area Fraction (Ocean Grid),%,2015-01-01T00:00:00Z,2100-12-01T00:00:00Z,48331738,esgdata.gfdl.noaa.gov,http://esgdata.gfdl.noaa.gov/thredds/fileServer/gfdl_dataroot4/ScenarioMIP/NOAA-GFDL/GFDL-ESM4/ssp245/r1i1p1f1/SImon/siconc/gr/v20180701/siconc_SImon_GFDL-ESM4_ssp245_r1i1p1f1_gr_201501-210012.nc,hdl:21.14100/f64fee81-45a7-3cea-beab-f6a7597b5a69,hdl:21.14100/44fd1757-9d9b-4036-8174-3df8eba54939,1,2015,2024,2100,2091,TRUE,both,CMIP6.ScenarioMIP.NOAA-GFDL.GFDL-ESM4.ssp245.r1i1p1f1.SImon.siconc.gr.v20180701,CMIP6.ScenarioMIP.NOAA-GFDL.GFDL-ESM4.ssp245.r1i1p1f1.SImon.siconc.gr.v20180701.2015-2024_2091-2100.nc,/perm_storage/home/data/CMIP6_data/GFDL-ESM4/ssp245,/perm_storage/home/data/CMIP6_data/GFDL-ESM4/ssp245/CMIP6.ScenarioMIP.NOAA-GFDL.GFDL-ESM4.ssp245.r1i1p1f1.SImon.siconc.gr.v20180701.2015-2024_2091-2100.nc
CMIP6.CMIP.NOAA-GFDL.GFDL-ESM4.historical.r1i1p1f1.Omon.intpp.gr.v20190726.intpp_Omon_GFDL-ESM4_historical_r1i1p1f1_gr_185001-186912.nc_0|esgdata.gfdl.noaa.gov,CMIP6.CMIP.NOAA-GFDL.GFDL-ESM4.historical.r1i1p1f1.Omon.intpp.gr.v20190726|esgdata.gfdl.noaa.gov,CMIP6,CMIP,NOAA-GFDL,GFDL-ESM4,historical,r1i1p1f1,Omon,mon,gr,20190726,1x1 degree,intpp,Primary Organic Carbon Production by All Types of Phytoplankton,mol m-2 s-1,1850-01-01T00:00:00Z,1869-12-01T00:00:00Z,35040202,esgdata.gfdl.noaa.gov,http://esgdata.gfdl.noaa.gov/thredds/fileServer/gfdl_dataroot4/CMIP/NOAA-GFDL/GFDL-ESM4/historical/r1i1p1f1/Omon/intpp/gr/v20190726/intpp_Omon_GFDL-ESM4_historical_r1i1p1f1_gr_185001-186912.nc,hdl:21.14100/7a676e87-8384-395b-9a16-d70fe336861e,hdl:21.14100/2a97c80d-9972-4551-bb47-689f01486ef0,9,1850,1859,2014,2005,TRUE,dec0,CMIP6.CMIP.NOAA-GFDL.GFDL-ESM4.historical.r1i1p1f1.Omon.intpp.gr.v20190726,CMIP6.CMIP.NOAA-GFDL.GFDL-ESM4.historical.r1i1p1f1.Omon.intpp.gr.v20190726.1850-1859.nc,/perm_storage/home/data/CMIP6_data/GFDL-ESM4/historical,/perm_storage/home/data/CMIP6_data/GFDL-ESM4/historical/CMIP6.CMIP.NOAA-GFDL.GFDL-ESM4.historical.r1i1p1f1.Omon.intpp.gr.v20190726.1850-1859.nc
CMIP6.CMIP.NOAA-GFDL.GFDL-ESM4.historical.r1i1p1f1.Omon.intpp.gr.v20190726.intpp_Omon_GFDL-ESM4_historical_r1i1p1f1_gr_199001-200912.nc_0|esgdata.gfdl.noaa.gov,CMIP6.CMIP.NOAA-GFDL.GFDL-ESM4.historical.r1i1p1f1.Omon.intpp.gr.v20190726|esgdata.gfdl.noaa.gov,CMIP6,CMIP,NOAA-GFDL,GFDL-ESM4,historical,r1i1p1f1,Omon,mon,gr,20190726,1x1 degree,intpp,Primary Organic Carbon Production by All Types of Phytoplankton,mol m-2 s-1,1990-01-01T00:00:00Z,2009-12-01T00:00:00Z,35026624,esgdata.gfdl.noaa.gov,http://esgdata.gfdl.noaa.gov/thredds/fileServer/gfdl_dataroot4/CMIP/NOAA-GFDL/GFDL-ESM4/historical/r1i1p1f1/Omon/intpp/gr/v20190726/intpp_Omon_GFDL-ESM4_historical_r1i1p1f1_gr_199001-200912.nc,hdl:21.14100/7a676e87-8384-395b-9a16-d70fe336861e,hdl:21.14100/7822e1ad-f33d-42c6-8ab2-a8ed1bca1de6,9,1850,1859,2014,2005,TRUE,decN,CMIP6.CMIP.NOAA-GFDL.GFDL-ESM4.historical.r1i1p1f1.Omon.intpp.gr.v20190726,CMIP6.CMIP.NOAA-GFDL.GFDL-ESM4.historical.r1i1p1f1.Omon.intpp.gr.v20190726.2005-2014.nc,/perm_storage/home/data/CMIP6_data/GFDL-ESM4/historical,/perm_storage/home/data/CMIP6_data/GFDL-ESM4/historical/CMIP6.CMIP.NOAA-GFDL.GFDL-ESM4.historical.r1i1p1f1.Omon.intpp.gr.v20190726.2005-2014.nc
CMIP6.CMIP.NOAA-GFDL.GFDL-ESM4.historical.r1i1p1f1.Omon.intpp.gr.v20190726.intpp_Omon_GFDL-ESM4_historical_r1i1p1f1_gr_201001-201412.nc_0|esgdata.gfdl.noaa.gov,CMIP6.CMIP.NOAA-GFDL.GFDL-ESM4.historical.r1i1p1f1.Omon.intpp.gr.v20190726|esgdata.gfdl.noaa.gov,CMIP6,CMIP,NOAA-GFDL,GFDL-ESM4,historical,r1i1p1f1,Omon,mon,gr,20190726,1x1 degree,intpp,Primary Organic Carbon Production by All Types of Phytoplankton,mol m-2 s-1,2010-01-01T00:00:00Z,2014-12-01T00:00:00Z,8783246,esgdata.gfdl.noaa.gov,http://esgdata.gfdl.noaa.gov/thredds/fileServer/gfdl_dataroot4/CMIP/NOAA-GFDL/GFDL-ESM4/historical/r1i1p1f1/Omon/intpp/gr/v20190726/intpp_Omon_GFDL-ESM4_historical_r1i1p1f1_gr_201001-201412.nc,hdl:21.14100/7a676e87-8384-395b-9a16-d70fe336861e,hdl:21.14100/500d4d10-96a6-4823-995e-cb0648db2219,9,1850,1859,2014,2005,TRUE,decN,CMIP6.CMIP.NOAA-GFDL.GFDL-ESM4.historical.r1i1p1f1.Omon.intpp.gr.v20190726,CMIP6.CMIP.NOAA-GFDL.GFDL-ESM4.historical.r1i1p1f1.Omon.intpp.gr.v20190726.2005-2014.nc,/perm_storage/home/data/CMIP6_data/GFDL-ESM4/historical,/perm_storage/home/data/CMIP6_data/GFDL-ESM4/historical/CMIP6.CMIP.NOAA-GFDL.GFDL-ESM4.historical.r1i1p1f1.Omon.intpp.gr.v20190726.2005-2014.nc
CMIP6.CMIP.NOAA-GFDL.GFDL-ESM4.historical.r1i1p1f1.Omon.tos.gr.v20190726.tos_Omon_GFDL-ESM4_historical_r1i1p1f1_gr_185001-186912.nc|esgdata.gfdl.noaa.gov,CMIP6.CMIP.NOAA-GFDL.GFDL-ESM4.historical.r1i1p1f1.Omon.tos.gr.v20190726|esgdata.gfdl.noaa.gov,CMIP6,CMIP,NOAA-GFDL,GFDL-ESM4,historical,r1i1p1f1,Omon,mon,gr,20190726,1x1 degree,tos,Sea Surface Temperature,degC,1850-01-01T00:00:00Z,1869-12-01T00:00:00Z,31847802,esgdata.gfdl.noaa.gov,http://esgdata.gfdl.noaa.gov/thredds/fileServer/gfdl_dataroot4/CMIP/NOAA-GFDL/GFDL-ESM4/historical/r1i1p1f1/Omon/tos/gr/v20190726/tos_Omon_GFDL-ESM4_historical_r1i1p1f1_gr_185001-186912.nc,hdl:21.14100/42571758-fb4b-3f6b-adcb-dc190674f97a,hdl:21.14100/bfcce781-465e-46e9-8721-257c8a80355b,9,1850,1859,2014,2005,TRUE,dec0,CMIP6.CMIP.NOAA-GFDL.GFDL-ESM4.historical.r1i1p1f1.Omon.tos.gr.v20190726,CMIP6.CMIP.NOAA-GFDL.GFDL-ESM4.historical.r1i1p1f1.Omon.tos.gr.v20190726.1850-1859.nc,/perm_storage/home/data/CMIP6_data/GFDL-ESM4/historical,/perm_storage/home/data/CMIP6_data/GFDL-ESM4/historical/CMIP6.CMIP.NOAA-GFDL.GFDL-ESM4.historical.r1i1p1f1.Omon.tos.gr.v20190726.1850-1859.nc
CMIP6.CMIP.NOAA-GFDL.GFDL-ESM4.historical.r1i1p1f1.Omon.tos.gr.v20190726.tos_Omon_GFDL-ESM4_historical_r1i1p1f1_gr_199001-200912.nc|esgdata.gfdl.noaa.gov,CMIP6.CMIP.NOAA-GFDL.GFDL-ESM4.historical.r1i1p1f1.Omon.tos.gr.v20190726|esgdata.gfdl.noaa.gov,CMIP6,CMIP,NOAA-GFDL,GFDL-ESM4,historical,r1i1p1f1,Omon,mon,gr,20190726,1x1 degree,tos,Sea Surface Temperature,degC,1990-01-01T00:00:00Z,2009-12-01T00:00:00Z,31857614,esgdata.gfdl.noaa.gov,http://esgdata.gfdl.noaa.gov/thredds/fileServer/gfdl_dataroot4/CMIP/NOAA-GFDL/GFDL-ESM4/historical/r1i1p1f1/Omon/tos/gr/v20190726/tos_Omon_GFDL-ESM4_historical_r1i1p1f1_gr_199001-200912.nc,hdl:21.14100/42571758-fb4b-3f6b-adcb-dc190674f97a,hdl:21.14100/1c9e0740-6a15-4466-8369-03f2f07057f5,9,1850,1859,2014,2005,TRUE,decN,CMIP6.CMIP.NOAA-GFDL.GFDL-ESM4.historical.r1i1p1f1.Omon.tos.gr.v20190726,CMIP6.CMIP.NOAA-GFDL.GFDL-ESM4.historical.r1i1p1f1.Omon.tos.gr.v20190726.2005-2014.nc,/perm_storage/home/data/CMIP6_data/GFDL-ESM4/historical,/perm_storage/home/data/CMIP6_data/GFDL-ESM4/historical/CMIP6.CMIP.NOAA-GFDL.GFDL-ESM4.historical.r1i1p1f1.Omon.tos.gr.v20190726.2005-2014.nc
CMIP6.CMIP.NOAA-GFDL.GFDL-ESM4.historical.r1i1p1f1.Omon.tos.gr.v20190726.tos_Omon_GFDL-ESM4_historical_r1i1p1f1_gr_201001-201412.nc|esgdata.gfdl.noaa.gov,CMIP6.CMIP.NOAA-GFDL.GFDL-ESM4.historical.r1i1p1f1.Omon.tos.gr.v20190726|esgdata.gfdl.noaa.gov,CMIP6,CMIP,NOAA-GFDL,GFDL-ESM4,historical,r1i1p1f1,Omon,mon,gr,20190726,1x1 degree,tos,Sea Surface Temperature,degC,2010-01-01T00:00:00Z,2014-12-01T00:00:00Z,7985449,esgdata.gfdl.noaa.gov,http://esgdata.gfdl.noaa.gov/thredds/fileServer/gfdl_dataroot4/CMIP/NOAA-GFDL/GFDL-ESM4/historical/r1i1p1f1/Omon/tos/gr/v20190726/tos_Omon_GFDL-ESM4_historical_r1i1p1f1_gr_201001-201412.nc,hdl:21.14100/42571758-fb4b-3f6b-adcb-dc190674f97a,hdl:21.14100/c1f92e6b-5cdc-46a5-b35a-a1451ba541b6,9,1850,1859,2014,2005,TRUE,decN,CMIP6.CMIP.NOAA-GFDL.GFDL-ESM4.historical.r1i1p1f1.Omon.tos.gr.v20190726,CMIP6.CMIP.NOAA-GFDL.GFDL-ESM4.historical.r1i1p1f1.Omon.tos.gr.v20190726.2005-2014.nc,/perm_storage/home/data/CMIP6_data/GFDL-ESM4/historical,/perm_storage/home/data/CMIP6_data/GFDL-ESM4/historical/CMIP6.CMIP.NOAA-GFDL.GFDL-ESM4.historical.r1i1p1f1.Omon.tos.gr.v20190726.2005-2014.nc
CMIP6.CMIP.NOAA-GFDL.GFDL-ESM4.historical.r1i1p1f1.SImon.siconc.gr.v20190726.siconc_SImon_GFDL-ESM4_historical_r1i1p1f1_gr_185001-194912.nc_0|esgdata.gfdl.noaa.gov,CMIP6.CMIP.NOAA-GFDL.GFDL-ESM4.historical.r1i1p1f1.SImon.siconc.gr.v20190726|esgdata.gfdl.noaa.gov,CMIP6,CMIP,NOAA-GFDL,GFDL-ESM4,historical,r1i1p1f1,SImon,mon,gr,20190726,1x1 degree,siconc,Sea Ice Area Fraction (Ocean Grid),%,1850-01-01T00:00:00Z,1949-12-01T00:00:00Z,58893453,esgdata.gfdl.noaa.gov,http://esgdata.gfdl.noaa.gov/thredds/fileServer/gfdl_dataroot4/CMIP/NOAA-GFDL/GFDL-ESM4/historical/r1i1p1f1/SImon/siconc/gr/v20190726/siconc_SImon_GFDL-ESM4_historical_r1i1p1f1_gr_185001-194912.nc,hdl:21.14100/bf213c7d-6ddd-3f98-87cc-c0b0f291bc1f,hdl:21.14100/e7b2d0e1-9076-4234-93ce-78ee793e649c,2,1850,1859,2014,2005,TRUE,both,CMIP6.CMIP.NOAA-GFDL.GFDL-ESM4.historical.r1i1p1f1.SImon.siconc.gr.v20190726,CMIP6.CMIP.NOAA-GFDL.GFDL-ESM4.historical.r1i1p1f1.SImon.siconc.gr.v20190726.1850-1859_2005-2014.nc,/perm_storage/home/data/CMIP6_data/GFDL-ESM4/historical,/perm_storage/home/data/CMIP6_data/GFDL-ESM4/historical/CMIP6.CMIP.NOAA-GFDL.GFDL-ESM4.historical.r1i1p1f1.SImon.siconc.gr.v20190726.1850-1859_2005-2014.nc
CMIP6.CMIP.NOAA-GFDL.GFDL-ESM4.historical.r1i1p1f1.SImon.siconc.gr.v20190726.siconc_SImon_GFDL-ESM4_historical_r1i1p1f1_gr_195001-201412.nc_0|esgdata.gfdl.noaa.gov,CMIP6.CMIP.NOAA-GFDL.GFDL-ESM4.historical.r1i1p1f1.SImon.siconc.gr.v20190726|esgdata.gfdl.noaa.gov,CMIP6,CMIP,NOAA-GFDL,GFDL-ESM4,historical,r1i1p1f1,SImon,mon,gr,20190726,1x1 degree,siconc,Sea Ice Area Fraction (Ocean Grid),%,1950-01-01T00:00:00Z,2014-12-01T00:00:00Z,38103409,esgdata.gfdl.noaa.gov,http://esgdata.gfdl.noaa.gov/thredds/fileServer/gfdl_dataroot4/CMIP/NOAA-GFDL/GFDL-ESM4/historical/r1i1p1f1/SImon/siconc/gr/v20190726/siconc_SImon_GFDL-ESM4_historical_r1i1p1f1_gr_195001-201412.nc,hdl:21.14100/bf213c7d-6ddd-3f98-87cc-c0b0f291bc1f,hdl:21.14100/1550d0b0-e3c8-4eb7-80b2-748f9534e9c0,2,1850,1859,2014,2005,TRUE,both,CMIP6.CMIP.NOAA-GFDL.GFDL-ESM4.historical.r1i1p1f1.SImon.siconc.gr.v20190726,CMIP6.CMIP.NOAA-GFDL.GFDL-ESM4.historical.r1i1p1f1.SImon.siconc.gr.v20190726.1850-1859_2005-2014.nc,/perm_storage/home/data/CMIP6_data/GFDL-ESM4/historical,/perm_storage/home/data/CMIP6_data/GFDL-ESM4/historical/CMIP6.CMIP.NOAA-GFDL.GFDL-ESM4.historical.r1i1p1f1.SImon.siconc.gr.v20190726.1850-1859_2005-2014.nc
CMIP6.ScenarioMIP.NOAA-GFDL.GFDL-ESM4.ssp585.r1i1p1f1.Omon.intpp.gr.v20180701.intpp_Omon_GFDL-ESM4_ssp585_r1i1p1f1_gr_201501-203412.nc|esgdata.gfdl.noaa.gov,CMIP6.ScenarioMIP.NOAA-GFDL.GFDL-ESM4.ssp585.r1i1p1f1.Omon.intpp.gr.v20180701|esgdata.gfdl.noaa.gov,CMIP6,ScenarioMIP,NOAA-GFDL,GFDL-ESM4,ssp585,r1i1p1f1,Omon,mon,gr,20180701,1x1 degree,intpp,Primary Organic Carbon Production by All Types of Phytoplankton,mol m-2 s-1,2015-01-01T00:00:00Z,2034-12-01T00:00:00Z,35021361,esgdata.gfdl.noaa.gov,http://esgdata.gfdl.noaa.gov/thredds/fileServer/gfdl_dataroot4/ScenarioMIP/NOAA-GFDL/GFDL-ESM4/ssp585/r1i1p1f1/Omon/intpp/gr/v20180701/intpp_Omon_GFDL-ESM4_ssp585_r1i1p1f1_gr_201501-203412.nc,hdl:21.14100/906218e9-6eb8-304b-9c19-32daca9d6bd0,hdl:21.14100/8483341e-d1b9-4732-90af-7b8c7ee2b3f6,5,2015,2024,2100,2091,TRUE,dec0,CMIP6.ScenarioMIP.NOAA-GFDL.GFDL-ESM4.ssp585.r1i1p1f1.Omon.intpp.gr.v20180701,CMIP6.ScenarioMIP.NOAA-GFDL.GFDL-ESM4.ssp585.r1i1p1f1.Omon.intpp.gr.v20180701.2015-2024.nc,/perm_storage/home/data/CMIP6_data/GFDL-ESM4/ssp585,/perm_storage/home/data/CMIP6_data/GFDL-ESM4/ssp585/CMIP6.ScenarioMIP.NOAA-GFDL.GFDL-ESM4.ssp585.r1i1p1f1.Omon.intpp.gr.v20180701.2015-2024.nc
CMIP6.ScenarioMIP.NOAA-GFDL.GFDL-ESM4.ssp585.r1i1p1f1.Omon.intpp.gr.v20180701.intpp_Omon_GFDL-ESM4_ssp585_r1i1p1f1_gr_207501-209412.nc|esgdata.gfdl.noaa.gov,CMIP6.ScenarioMIP.NOAA-GFDL.GFDL-ESM4.ssp585.r1i1p1f1.Omon.intpp.gr.v20180701|esgdata.gfdl.noaa.gov,CMIP6,ScenarioMIP,NOAA-GFDL,GFDL-ESM4,ssp585,r1i1p1f1,Omon,mon,gr,20180701,1x1 degree,intpp,Primary Organic Carbon Production by All Types of Phytoplankton,mol m-2 s-1,2075-01-01T00:00:00Z,2094-12-01T00:00:00Z,34952680,esgdata.gfdl.noaa.gov,http://esgdata.gfdl.noaa.gov/thredds/fileServer/gfdl_dataroot4/ScenarioMIP/NOAA-GFDL/GFDL-ESM4/ssp585/r1i1p1f1/Omon/intpp/gr/v20180701/intpp_Omon_GFDL-ESM4_ssp585_r1i1p1f1_gr_207501-209412.nc,hdl:21.14100/906218e9-6eb8-304b-9c19-32daca9d6bd0,hdl:21.14100/a46ab99b-67e4-478d-af97-e9ad0301a379,5,2015,2024,2100,2091,TRUE,decN,CMIP6.ScenarioMIP.NOAA-GFDL.GFDL-ESM4.ssp585.r1i1p1f1.Omon.intpp.gr.v20180701,CMIP6.ScenarioMIP.NOAA-GFDL.GFDL-ESM4.ssp585.r1i1p1f1.Omon.intpp.gr.v20180701.2091-2100.nc,/perm_storage/home/data/CMIP6_data/GFDL-ESM4/ssp585,/perm_storage/home/data/CMIP6_data/GFDL-ESM4/ssp585/CMIP6.ScenarioMIP.NOAA-GFDL.GFDL-ESM4.ssp585.r1i1p1f1.Omon.intpp.gr.v20180701.2091-2100.nc
CMIP6.ScenarioMIP.NOAA-GFDL.GFDL-ESM4.ssp585.r1i1p1f1.Omon.intpp.gr.v20180701.intpp_Omon_GFDL-ESM4_ssp585_r1i1p1f1_gr_209501-210012.nc|esgdata.gfdl.noaa.gov,CMIP6.ScenarioMIP.NOAA-GFDL.GFDL-ESM4.ssp585.r1i1p1f1.Omon.intpp.gr.v20180701|esgdata.gfdl.noaa.gov,CMIP6,ScenarioMIP,NOAA-GFDL,GFDL-ESM4,ssp585,r1i1p1f1,Omon,mon,gr,20180701,1x1 degree,intpp,Primary Organic Carbon Production by All Types of Phytoplankton,mol m-2 s-1,2095-01-01T00:00:00Z,2100-12-01T00:00:00Z,10523399,esgdata.gfdl.noaa.gov,http://esgdata.gfdl.noaa.gov/thredds/fileServer/gfdl_dataroot4/ScenarioMIP/NOAA-GFDL/GFDL-ESM4/ssp585/r1i1p1f1/Omon/intpp/gr/v20180701/intpp_Omon_GFDL-ESM4_ssp585_r1i1p1f1_gr_209501-210012.nc,hdl:21.14100/906218e9-6eb8-304b-9c19-32daca9d6bd0,hdl:21.14100/26e6d579-ac70-455c-ad55-0cfdb25e702f,5,2015,2024,2100,2091,TRUE,decN,CMIP6.ScenarioMIP.NOAA-GFDL.GFDL-ESM4.ssp585.r1i1p1f1.Omon.intpp.gr.v20180701,CMIP6.ScenarioMIP.NOAA-GFDL.GFDL-ESM4.ssp585.r1i1p1f1.Omon.intpp.gr.v20180701.2091-2100.nc,/perm_storage/home/data/CMIP6_data/GFDL-ESM4/ssp585,/perm_storage/home/data/CMIP6_data/GFDL-ESM4/ssp585/CMIP6.ScenarioMIP.NOAA-GFDL.GFDL-ESM4.ssp585.r1i1p1f1.Omon.intpp.gr.v20180701.2091-2100.nc
CMIP6.ScenarioMIP.NOAA-GFDL.GFDL-ESM4.ssp245.r1i1p1f1.Omon.intpp.gr.v20180701.intpp_Omon_GFDL-ESM4_ssp245_r1i1p1f1_gr_201501-203412.nc|esgdata.gfdl.noaa.gov,CMIP6.ScenarioMIP.NOAA-GFDL.GFDL-ESM4.ssp245.r1i1p1f1.Omon.intpp.gr.v20180701|esgdata.gfdl.noaa.gov,CMIP6,ScenarioMIP,NOAA-GFDL,GFDL-ESM4,ssp245,r1i1p1f1,Omon,mon,gr,20180701,1x1 degree,intpp,Primary Organic Carbon Production by All Types of Phytoplankton,mol m-2 s-1,2015-01-01T00:00:00Z,2034-12-01T00:00:00Z,35021911,esgdata.gfdl.noaa.gov,http://esgdata.gfdl.noaa.gov/thredds/fileServer/gfdl_dataroot4/ScenarioMIP/NOAA-GFDL/GFDL-ESM4/ssp245/r1i1p1f1/Omon/intpp/gr/v20180701/intpp_Omon_GFDL-ESM4_ssp245_r1i1p1f1_gr_201501-203412.nc,hdl:21.14100/eb685c38-ab1f-34cc-b7b5-2e44d75ac6d8,hdl:21.14100/8edd885a-2b33-4593-9036-5d8b9ee357a6,5,2015,2024,2100,2091,TRUE,dec0,CMIP6.ScenarioMIP.NOAA-GFDL.GFDL-ESM4.ssp245.r1i1p1f1.Omon.intpp.gr.v20180701,CMIP6.ScenarioMIP.NOAA-GFDL.GFDL-ESM4.ssp245.r1i1p1f1.Omon.intpp.gr.v20180701.2015-2024.nc,/perm_storage/home/data/CMIP6_data/GFDL-ESM4/ssp245,/perm_storage/home/data/CMIP6_data/GFDL-ESM4/ssp245/CMIP6.ScenarioMIP.NOAA-GFDL.GFDL-ESM4.ssp245.r1i1p1f1.Omon.intpp.gr.v20180701.2015-2024.nc
CMIP6.ScenarioMIP.NOAA-GFDL.GFDL-ESM4.ssp245.r1i1p1f1.Omon.intpp.gr.v20180701.intpp_Omon_GFDL-ESM4_ssp245_r1i1p1f1_gr_207501-209412.nc|esgdata.gfdl.noaa.gov,CMIP6.ScenarioMIP.NOAA-GFDL.GFDL-ESM4.ssp245.r1i1p1f1.Omon.intpp.gr.v20180701|esgdata.gfdl.noaa.gov,CMIP6,ScenarioMIP,NOAA-GFDL,GFDL-ESM4,ssp245,r1i1p1f1,Omon,mon,gr,20180701,1x1 degree,intpp,Primary Organic Carbon Production by All Types of Phytoplankton,mol m-2 s-1,2075-01-01T00:00:00Z,2094-12-01T00:00:00Z,34992511,esgdata.gfdl.noaa.gov,http://esgdata.gfdl.noaa.gov/thredds/fileServer/gfdl_dataroot4/ScenarioMIP/NOAA-GFDL/GFDL-ESM4/ssp245/r1i1p1f1/Omon/intpp/gr/v20180701/intpp_Omon_GFDL-ESM4_ssp245_r1i1p1f1_gr_207501-209412.nc,hdl:21.14100/eb685c38-ab1f-34cc-b7b5-2e44d75ac6d8,hdl:21.14100/099a28e9-9107-4c21-858d-8ea2d2ab8082,5,2015,2024,2100,2091,TRUE,decN,CMIP6.ScenarioMIP.NOAA-GFDL.GFDL-ESM4.ssp245.r1i1p1f1.Omon.intpp.gr.v20180701,CMIP6.ScenarioMIP.NOAA-GFDL.GFDL-ESM4.ssp245.r1i1p1f1.Omon.intpp.gr.v20180701.2091-2100.nc,/perm_storage/home/data/CMIP6_data/GFDL-ESM4/ssp245,/perm_storage/home/data/CMIP6_data/GFDL-ESM4/ssp245/CMIP6.ScenarioMIP.NOAA-GFDL.GFDL-ESM4.ssp245.r1i1p1f1.Omon.intpp.gr.v20180701.2091-2100.nc
CMIP6.ScenarioMIP.NOAA-GFDL.GFDL-ESM4.ssp245.r1i1p1f1.Omon.intpp.gr.v20180701.intpp_Omon_GFDL-ESM4_ssp245_r1i1p1f1_gr_209501-210012.nc|esgdata.gfdl.noaa.gov,CMIP6.ScenarioMIP.NOAA-GFDL.GFDL-ESM4.ssp245.r1i1p1f1.Omon.intpp.gr.v20180701|esgdata.gfdl.noaa.gov,CMIP6,ScenarioMIP,NOAA-GFDL,GFDL-ESM4,ssp245,r1i1p1f1,Omon,mon,gr,20180701,1x1 degree,intpp,Primary Organic Carbon Production by All Types of Phytoplankton,mol m-2 s-1,2095-01-01T00:00:00Z,2100-12-01T00:00:00Z,10531916,esgdata.gfdl.noaa.gov,http://esgdata.gfdl.noaa.gov/thredds/fileServer/gfdl_dataroot4/ScenarioMIP/NOAA-GFDL/GFDL-ESM4/ssp245/r1i1p1f1/Omon/intpp/gr/v20180701/intpp_Omon_GFDL-ESM4_ssp245_r1i1p1f1_gr_209501-210012.nc,hdl:21.14100/eb685c38-ab1f-34cc-b7b5-2e44d75ac6d8,hdl:21.14100/f23949c6-04b5-492f-84f4-cc81ba89d1e8,5,2015,2024,2100,2091,TRUE,decN,CMIP6.ScenarioMIP.NOAA-GFDL.GFDL-ESM4.ssp245.r1i1p1f1.Omon.intpp.gr.v20180701,CMIP6.ScenarioMIP.NOAA-GFDL.GFDL-ESM4.ssp245.r1i1p1f1.Omon.intpp.gr.v20180701.2091-2100.nc,/perm_storage/home/data/CMIP6_data/GFDL-ESM4/ssp245,/perm_storage/home/data/CMIP6_data/GFDL-ESM4/ssp245/CMIP6.ScenarioMIP.NOAA-GFDL.GFDL-ESM4.ssp245.r1i1p1f1.Omon.intpp.gr.v20180701.2091-2100.nc
CMIP6.ScenarioMIP.NOAA-GFDL.GFDL-ESM4.ssp585.r1i1p1f1.Omon.tos.gr.v20180701.tos_Omon_GFDL-ESM4_ssp585_r1i1p1f1_gr_201501-203412.nc|esgdata.gfdl.noaa.gov,CMIP6.ScenarioMIP.NOAA-GFDL.GFDL-ESM4.ssp585.r1i1p1f1.Omon.tos.gr.v20180701|esgdata.gfdl.noaa.gov,CMIP6,ScenarioMIP,NOAA-GFDL,GFDL-ESM4,ssp585,r1i1p1f1,Omon,mon,gr,20180701,1x1 degree,tos,Sea Surface Temperature,degC,2015-01-01T00:00:00Z,2034-12-01T00:00:00Z,31859521,esgdata.gfdl.noaa.gov,http://esgdata.gfdl.noaa.gov/thredds/fileServer/gfdl_dataroot4/ScenarioMIP/NOAA-GFDL/GFDL-ESM4/ssp585/r1i1p1f1/Omon/tos/gr/v20180701/tos_Omon_GFDL-ESM4_ssp585_r1i1p1f1_gr_201501-203412.nc,hdl:21.14100/6fb0d388-e9a9-3eb7-8b67-2bae1829e5d5,hdl:21.14100/0f390141-d72b-4c74-8d93-f7c04a2b7c22,5,2015,2024,2100,2091,TRUE,dec0,CMIP6.ScenarioMIP.NOAA-GFDL.GFDL-ESM4.ssp585.r1i1p1f1.Omon.tos.gr.v20180701,CMIP6.ScenarioMIP.NOAA-GFDL.GFDL-ESM4.ssp585.r1i1p1f1.Omon.tos.gr.v20180701.2015-2024.nc,/perm_storage/home/data/CMIP6_data/GFDL-ESM4/ssp585,/perm_storage/home/data/CMIP6_data/GFDL-ESM4/ssp585/CMIP6.ScenarioMIP.NOAA-GFDL.GFDL-ESM4.ssp585.r1i1p1f1.Omon.tos.gr.v20180701.2015-2024.nc
CMIP6.ScenarioMIP.NOAA-GFDL.GFDL-ESM4.ssp585.r1i1p1f1.Omon.tos.gr.v20180701.tos_Omon_GFDL-ESM4_ssp585_r1i1p1f1_gr_207501-209412.nc|esgdata.gfdl.noaa.gov,CMIP6.ScenarioMIP.NOAA-GFDL.GFDL-ESM4.ssp585.r1i1p1f1.Omon.tos.gr.v20180701|esgdata.gfdl.noaa.gov,CMIP6,ScenarioMIP,NOAA-GFDL,GFDL-ESM4,ssp585,r1i1p1f1,Omon,mon,gr,20180701,1x1 degree,tos,Sea Surface Temperature,degC,2075-01-01T00:00:00Z,2094-12-01T00:00:00Z,32046627,esgdata.gfdl.noaa.gov,http://esgdata.gfdl.noaa.gov/thredds/fileServer/gfdl_dataroot4/ScenarioMIP/NOAA-GFDL/GFDL-ESM4/ssp585/r1i1p1f1/Omon/tos/gr/v20180701/tos_Omon_GFDL-ESM4_ssp585_r1i1p1f1_gr_207501-209412.nc,hdl:21.14100/6fb0d388-e9a9-3eb7-8b67-2bae1829e5d5,hdl:21.14100/e94379ab-bbeb-4c0c-bb2c-518654e9dbbf,5,2015,2024,2100,2091,TRUE,decN,CMIP6.ScenarioMIP.NOAA-GFDL.GFDL-ESM4.ssp585.r1i1p1f1.Omon.tos.gr.v20180701,CMIP6.ScenarioMIP.NOAA-GFDL.GFDL-ESM4.ssp585.r1i1p1f1.Omon.tos.gr.v20180701.2091-2100.nc,/perm_storage/home/data/CMIP6_data/GFDL-ESM4/ssp585,/perm_storage/home/data/CMIP6_data/GFDL-ESM4/ssp585/CMIP6.ScenarioMIP.NOAA-GFDL.GFDL-ESM4.ssp585.r1i1p1f1.Omon.tos.gr.v20180701.2091-2100.nc
CMIP6.ScenarioMIP.NOAA-GFDL.GFDL-ESM4.ssp585.r1i1p1f1.Omon.tos.gr.v20180701.tos_Omon_GFDL-ESM4_ssp585_r1i1p1f1_gr_209501-210012.nc|esgdata.gfdl.noaa.gov,CMIP6.ScenarioMIP.NOAA-GFDL.GFDL-ESM4.ssp585.r1i1p1f1.Omon.tos.gr.v20180701|esgdata.gfdl.noaa.gov,CMIP6,ScenarioMIP,NOAA-GFDL,GFDL-ESM4,ssp585,r1i1p1f1,Omon,mon,gr,20180701,1x1 degree,tos,Sea Surface Temperature,degC,2095-01-01T00:00:00Z,2100-12-01T00:00:00Z,9656182,esgdata.gfdl.noaa.gov,http://esgdata.gfdl.noaa.gov/thredds/fileServer/gfdl_dataroot4/ScenarioMIP/NOAA-GFDL/GFDL-ESM4/ssp585/r1i1p1f1/Omon/tos/gr/v20180701/tos_Omon_GFDL-ESM4_ssp585_r1i1p1f1_gr_209501-210012.nc,hdl:21.14100/6fb0d388-e9a9-3eb7-8b67-2bae1829e5d5,hdl:21.14100/745c8e5c-0f1e-460b-aa0a-14930347be78,5,2015,2024,2100,2091,TRUE,decN,CMIP6.ScenarioMIP.NOAA-GFDL.GFDL-ESM4.ssp585.r1i1p1f1.Omon.tos.gr.v20180701,CMIP6.ScenarioMIP.NOAA-GFDL.GFDL-ESM4.ssp585.r1i1p1f1.Omon.tos.gr.v20180701.2091-2100.nc,/perm_storage/home/data/CMIP6_data/GFDL-ESM4/ssp585,/perm_storage/home/data/CMIP6_data/GFDL-ESM4/ssp585/CMIP6.ScenarioMIP.NOAA-GFDL.GFDL-ESM4.ssp585.r1i1p1f1.Omon.tos.gr.v20180701.2091-2100.nc
CMIP6.ScenarioMIP.NOAA-GFDL.GFDL-ESM4.ssp245.r1i1p1f1.Omon.tos.gr.v20180701.tos_Omon_GFDL-ESM4_ssp245_r1i1p1f1_gr_201501-203412.nc|esgdata.gfdl.noaa.gov,CMIP6.ScenarioMIP.NOAA-GFDL.GFDL-ESM4.ssp245.r1i1p1f1.Omon.tos.gr.v20180701|esgdata.gfdl.noaa.gov,CMIP6,ScenarioMIP,NOAA-GFDL,GFDL-ESM4,ssp245,r1i1p1f1,Omon,mon,gr,20180701,1x1 degree,tos,Sea Surface Temperature,degC,2015-01-01T00:00:00Z,2034-12-01T00:00:00Z,31879045,esgdata.gfdl.noaa.gov,http://esgdata.gfdl.noaa.gov/thredds/fileServer/gfdl_dataroot4/ScenarioMIP/NOAA-GFDL/GFDL-ESM4/ssp245/r1i1p1f1/Omon/tos/gr/v20180701/tos_Omon_GFDL-ESM4_ssp245_r1i1p1f1_gr_201501-203412.nc,hdl:21.14100/47808fb6-80f9-3e05-bef4-194a6ce1fa11,hdl:21.14100/a6d24da2-7c05-42fd-b5a7-df25a7af65c2,5,2015,2024,2100,2091,TRUE,dec0,CMIP6.ScenarioMIP.NOAA-GFDL.GFDL-ESM4.ssp245.r1i1p1f1.Omon.tos.gr.v20180701,CMIP6.ScenarioMIP.NOAA-GFDL.GFDL-ESM4.ssp245.r1i1p1f1.Omon.tos.gr.v20180701.2015-2024.nc,/perm_storage/home/data/CMIP6_data/GFDL-ESM4/ssp245,/perm_storage/home/data/CMIP6_data/GFDL-ESM4/ssp245/CMIP6.ScenarioMIP.NOAA-GFDL.GFDL-ESM4.ssp245.r1i1p1f1.Omon.tos.gr.v20180701.2015-2024.nc
CMIP6.ScenarioMIP.NOAA-GFDL.GFDL-ESM4.ssp245.r1i1p1f1.Omon.tos.gr.v20180701.tos_Omon_GFDL-ESM4_ssp245_r1i1p1f1_gr_207501-209412.nc|esgdata.gfdl.noaa.gov,CMIP6.ScenarioMIP.NOAA-GFDL.GFDL-ESM4.ssp245.r1i1p1f1.Omon.tos.gr.v20180701|esgdata.gfdl.noaa.gov,CMIP6,ScenarioMIP,NOAA-GFDL,GFDL-ESM4,ssp245,r1i1p1f1,Omon,mon,gr,20180701,1x1 degree,tos,Sea Surface Temperature,degC,2075-01-01T00:00:00Z,2094-12-01T00:00:00Z,31902401,esgdata.gfdl.noaa.gov,http://esgdata.gfdl.noaa.gov/thredds/fileServer/gfdl_dataroot4/ScenarioMIP/NOAA-GFDL/GFDL-ESM4/ssp245/r1i1p1f1/Omon/tos/gr/v20180701/tos_Omon_GFDL-ESM4_ssp245_r1i1p1f1_gr_207501-209412.nc,hdl:21.14100/47808fb6-80f9-3e05-bef4-194a6ce1fa11,hdl:21.14100/09e00568-e5e7-48f1-9930-ba1a44d90f09,5,2015,2024,2100,2091,TRUE,decN,CMIP6.ScenarioMIP.NOAA-GFDL.GFDL-ESM4.ssp245.r1i1p1f1.Omon.tos.gr.v20180701,CMIP6.ScenarioMIP.NOAA-GFDL.GFDL-ESM4.ssp245.r1i1p1f1.Omon.tos.gr.v20180701.2091-2100.nc,/perm_storage/home/data/CMIP6_data/GFDL-ESM4/ssp245,/perm_storage/home/data/CMIP6_data/GFDL-ESM4/ssp245/CMIP6.ScenarioMIP.NOAA-GFDL.GFDL-ESM4.ssp245.r1i1p1f1.Omon.tos.gr.v20180701.2091-2100.nc
CMIP6.ScenarioMIP.NOAA-GFDL.GFDL-ESM4.ssp245.r1i1p1f1.Omon.tos.gr.v20180701.tos_Omon_GFDL-ESM4_ssp245_r1i1p1f1_gr_209501-210012.nc|esgdata.gfdl.noaa.gov,CMIP6.ScenarioMIP.NOAA-GFDL.GFDL-ESM4.ssp245.r1i1p1f1.Omon.tos.gr.v20180701|esgdata.gfdl.noaa.gov,CMIP6,ScenarioMIP,NOAA-GFDL,GFDL-ESM4,ssp245,r1i1p1f1,Omon,mon,gr,20180701,1x1 degree,tos,Sea Surface Temperature,degC,2095-01-01T00:00:00Z,2100-12-01T00:00:00Z,9601881,esgdata.gfdl.noaa.gov,http://esgdata.gfdl.noaa.gov/thredds/fileServer/gfdl_dataroot4/ScenarioMIP/NOAA-GFDL/GFDL-ESM4/ssp245/r1i1p1f1/Omon/tos/gr/v20180701/tos_Omon_GFDL-ESM4_ssp245_r1i1p1f1_gr_209501-210012.nc,hdl:21.14100/47808fb6-80f9-3e05-bef4-194a6ce1fa11,hdl:21.14100/b18525b6-b5f2-4865-bec4-333f301a31c6,5,2015,2024,2100,2091,TRUE,decN,CMIP6.ScenarioMIP.NOAA-GFDL.GFDL-ESM4.ssp245.r1i1p1f1.Omon.tos.gr.v20180701,CMIP6.ScenarioMIP.NOAA-GFDL.GFDL-ESM4.ssp245.r1i1p1f1.Omon.tos.gr.v20180701.2091-2100.nc,/perm_storage/home/data/CMIP6_data/GFDL-ESM4/ssp245,/perm_storage/home/data/CMIP6_data/GFDL-ESM4/ssp245/CMIP6.ScenarioMIP.NOAA-GFDL.GFDL-ESM4.ssp245.r1i1p1f1.Omon.tos.gr.v20180701.2091-2100.nc
